# Blender 5.1.2
# www.blender.org
mtllib apoloto.mtl
o Cube
v -0.990979 -0.722151 0.652558 1.0000 1.0000 1.0000
v -0.996169 0.654057 0.660886 1.0000 1.0000 1.0000
v 0.799094 -0.267903 0.752317 1.0000 1.0000 1.0000
v 0.801353 0.266657 0.752049 1.0000 1.0000 1.0000
v 0.662208 -0.724842 0.639618 1.0000 1.0000 1.0000
v 0.718917 0.628588 0.634560 1.0000 1.0000 1.0000
v -1.105638 0.275406 0.782098 1.0000 1.0000 1.0000
v -1.105638 -0.271539 0.785579 1.0000 1.0000 1.0000
v -1.142855 -0.787667 0.000000 1.0000 1.0000 1.0000
v -1.131392 0.817109 -0.000000 1.0000 1.0000 1.0000
v 0.817736 -0.775498 0.000000 1.0000 1.0000 1.0000
v 0.830273 0.774997 0.000000 1.0000 1.0000 1.0000
v 0.974444 0.307778 -0.000000 1.0000 1.0000 1.0000
v 0.974444 -0.307778 -0.000000 1.0000 1.0000 1.0000
v -1.344927 0.471168 -0.000000 1.0000 1.0000 1.0000
v -1.446076 -0.433946 -0.000000 1.0000 1.0000 1.0000
v -0.599539 -0.759045 0.816510 1.0000 1.0000 1.0000
v 0.206701 -0.764108 0.828911 1.0000 1.0000 1.0000
v 0.133534 0.810156 0.786353 1.0000 1.0000 1.0000
v -0.576273 0.758275 0.760383 1.0000 1.0000 1.0000
v -0.601848 0.974056 0.000000 1.0000 1.0000 1.0000
v 0.177189 0.986777 -0.000000 1.0000 1.0000 1.0000
v 0.255603 -0.988531 0.000000 1.0000 1.0000 1.0000
v -0.659597 -0.975239 -0.000000 1.0000 1.0000 1.0000
v 0.196043 -0.309459 0.960326 1.0000 1.0000 1.0000
v -0.585214 -0.304518 0.945756 1.0000 1.0000 1.0000
v 0.184279 0.298806 0.960480 1.0000 1.0000 1.0000
v -0.588587 0.297889 0.947166 1.0000 1.0000 1.0000
v -1.140158 -0.758735 0.348449 1.0000 1.0000 1.0000
v 0.811775 0.748858 0.322258 1.0000 1.0000 1.0000
v -1.105953 0.772942 0.348976 1.0000 1.0000 1.0000
v 0.809626 -0.748694 0.327302 1.0000 1.0000 1.0000
v -1.316012 -0.280124 0.473119 1.0000 1.0000 1.0000
v -1.300995 0.345950 0.442784 1.0000 1.0000 1.0000
v 0.948444 -0.298815 0.369091 1.0000 1.0000 1.0000
v 0.948444 0.298815 0.369091 1.0000 1.0000 1.0000
v 0.158430 0.999420 0.333334 1.0000 1.0000 1.0000
v -0.604285 0.946741 0.358845 1.0000 1.0000 1.0000
v -0.602811 -1.028923 0.327200 1.0000 1.0000 1.0000
v 0.207757 -1.024096 0.352783 1.0000 1.0000 1.0000
v 0.479945 -0.698750 0.777615 1.0000 1.0000 1.0000
v 0.585465 0.927380 0.000000 1.0000 1.0000 1.0000
v 0.531535 0.766725 0.734840 1.0000 1.0000 1.0000
v 0.541159 -0.928870 0.000000 1.0000 1.0000 1.0000
v 0.554774 -0.282725 0.900046 1.0000 1.0000 1.0000
v 0.560260 0.276815 0.898645 1.0000 1.0000 1.0000
v 0.597762 0.958122 0.324764 1.0000 1.0000 1.0000
v 0.472247 -1.001730 0.297884 1.0000 1.0000 1.0000
v 0.479789 1.181579 0.757821 1.0000 1.0000 1.0000
v 0.388456 1.247691 0.788750 1.0000 1.0000 1.0000
v 0.411490 1.307407 0.609643 1.0000 1.0000 1.0000
v 0.512488 1.246915 0.576948 1.0000 1.0000 1.0000
v 0.460711 -0.878441 0.692907 1.0000 1.0000 1.0000
v 0.188810 -0.943993 0.656213 1.0000 1.0000 1.0000
v 0.641095 -0.937010 0.385093 1.0000 1.0000 1.0000
v 0.440394 -1.269286 0.427431 1.0000 1.0000 1.0000
v 0.278613 -1.244196 0.446660 1.0000 1.0000 1.0000
v 0.564221 -1.211962 0.458090 1.0000 1.0000 1.0000
v 0.454919 -1.227585 0.637537 1.0000 1.0000 1.0000
v 0.274974 -1.211605 0.608878 1.0000 1.0000 1.0000
v 0.560811 -1.187668 0.599733 1.0000 1.0000 1.0000
v 0.594296 -0.994727 0.627129 1.0000 1.0000 1.0000
v -0.918615 -1.002017 0.357071 1.0000 1.0000 1.0000
v -0.613624 -0.966825 0.665581 1.0000 1.0000 1.0000
v -0.887865 -0.989872 0.648724 1.0000 1.0000 1.0000
v -0.679081 -1.254827 0.385251 1.0000 1.0000 1.0000
v -0.857071 -1.246039 0.384185 1.0000 1.0000 1.0000
v -0.683964 -1.241148 0.638641 1.0000 1.0000 1.0000
v -0.850225 -1.246337 0.629793 1.0000 1.0000 1.0000
v -0.650667 -1.283549 0.519459 1.0000 1.0000 1.0000
v -0.886710 -1.280907 0.509433 1.0000 1.0000 1.0000
v -0.569499 -1.069090 0.507228 1.0000 1.0000 1.0000
v -0.956983 -1.001556 0.519058 1.0000 1.0000 1.0000
v -0.192596 -0.985203 0.342439 1.0000 1.0000 1.0000
v -0.175593 -1.000000 0.000000 1.0000 1.0000 1.0000
v -0.181535 -0.827067 0.809116 1.0000 1.0000 1.0000
v -0.198260 -0.912227 0.641026 1.0000 1.0000 1.0000
v 0.310149 1.156952 0.530818 1.0000 1.0000 1.0000
v 0.289237 1.087008 0.746031 1.0000 1.0000 1.0000
v -1.471146 0.199496 0.000000 1.0000 1.0000 1.0000
v -1.487715 -0.230857 0.242142 1.0000 1.0000 1.0000
v -1.513795 0.062455 0.231102 1.0000 1.0000 1.0000
v -1.593874 0.198123 0.000000 1.0000 1.0000 1.0000
v -1.703137 -0.180799 0.000000 1.0000 1.0000 1.0000
v -1.675973 -0.076642 0.167768 1.0000 1.0000 1.0000
v -1.633517 0.105672 0.175733 1.0000 1.0000 1.0000
v -1.723637 0.393439 0.000000 1.0000 1.0000 1.0000
v -1.897169 0.156512 0.000000 1.0000 1.0000 1.0000
v -1.849730 0.202996 0.151881 1.0000 1.0000 1.0000
v -1.761405 0.334386 0.154413 1.0000 1.0000 1.0000
v -1.881660 0.640886 -0.000000 1.0000 1.0000 1.0000
v -2.020821 0.586634 0.000000 1.0000 1.0000 1.0000
v -1.964617 0.520287 0.134395 1.0000 1.0000 1.0000
v -1.876131 0.568534 0.136083 1.0000 1.0000 1.0000
v -0.990980 -0.722151 -0.652558 1.0000 1.0000 1.0000
v -0.996169 0.654057 -0.660886 1.0000 1.0000 1.0000
v 0.799094 -0.267903 -0.752317 1.0000 1.0000 1.0000
v 0.801353 0.266657 -0.752049 1.0000 1.0000 1.0000
v 0.662208 -0.724842 -0.639618 1.0000 1.0000 1.0000
v 0.718917 0.628588 -0.634560 1.0000 1.0000 1.0000
v -1.105638 0.275406 -0.782098 1.0000 1.0000 1.0000
v -1.105639 -0.271539 -0.785579 1.0000 1.0000 1.0000
v -0.599539 -0.759045 -0.816510 1.0000 1.0000 1.0000
v 0.206701 -0.764108 -0.828911 1.0000 1.0000 1.0000
v 0.133534 0.810156 -0.786353 1.0000 1.0000 1.0000
v -0.576273 0.758275 -0.760383 1.0000 1.0000 1.0000
v 0.196043 -0.309459 -0.960326 1.0000 1.0000 1.0000
v -0.585214 -0.304518 -0.945756 1.0000 1.0000 1.0000
v 0.184279 0.298806 -0.960480 1.0000 1.0000 1.0000
v -0.588587 0.297889 -0.947166 1.0000 1.0000 1.0000
v -1.140158 -0.758735 -0.348449 1.0000 1.0000 1.0000
v 0.811775 0.748858 -0.322258 1.0000 1.0000 1.0000
v -1.105953 0.772942 -0.348977 1.0000 1.0000 1.0000
v 0.809626 -0.748695 -0.327302 1.0000 1.0000 1.0000
v -1.316012 -0.280124 -0.473119 1.0000 1.0000 1.0000
v -1.300995 0.345950 -0.442784 1.0000 1.0000 1.0000
v 0.948444 -0.298815 -0.369091 1.0000 1.0000 1.0000
v 0.948444 0.298815 -0.369091 1.0000 1.0000 1.0000
v 0.158430 0.999420 -0.333334 1.0000 1.0000 1.0000
v -0.604285 0.946741 -0.358845 1.0000 1.0000 1.0000
v -0.602811 -1.028923 -0.327200 1.0000 1.0000 1.0000
v 0.207757 -1.024096 -0.352783 1.0000 1.0000 1.0000
v 0.479945 -0.698750 -0.777615 1.0000 1.0000 1.0000
v 0.531535 0.766725 -0.734840 1.0000 1.0000 1.0000
v 0.554774 -0.282725 -0.900046 1.0000 1.0000 1.0000
v 0.560260 0.276815 -0.898645 1.0000 1.0000 1.0000
v 0.597762 0.958122 -0.324764 1.0000 1.0000 1.0000
v 0.472247 -1.001731 -0.297884 1.0000 1.0000 1.0000
v 0.479789 1.181579 -0.757821 1.0000 1.0000 1.0000
v 0.388456 1.247691 -0.788750 1.0000 1.0000 1.0000
v 0.411490 1.307407 -0.609643 1.0000 1.0000 1.0000
v 0.512488 1.246915 -0.576947 1.0000 1.0000 1.0000
v 0.460711 -0.878441 -0.692907 1.0000 1.0000 1.0000
v 0.188810 -0.943993 -0.656213 1.0000 1.0000 1.0000
v 0.641095 -0.937010 -0.385093 1.0000 1.0000 1.0000
v 0.440394 -1.269286 -0.427431 1.0000 1.0000 1.0000
v 0.278613 -1.244196 -0.446660 1.0000 1.0000 1.0000
v 0.564221 -1.211962 -0.458090 1.0000 1.0000 1.0000
v 0.454919 -1.227585 -0.637537 1.0000 1.0000 1.0000
v 0.274974 -1.211605 -0.608878 1.0000 1.0000 1.0000
v 0.560811 -1.187668 -0.599733 1.0000 1.0000 1.0000
v 0.594296 -0.994727 -0.627129 1.0000 1.0000 1.0000
v -0.918615 -1.002017 -0.357071 1.0000 1.0000 1.0000
v -0.613624 -0.966825 -0.665581 1.0000 1.0000 1.0000
v -0.887865 -0.989872 -0.648724 1.0000 1.0000 1.0000
v -0.679081 -1.254827 -0.385251 1.0000 1.0000 1.0000
v -0.857071 -1.246039 -0.384185 1.0000 1.0000 1.0000
v -0.683964 -1.241148 -0.638641 1.0000 1.0000 1.0000
v -0.850225 -1.246337 -0.629793 1.0000 1.0000 1.0000
v -0.650668 -1.283549 -0.519459 1.0000 1.0000 1.0000
v -0.886710 -1.280907 -0.509433 1.0000 1.0000 1.0000
v -0.569499 -1.069090 -0.507228 1.0000 1.0000 1.0000
v -0.956983 -1.001556 -0.519058 1.0000 1.0000 1.0000
v -0.192596 -0.985203 -0.342439 1.0000 1.0000 1.0000
v -0.181535 -0.827067 -0.809116 1.0000 1.0000 1.0000
v -0.198260 -0.912227 -0.641026 1.0000 1.0000 1.0000
v 0.310149 1.156952 -0.530818 1.0000 1.0000 1.0000
v 0.289237 1.087008 -0.746031 1.0000 1.0000 1.0000
v -1.487716 -0.230857 -0.242142 1.0000 1.0000 1.0000
v -1.513795 0.062455 -0.231102 1.0000 1.0000 1.0000
v -1.675973 -0.076642 -0.167768 1.0000 1.0000 1.0000
v -1.633517 0.105672 -0.175733 1.0000 1.0000 1.0000
v -1.849730 0.202996 -0.151881 1.0000 1.0000 1.0000
v -1.761405 0.334386 -0.154413 1.0000 1.0000 1.0000
v -1.964617 0.520287 -0.134395 1.0000 1.0000 1.0000
v -1.876131 0.568534 -0.136083 1.0000 1.0000 1.0000
v -1.124200 -0.742158 0.428589 1.0000 1.0000 1.0000
v -1.095967 -0.724814 0.507067 1.0000 1.0000 1.0000
v -1.054545 -0.713705 0.581532 1.0000 1.0000 1.0000
v -1.083147 0.398508 0.755709 1.0000 1.0000 1.0000
v -1.054300 0.506813 0.723013 1.0000 1.0000 1.0000
v -1.022491 0.595849 0.688350 1.0000 1.0000 1.0000
v -1.643461 -0.243663 0.000000 1.0000 1.0000 1.0000
v -1.579187 -0.304128 0.000000 1.0000 1.0000 1.0000
v -1.512622 -0.366215 -0.000000 1.0000 1.0000 1.0000
v -1.205479 0.750827 -0.000000 1.0000 1.0000 1.0000
v -1.262474 0.672031 0.000000 1.0000 1.0000 1.0000
v -1.307311 0.579288 -0.000000 1.0000 1.0000 1.0000
v 0.988819 0.156285 0.000000 1.0000 1.0000 1.0000
v 0.993611 -0.000000 0.000000 1.0000 1.0000 1.0000
v 0.988820 -0.156285 -0.000000 1.0000 1.0000 1.0000
v 0.877684 0.687698 0.000000 1.0000 1.0000 1.0000
v 0.918089 0.577847 0.000000 1.0000 1.0000 1.0000
v 0.950629 0.449765 0.000000 1.0000 1.0000 1.0000
v 0.814654 0.136007 0.766232 1.0000 1.0000 1.0000
v 0.818852 -0.000156 0.770987 1.0000 1.0000 1.0000
v 0.813736 -0.136552 0.766340 1.0000 1.0000 1.0000
v 0.733552 0.575109 0.663840 1.0000 1.0000 1.0000
v 0.755670 0.491092 0.698377 1.0000 1.0000 1.0000
v 0.780084 0.386614 0.728798 1.0000 1.0000 1.0000
v 0.789590 0.724962 0.413734 1.0000 1.0000 1.0000
v 0.762672 0.693724 0.503285 1.0000 1.0000 1.0000
v 0.736941 0.658320 0.581814 1.0000 1.0000 1.0000
v 0.775176 -0.389848 0.729569 1.0000 1.0000 1.0000
v 0.744077 -0.501702 0.701264 1.0000 1.0000 1.0000
v 0.707893 -0.605471 0.670985 1.0000 1.0000 1.0000
v 0.530447 -0.681656 0.759782 1.0000 1.0000 1.0000
v 0.578476 -0.672384 0.736502 1.0000 1.0000 1.0000
v 0.622149 -0.679725 0.702267 1.0000 1.0000 1.0000
v -0.722206 0.738063 0.739975 1.0000 1.0000 1.0000
v -0.842767 0.710560 0.712966 1.0000 1.0000 1.0000
v -0.936840 0.679655 0.683860 1.0000 1.0000 1.0000
v -1.119416 -0.137293 0.801021 1.0000 1.0000 1.0000
v -1.124009 0.002224 0.805371 1.0000 1.0000 1.0000
v -1.119416 0.141595 0.798955 1.0000 1.0000 1.0000
v -1.120394 0.793196 0.259049 1.0000 1.0000 1.0000
v -1.127976 0.806895 0.171421 1.0000 1.0000 1.0000
v -1.130906 0.814659 0.085327 1.0000 1.0000 1.0000
v 0.814758 -0.763643 0.248285 1.0000 1.0000 1.0000
v 0.815463 -0.771977 0.168586 1.0000 1.0000 1.0000
v 0.816765 -0.775086 0.085413 1.0000 1.0000 1.0000
v -1.023423 -0.616105 0.689904 1.0000 1.0000 1.0000
v -1.054752 -0.510559 0.726214 1.0000 1.0000 1.0000
v -1.083203 -0.396100 0.759481 1.0000 1.0000 1.0000
v 0.653629 0.906937 -0.000000 1.0000 1.0000 1.0000
v 0.717581 0.879042 0.000000 1.0000 1.0000 1.0000
v 0.776678 0.837220 0.000000 1.0000 1.0000 1.0000
v -0.788363 -0.951392 -0.000000 1.0000 1.0000 1.0000
v -0.915708 -0.914453 -0.000000 1.0000 1.0000 1.0000
v -1.035620 -0.860815 -0.000000 1.0000 1.0000 1.0000
v 0.950433 -0.449773 -0.000000 1.0000 1.0000 1.0000
v 0.916522 -0.577909 0.000000 1.0000 1.0000 1.0000
v 0.872395 -0.687910 -0.000000 1.0000 1.0000 1.0000
v -1.380526 -0.510880 0.000000 1.0000 1.0000 1.0000
v -1.311628 -0.598732 -0.000000 1.0000 1.0000 1.0000
v -1.233929 -0.695688 0.000000 1.0000 1.0000 1.0000
v -1.474192 -0.319589 0.202955 1.0000 1.0000 1.0000
v -1.459597 -0.385289 0.146454 1.0000 1.0000 1.0000
v -1.449607 -0.422546 0.076687 1.0000 1.0000 1.0000
v -1.323826 0.380360 0.339628 1.0000 1.0000 1.0000
v -1.338448 0.418480 0.230873 1.0000 1.0000 1.0000
v -1.344162 0.454586 0.116873 1.0000 1.0000 1.0000
v -0.755765 -0.293232 0.921930 1.0000 1.0000 1.0000
v -0.897678 -0.282674 0.887390 1.0000 1.0000 1.0000
v -1.013465 -0.274793 0.841990 1.0000 1.0000 1.0000
v -0.757188 0.290496 0.922470 1.0000 1.0000 1.0000
v -0.898100 0.282328 0.887131 1.0000 1.0000 1.0000
v -1.013518 0.276321 0.840543 1.0000 1.0000 1.0000
v 0.924173 -0.290769 0.473339 1.0000 1.0000 1.0000
v 0.890775 -0.281506 0.577103 1.0000 1.0000 1.0000
v 0.848874 -0.273170 0.672668 1.0000 1.0000 1.0000
v 0.924208 0.290750 0.473334 1.0000 1.0000 1.0000
v 0.891058 0.281350 0.577069 1.0000 1.0000 1.0000
v 0.849828 0.272644 0.672555 1.0000 1.0000 1.0000
v -0.914367 -0.710780 0.719609 1.0000 1.0000 1.0000
v -0.824199 -0.721139 0.763823 1.0000 1.0000 1.0000
v -0.719074 -0.739509 0.795559 1.0000 1.0000 1.0000
v -0.116227 -0.811937 0.819696 1.0000 1.0000 1.0000
v -0.018993 -0.792196 0.829443 1.0000 1.0000 1.0000
v 0.095295 -0.776935 0.832387 1.0000 1.0000 1.0000
v 0.447996 0.772886 0.794843 1.0000 1.0000 1.0000
v 0.362668 0.782395 0.820854 1.0000 1.0000 1.0000
v 0.264440 0.791688 0.821160 1.0000 1.0000 1.0000
v -0.045982 0.784374 0.779098 1.0000 1.0000 1.0000
v -0.226673 0.775826 0.776233 1.0000 1.0000 1.0000
v -0.407492 0.769392 0.771489 1.0000 1.0000 1.0000
v -1.035847 0.872125 -0.000000 1.0000 1.0000 1.0000
v -0.916754 0.916395 -0.000000 1.0000 1.0000 1.0000
v -0.772595 0.950259 -0.000000 1.0000 1.0000 1.0000
v -0.406123 0.988302 0.000000 1.0000 1.0000 1.0000
v -0.199542 0.994230 -0.000000 1.0000 1.0000 1.0000
v 0.000645 0.993251 -0.000000 1.0000 1.0000 1.0000
v 0.474873 -0.947233 0.000000 1.0000 1.0000 1.0000
v 0.408451 -0.963870 -0.000000 1.0000 1.0000 1.0000
v 0.336994 -0.977922 -0.000000 1.0000 1.0000 1.0000
v -0.293564 -0.999613 -0.000000 1.0000 1.0000 1.0000
v -0.412766 -0.996905 -0.000000 1.0000 1.0000 1.0000
v -0.534382 -0.989554 -0.000000 1.0000 1.0000 1.0000
v 0.492506 -0.289316 0.919192 1.0000 1.0000 1.0000
v 0.420537 -0.295806 0.936302 1.0000 1.0000 1.0000
v 0.326004 -0.302439 0.950353 1.0000 1.0000 1.0000
v 0.023269 -0.316279 0.965359 1.0000 1.0000 1.0000
v -0.177801 -0.318988 0.965229 1.0000 1.0000 1.0000
v -0.387219 -0.314271 0.959440 1.0000 1.0000 1.0000
v 0.494092 0.282901 0.917613 1.0000 1.0000 1.0000
v 0.416847 0.288848 0.934803 1.0000 1.0000 1.0000
v 0.317314 0.294277 0.949372 1.0000 1.0000 1.0000
v 0.011508 0.302016 0.967188 1.0000 1.0000 1.0000
v -0.187327 0.303337 0.968160 1.0000 1.0000 1.0000
v -0.393575 0.302164 0.961964 1.0000 1.0000 1.0000
v 0.190417 -0.453924 0.934725 1.0000 1.0000 1.0000
v 0.189521 -0.581920 0.902375 1.0000 1.0000 1.0000
v 0.197692 -0.685921 0.866581 1.0000 1.0000 1.0000
v -0.578420 -0.446574 0.920023 1.0000 1.0000 1.0000
v -0.576990 -0.573075 0.887780 1.0000 1.0000 1.0000
v -0.586416 -0.677503 0.852649 1.0000 1.0000 1.0000
v 0.093688 0.973267 0.454896 1.0000 1.0000 1.0000
v 0.072265 0.935047 0.571049 1.0000 1.0000 1.0000
v 0.081729 0.885027 0.682780 1.0000 1.0000 1.0000
v -0.598176 0.921132 0.463798 1.0000 1.0000 1.0000
v -0.589721 0.882940 0.570512 1.0000 1.0000 1.0000
v -0.581544 0.829531 0.671777 1.0000 1.0000 1.0000
v -0.613622 -0.910062 0.707088 1.0000 1.0000 1.0000
v -0.612147 -0.866857 0.744237 1.0000 1.0000 1.0000
v -0.608106 -0.819680 0.780467 1.0000 1.0000 1.0000
v 0.194185 -0.892169 0.707708 1.0000 1.0000 1.0000
v 0.202196 -0.856775 0.750153 1.0000 1.0000 1.0000
v 0.207734 -0.818000 0.790208 1.0000 1.0000 1.0000
v 0.133913 0.683747 0.851935 1.0000 1.0000 1.0000
v 0.148531 0.562533 0.898386 1.0000 1.0000 1.0000
v 0.167279 0.435188 0.934463 1.0000 1.0000 1.0000
v -0.575780 0.667409 0.830735 1.0000 1.0000 1.0000
v -0.578929 0.558659 0.883677 1.0000 1.0000 1.0000
v -0.583827 0.434621 0.921668 1.0000 1.0000 1.0000
v 0.195203 0.152115 0.976126 1.0000 1.0000 1.0000
v 0.200070 -0.001332 0.981325 1.0000 1.0000 1.0000
v 0.199983 -0.156776 0.976063 1.0000 1.0000 1.0000
v -0.591579 0.151365 0.962197 1.0000 1.0000 1.0000
v -0.592225 -0.000829 0.967060 1.0000 1.0000 1.0000
v -0.590208 -0.154266 0.961624 1.0000 1.0000 1.0000
v -1.143281 -0.784503 0.093916 1.0000 1.0000 1.0000
v -1.144442 -0.777675 0.184053 1.0000 1.0000 1.0000
v -1.145149 -0.769894 0.267956 1.0000 1.0000 1.0000
v 0.830716 0.774561 0.076353 1.0000 1.0000 1.0000
v 0.829914 0.771655 0.154391 1.0000 1.0000 1.0000
v 0.824667 0.763885 0.235798 1.0000 1.0000 1.0000
v -1.022496 0.681001 0.607242 1.0000 1.0000 1.0000
v -1.054340 0.714368 0.529217 1.0000 1.0000 1.0000
v -1.083280 0.746020 0.440774 1.0000 1.0000 1.0000
v 0.725973 -0.702099 0.563815 1.0000 1.0000 1.0000
v 0.766997 -0.708995 0.488050 1.0000 1.0000 1.0000
v 0.794426 -0.727834 0.408131 1.0000 1.0000 1.0000
v -1.177141 -0.273868 0.718420 1.0000 1.0000 1.0000
v -1.232639 -0.278754 0.642415 1.0000 1.0000 1.0000
v -1.277230 -0.282179 0.559877 1.0000 1.0000 1.0000
v -1.176906 0.281966 0.711583 1.0000 1.0000 1.0000
v -1.230762 0.296168 0.630356 1.0000 1.0000 1.0000
v -1.270895 0.317624 0.540172 1.0000 1.0000 1.0000
v 0.974038 -0.307638 0.087752 1.0000 1.0000 1.0000
v 0.971194 -0.306657 0.177312 1.0000 1.0000 1.0000
v 0.963476 -0.303996 0.270489 1.0000 1.0000 1.0000
v 0.974038 0.307638 0.087752 1.0000 1.0000 1.0000
v 0.971194 0.306657 0.177312 1.0000 1.0000 1.0000
v 0.963476 0.303996 0.270489 1.0000 1.0000 1.0000
v 0.173143 0.986733 0.071454 1.0000 1.0000 1.0000
v 0.164461 0.987743 0.146222 1.0000 1.0000 1.0000
v 0.156665 0.991425 0.228425 1.0000 1.0000 1.0000
v -0.602990 0.973574 0.084105 1.0000 1.0000 1.0000
v -0.605096 0.970496 0.170453 1.0000 1.0000 1.0000
v -0.606187 0.962369 0.261285 1.0000 1.0000 1.0000
v -0.656018 -0.976128 0.088981 1.0000 1.0000 1.0000
v -0.644187 -0.981756 0.174040 1.0000 1.0000 1.0000
v -0.624242 -0.996562 0.252147 1.0000 1.0000 1.0000
v 0.250225 -0.988991 0.088562 1.0000 1.0000 1.0000
v 0.237257 -0.992212 0.176044 1.0000 1.0000 1.0000
v 0.221484 -1.001342 0.261868 1.0000 1.0000 1.0000
v -0.301019 -0.986947 0.340324 1.0000 1.0000 1.0000
v -0.405839 -0.992062 0.336678 1.0000 1.0000 1.0000
v -0.503528 -1.003667 0.330818 1.0000 1.0000 1.0000
v -0.955534 -0.944237 0.344560 1.0000 1.0000 1.0000
v -1.007783 -0.891119 0.334793 1.0000 1.0000 1.0000
v -1.072484 -0.832121 0.335385 1.0000 1.0000 1.0000
v -0.422919 0.960610 0.356011 1.0000 1.0000 1.0000
v -0.229785 0.969130 0.348066 1.0000 1.0000 1.0000
v -0.036335 0.977994 0.338354 1.0000 1.0000 1.0000
v 0.664713 0.896863 0.311927 1.0000 1.0000 1.0000
v 0.717836 0.854229 0.310230 1.0000 1.0000 1.0000
v 0.766406 0.808919 0.314115 1.0000 1.0000 1.0000
v 0.963069 0.151845 0.375377 1.0000 1.0000 1.0000
v 0.967944 0.000000 0.377472 1.0000 1.0000 1.0000
v 0.963069 -0.151845 0.375377 1.0000 1.0000 1.0000
v -1.177482 0.691315 0.364897 1.0000 1.0000 1.0000
v -1.231510 0.592814 0.389194 1.0000 1.0000 1.0000
v -1.271520 0.477629 0.416834 1.0000 1.0000 1.0000
v -1.289794 -0.423966 0.445165 1.0000 1.0000 1.0000
v -1.251620 -0.552318 0.408080 1.0000 1.0000 1.0000
v -1.201140 -0.664899 0.373865 1.0000 1.0000 1.0000
v -1.322268 0.198816 0.462872 1.0000 1.0000 1.0000
v -1.333068 0.040674 0.476366 1.0000 1.0000 1.0000
v -1.330779 -0.122267 0.482022 1.0000 1.0000 1.0000
v -1.013896 0.837815 0.344732 1.0000 1.0000 1.0000
v -0.900101 0.887293 0.348535 1.0000 1.0000 1.0000
v -0.763815 0.923046 0.355026 1.0000 1.0000 1.0000
v 0.414257 -1.014727 0.297348 1.0000 1.0000 1.0000
v 0.353964 -1.025515 0.302497 1.0000 1.0000 1.0000
v 0.288835 -1.030780 0.317435 1.0000 1.0000 1.0000
v 0.854224 0.665274 0.333620 1.0000 1.0000 1.0000
v 0.892360 0.559681 0.346476 1.0000 1.0000 1.0000
v 0.924371 0.436166 0.358931 1.0000 1.0000 1.0000
v 0.924338 -0.436163 0.359010 1.0000 1.0000 1.0000
v 0.892092 -0.559660 0.347107 1.0000 1.0000 1.0000
v 0.853317 -0.665205 0.335748 1.0000 1.0000 1.0000
v 0.297454 -0.749922 0.820588 1.0000 1.0000 1.0000
v 0.369043 -0.733990 0.808568 1.0000 1.0000 1.0000
v 0.427772 -0.716778 0.793896 1.0000 1.0000 1.0000
v 0.317268 0.976112 0.000000 1.0000 1.0000 1.0000
v 0.425786 0.962140 -0.000000 1.0000 1.0000 1.0000
v 0.512074 0.945637 0.000000 1.0000 1.0000 1.0000
v 0.688213 0.645913 0.651846 1.0000 1.0000 1.0000
v 0.645568 0.670192 0.673701 1.0000 1.0000 1.0000
v 0.596318 0.704061 0.698910 1.0000 1.0000 1.0000
v 0.753112 -0.838150 0.000000 1.0000 1.0000 1.0000
v 0.682631 -0.880343 -0.000000 1.0000 1.0000 1.0000
v 0.610921 -0.908381 0.000000 1.0000 1.0000 1.0000
v 0.742388 -0.267262 0.810562 1.0000 1.0000 1.0000
v 0.681030 -0.270445 0.850829 1.0000 1.0000 1.0000
v 0.617623 -0.276062 0.878772 1.0000 1.0000 1.0000
v 0.746604 0.264891 0.810050 1.0000 1.0000 1.0000
v 0.687081 0.266746 0.850017 1.0000 1.0000 1.0000
v 0.624421 0.271096 0.877650 1.0000 1.0000 1.0000
v 0.306524 1.019699 0.292119 1.0000 1.0000 1.0000
v 0.418070 1.020803 0.283175 1.0000 1.0000 1.0000
v 0.512942 1.002022 0.291622 1.0000 1.0000 1.0000
v 0.615598 -0.958889 0.343197 1.0000 1.0000 1.0000
v 0.577962 -0.975129 0.315554 1.0000 1.0000 1.0000
v 0.528470 -0.988793 0.302259 1.0000 1.0000 1.0000
v 0.535527 -0.930089 0.089971 1.0000 1.0000 1.0000
v 0.519591 -0.938393 0.173173 1.0000 1.0000 1.0000
v 0.496000 -0.960454 0.243548 1.0000 1.0000 1.0000
v 0.587528 0.927594 0.067943 1.0000 1.0000 1.0000
v 0.592223 0.929980 0.139540 1.0000 1.0000 1.0000
v 0.597065 0.937581 0.219420 1.0000 1.0000 1.0000
v 0.567043 0.141381 0.914685 1.0000 1.0000 1.0000
v 0.568733 -0.000739 0.920177 1.0000 1.0000 1.0000
v 0.564814 -0.143967 0.915254 1.0000 1.0000 1.0000
v 0.530563 0.634233 0.792262 1.0000 1.0000 1.0000
v 0.538231 0.518939 0.836401 1.0000 1.0000 1.0000
v 0.549493 0.401686 0.872178 1.0000 1.0000 1.0000
v 0.615140 0.930505 0.434776 1.0000 1.0000 1.0000
v 0.604179 0.891465 0.537047 1.0000 1.0000 1.0000
v 0.576779 0.840146 0.636184 1.0000 1.0000 1.0000
v 0.538672 -0.411704 0.875289 1.0000 1.0000 1.0000
v 0.518874 -0.526673 0.844131 1.0000 1.0000 1.0000
v 0.498318 -0.623675 0.810322 1.0000 1.0000 1.0000
v 0.458470 -0.826632 0.706260 1.0000 1.0000 1.0000
v 0.459168 -0.788999 0.725305 1.0000 1.0000 1.0000
v 0.466403 -0.750652 0.749111 1.0000 1.0000 1.0000
v 0.456903 1.202491 0.780472 1.0000 1.0000 1.0000
v 0.427863 1.224595 0.797355 1.0000 1.0000 1.0000
v 0.403797 1.240818 0.798371 1.0000 1.0000 1.0000
v 0.407062 1.314717 0.655128 1.0000 1.0000 1.0000
v 0.400544 1.306847 0.711571 1.0000 1.0000 1.0000
v 0.393675 1.279896 0.759936 1.0000 1.0000 1.0000
v 0.431886 1.309366 0.595561 1.0000 1.0000 1.0000
v 0.460643 1.298871 0.582118 1.0000 1.0000 1.0000
v 0.491222 1.274661 0.576524 1.0000 1.0000 1.0000
v 0.516138 1.249278 0.620168 1.0000 1.0000 1.0000
v 0.511093 1.238032 0.676048 1.0000 1.0000 1.0000
v 0.496522 1.210835 0.726115 1.0000 1.0000 1.0000
v 0.310666 1.116035 0.770022 1.0000 1.0000 1.0000
v 0.340469 1.160647 0.789251 1.0000 1.0000 1.0000
v 0.368496 1.210914 0.794214 1.0000 1.0000 1.0000
v 0.302083 1.129784 0.495380 1.0000 1.0000 1.0000
v 0.283019 1.088545 0.449768 1.0000 1.0000 1.0000
v 0.242563 1.041614 0.398764 1.0000 1.0000 1.0000
v 0.559748 1.042652 0.408289 1.0000 1.0000 1.0000
v 0.537293 1.127927 0.476832 1.0000 1.0000 1.0000
v 0.522675 1.201266 0.535751 1.0000 1.0000 1.0000
v 0.482394 1.120489 0.755593 1.0000 1.0000 1.0000
v 0.488304 1.024225 0.746815 1.0000 1.0000 1.0000
v 0.502306 0.906551 0.736054 1.0000 1.0000 1.0000
v 0.455331 -1.064365 0.335594 1.0000 1.0000 1.0000
v 0.445414 -1.138449 0.363757 1.0000 1.0000 1.0000
v 0.440951 -1.211063 0.391371 1.0000 1.0000 1.0000
v 0.166215 -1.022136 0.438394 1.0000 1.0000 1.0000
v 0.151460 -1.006928 0.514218 1.0000 1.0000 1.0000
v 0.156384 -0.982125 0.586125 1.0000 1.0000 1.0000
v 0.602369 -0.780852 0.670836 1.0000 1.0000 1.0000
v 0.557718 -0.823286 0.681330 1.0000 1.0000 1.0000
v 0.511714 -0.854486 0.687930 1.0000 1.0000 1.0000
v 0.402924 -0.899581 0.696267 1.0000 1.0000 1.0000
v 0.339070 -0.918090 0.695067 1.0000 1.0000 1.0000
v 0.269963 -0.933104 0.685119 1.0000 1.0000 1.0000
v 0.763044 -0.808333 0.324747 1.0000 1.0000 1.0000
v 0.717266 -0.851540 0.333503 1.0000 1.0000 1.0000
v 0.675969 -0.889222 0.356602 1.0000 1.0000 1.0000
v 0.669185 -0.804162 0.561637 1.0000 1.0000 1.0000
v 0.664389 -0.862666 0.499163 1.0000 1.0000 1.0000
v 0.656009 -0.906102 0.438944 1.0000 1.0000 1.0000
v 0.392210 -1.271486 0.425582 1.0000 1.0000 1.0000
v 0.344797 -1.269296 0.427434 1.0000 1.0000 1.0000
v 0.304389 -1.258903 0.435568 1.0000 1.0000 1.0000
v 0.547617 -1.236653 0.446148 1.0000 1.0000 1.0000
v 0.520081 -1.256599 0.436022 1.0000 1.0000 1.0000
v 0.483826 -1.265856 0.430408 1.0000 1.0000 1.0000
v 0.442332 -1.302193 0.477831 1.0000 1.0000 1.0000
v 0.445892 -1.306843 0.536059 1.0000 1.0000 1.0000
v 0.450334 -1.282289 0.592499 1.0000 1.0000 1.0000
v 0.268984 -1.252706 0.479960 1.0000 1.0000 1.0000
v 0.263267 -1.250812 0.528207 1.0000 1.0000 1.0000
v 0.266581 -1.233689 0.576187 1.0000 1.0000 1.0000
v 0.548946 -1.203992 0.611755 1.0000 1.0000 1.0000
v 0.528396 -1.215212 0.624092 1.0000 1.0000 1.0000
v 0.497270 -1.222421 0.632678 1.0000 1.0000 1.0000
v 0.402923 -1.231157 0.638799 1.0000 1.0000 1.0000
v 0.349395 -1.230400 0.634430 1.0000 1.0000 1.0000
v 0.303660 -1.222771 0.622885 1.0000 1.0000 1.0000
v 0.564012 -1.208644 0.573168 1.0000 1.0000 1.0000
v 0.567069 -1.221309 0.532956 1.0000 1.0000 1.0000
v 0.566809 -1.221151 0.489534 1.0000 1.0000 1.0000
v 0.268469 -1.208140 0.431690 1.0000 1.0000 1.0000
v 0.256073 -1.150648 0.413984 1.0000 1.0000 1.0000
v 0.239826 -1.085198 0.392592 1.0000 1.0000 1.0000
v 0.590549 -1.014551 0.625203 1.0000 1.0000 1.0000
v 0.580398 -1.064526 0.618282 1.0000 1.0000 1.0000
v 0.569155 -1.133517 0.609001 1.0000 1.0000 1.0000
v 0.575577 -1.162323 0.444847 1.0000 1.0000 1.0000
v 0.592267 -1.086807 0.428632 1.0000 1.0000 1.0000
v 0.613604 -1.006300 0.409299 1.0000 1.0000 1.0000
v 0.225773 -1.021234 0.638246 1.0000 1.0000 1.0000
v 0.245835 -1.098927 0.629315 1.0000 1.0000 1.0000
v 0.261932 -1.167311 0.619528 1.0000 1.0000 1.0000
v 0.458897 -1.144851 0.664419 1.0000 1.0000 1.0000
v 0.461479 -1.048465 0.677834 1.0000 1.0000 1.0000
v 0.462047 -0.955111 0.685139 1.0000 1.0000 1.0000
v 0.627104 -0.839576 0.628552 1.0000 1.0000 1.0000
v 0.607717 -0.921510 0.626145 1.0000 1.0000 1.0000
v 0.597772 -0.976232 0.626969 1.0000 1.0000 1.0000
v -0.709333 -1.027235 0.305035 1.0000 1.0000 1.0000
v -0.798652 -1.018312 0.306751 1.0000 1.0000 1.0000
v -0.869074 -1.009102 0.325887 1.0000 1.0000 1.0000
v -0.564074 -1.048385 0.531441 1.0000 1.0000 1.0000
v -0.562052 -1.023873 0.568783 1.0000 1.0000 1.0000
v -0.574978 -0.998828 0.614676 1.0000 1.0000 1.0000
v -0.702651 -0.973247 0.682383 1.0000 1.0000 1.0000
v -0.776330 -0.978367 0.680727 1.0000 1.0000 1.0000
v -0.839251 -0.983476 0.668799 1.0000 1.0000 1.0000
v -0.961707 -0.998862 0.478211 1.0000 1.0000 1.0000
v -0.960295 -0.997502 0.435975 1.0000 1.0000 1.0000
v -0.947635 -0.998284 0.394784 1.0000 1.0000 1.0000
v -0.715616 -1.266063 0.378748 1.0000 1.0000 1.0000
v -0.768600 -1.270022 0.375232 1.0000 1.0000 1.0000
v -0.821222 -1.260850 0.378099 1.0000 1.0000 1.0000
v -0.652115 -1.280588 0.560423 1.0000 1.0000 1.0000
v -0.657630 -1.272899 0.595984 1.0000 1.0000 1.0000
v -0.669701 -1.257995 0.623075 1.0000 1.0000 1.0000
v -0.717274 -1.255645 0.642884 1.0000 1.0000 1.0000
v -0.766274 -1.263977 0.643198 1.0000 1.0000 1.0000
v -0.815845 -1.258716 0.637537 1.0000 1.0000 1.0000
v -0.887334 -1.279466 0.468904 1.0000 1.0000 1.0000
v -0.883112 -1.273575 0.431730 1.0000 1.0000 1.0000
v -0.871527 -1.260882 0.402056 1.0000 1.0000 1.0000
v -0.881053 -1.067637 0.643648 1.0000 1.0000 1.0000
v -0.873956 -1.143580 0.639645 1.0000 1.0000 1.0000
v -0.862835 -1.206971 0.634839 1.0000 1.0000 1.0000
v -0.672965 -1.198874 0.644467 1.0000 1.0000 1.0000
v -0.661740 -1.131429 0.649658 1.0000 1.0000 1.0000
v -0.647910 -1.051309 0.654334 1.0000 1.0000 1.0000
v -0.633003 -1.094002 0.354340 1.0000 1.0000 1.0000
v -0.648580 -1.160614 0.367183 1.0000 1.0000 1.0000
v -0.664119 -1.218340 0.377128 1.0000 1.0000 1.0000
v -0.869778 -1.206225 0.377592 1.0000 1.0000 1.0000
v -0.882789 -1.143732 0.371254 1.0000 1.0000 1.0000
v -0.896642 -1.071502 0.365448 1.0000 1.0000 1.0000
v -0.898742 -0.919118 0.655985 1.0000 1.0000 1.0000
v -0.916209 -0.855100 0.661847 1.0000 1.0000 1.0000
v -0.943121 -0.794076 0.662053 1.0000 1.0000 1.0000
v -0.665754 -1.269200 0.404719 1.0000 1.0000 1.0000
v -0.655026 -1.280431 0.436811 1.0000 1.0000 1.0000
v -0.650838 -1.284332 0.476662 1.0000 1.0000 1.0000
v -0.864326 -1.261988 0.612717 1.0000 1.0000 1.0000
v -0.876990 -1.274794 0.584609 1.0000 1.0000 1.0000
v -0.883847 -1.280217 0.549143 1.0000 1.0000 1.0000
v -0.558791 -1.041879 0.390567 1.0000 1.0000 1.0000
v -0.550136 -1.048297 0.441006 1.0000 1.0000 1.0000
v -0.558730 -1.057777 0.481077 1.0000 1.0000 1.0000
v -0.919658 -0.997912 0.622116 1.0000 1.0000 1.0000
v -0.938598 -1.003841 0.590886 1.0000 1.0000 1.0000
v -0.949863 -1.004291 0.556587 1.0000 1.0000 1.0000
v -0.920058 -1.225908 0.506844 1.0000 1.0000 1.0000
v -0.937925 -1.156151 0.506650 1.0000 1.0000 1.0000
v -0.947752 -1.078934 0.510254 1.0000 1.0000 1.0000
v -0.704155 -1.316513 0.519137 1.0000 1.0000 1.0000
v -0.768926 -1.326959 0.516659 1.0000 1.0000 1.0000
v -0.833579 -1.315039 0.513074 1.0000 1.0000 1.0000
v -0.582138 -1.108672 0.509575 1.0000 1.0000 1.0000
v -0.596425 -1.167460 0.513212 1.0000 1.0000 1.0000
v -0.616525 -1.230163 0.517047 1.0000 1.0000 1.0000
v -0.970838 -0.929743 0.534639 1.0000 1.0000 1.0000
v -0.985653 -0.862923 0.559266 1.0000 1.0000 1.0000
v -0.995411 -0.797946 0.595599 1.0000 1.0000 1.0000
v 0.114029 -0.998178 0.349644 1.0000 1.0000 1.0000
v 0.017549 -0.988045 0.346993 1.0000 1.0000 1.0000
v -0.085396 -0.984887 0.344576 1.0000 1.0000 1.0000
v 0.160812 -0.995162 -0.000000 1.0000 1.0000 1.0000
v 0.054885 -0.998566 0.000000 1.0000 1.0000 1.0000
v -0.058483 -0.999821 0.000000 1.0000 1.0000 1.0000
v -0.469401 -0.775534 0.827467 1.0000 1.0000 1.0000
v -0.345599 -0.792383 0.828240 1.0000 1.0000 1.0000
v -0.245672 -0.812322 0.819700 1.0000 1.0000 1.0000
v -0.193336 -0.893075 0.698714 1.0000 1.0000 1.0000
v -0.188492 -0.873257 0.746879 1.0000 1.0000 1.0000
v -0.184243 -0.850099 0.784652 1.0000 1.0000 1.0000
v -0.176938 -0.999769 0.086933 1.0000 1.0000 1.0000
v -0.180597 -0.998150 0.173336 1.0000 1.0000 1.0000
v -0.186004 -0.993758 0.258681 1.0000 1.0000 1.0000
v -0.199346 -0.971546 0.423933 1.0000 1.0000 1.0000
v -0.203389 -0.953633 0.501900 1.0000 1.0000 1.0000
v -0.202424 -0.933008 0.574858 1.0000 1.0000 1.0000
v -0.307086 -0.914871 0.641950 1.0000 1.0000 1.0000
v -0.414165 -0.920924 0.646431 1.0000 1.0000 1.0000
v -0.514482 -0.934158 0.655330 1.0000 1.0000 1.0000
v 0.097735 -0.921210 0.648915 1.0000 1.0000 1.0000
v 0.005705 -0.913038 0.644653 1.0000 1.0000 1.0000
v -0.093255 -0.911062 0.642047 1.0000 1.0000 1.0000
v 0.394415 1.281863 0.580233 1.0000 1.0000 1.0000
v 0.367484 1.239751 0.549178 1.0000 1.0000 1.0000
v 0.335217 1.193575 0.532772 1.0000 1.0000 1.0000
v 0.213076 0.906488 0.764384 1.0000 1.0000 1.0000
v 0.254253 0.982899 0.758292 1.0000 1.0000 1.0000
v 0.277045 1.045024 0.753241 1.0000 1.0000 1.0000
v 0.296454 1.143383 0.575022 1.0000 1.0000 1.0000
v 0.286170 1.122930 0.639324 1.0000 1.0000 1.0000
v 0.284435 1.101971 0.703100 1.0000 1.0000 1.0000
v -1.379430 0.353102 -0.000000 1.0000 1.0000 1.0000
v -1.411626 0.257970 -0.000000 1.0000 1.0000 1.0000
v -1.441761 0.213517 0.000000 1.0000 1.0000 1.0000
v -1.353793 -0.270329 0.386859 1.0000 1.0000 1.0000
v -1.394229 -0.257580 0.315443 1.0000 1.0000 1.0000
v -1.439585 -0.246105 0.270370 1.0000 1.0000 1.0000
v -1.473820 0.183030 0.092291 1.0000 1.0000 1.0000
v -1.483030 0.144084 0.167265 1.0000 1.0000 1.0000
v -1.498934 0.098103 0.212079 1.0000 1.0000 1.0000
v -1.507718 0.026999 0.248682 1.0000 1.0000 1.0000
v -1.500894 -0.037014 0.262478 1.0000 1.0000 1.0000
v -1.495522 -0.129388 0.261515 1.0000 1.0000 1.0000
v -1.928957 0.667084 0.000000 1.0000 1.0000 1.0000
v -1.973006 0.668858 0.000000 1.0000 1.0000 1.0000
v -2.006172 0.643084 -0.000000 1.0000 1.0000 1.0000
v -1.685740 -0.117417 0.135791 1.0000 1.0000 1.0000
v -1.694464 -0.150498 0.095272 1.0000 1.0000 1.0000
v -1.700734 -0.172691 0.049059 1.0000 1.0000 1.0000
v -1.597642 0.191296 0.052917 1.0000 1.0000 1.0000
v -1.607226 0.172212 0.102241 1.0000 1.0000 1.0000
v -1.620045 0.142972 0.144378 1.0000 1.0000 1.0000
v -1.645588 0.062498 0.193437 1.0000 1.0000 1.0000
v -1.656305 0.015978 0.197513 1.0000 1.0000 1.0000
v -1.666242 -0.031273 0.188708 1.0000 1.0000 1.0000
v -1.535590 0.061595 0.223850 1.0000 1.0000 1.0000
v -1.565734 0.066506 0.210598 1.0000 1.0000 1.0000
v -1.599227 0.079966 0.192806 1.0000 1.0000 1.0000
v -1.630173 -0.127558 0.180679 1.0000 1.0000 1.0000
v -1.583425 -0.171060 0.197862 1.0000 1.0000 1.0000
v -1.535887 -0.205907 0.218591 1.0000 1.0000 1.0000
v -1.501063 0.189843 0.000000 1.0000 1.0000 1.0000
v -1.531615 0.183190 -0.000000 1.0000 1.0000 1.0000
v -1.562615 0.184347 -0.000000 1.0000 1.0000 1.0000
v -1.868869 0.181079 0.123546 1.0000 1.0000 1.0000
v -1.883873 0.166728 0.086952 1.0000 1.0000 1.0000
v -1.893665 0.158890 0.044852 1.0000 1.0000 1.0000
v -1.726083 0.389686 0.046079 1.0000 1.0000 1.0000
v -1.733306 0.378510 0.089168 1.0000 1.0000 1.0000
v -1.745137 0.360035 0.126276 1.0000 1.0000 1.0000
v -1.781664 0.302319 0.171128 1.0000 1.0000 1.0000
v -1.804358 0.267120 0.176119 1.0000 1.0000 1.0000
v -1.827658 0.232707 0.169625 1.0000 1.0000 1.0000
v -1.666641 0.146503 0.164342 1.0000 1.0000 1.0000
v -1.698638 0.200415 0.158188 1.0000 1.0000 1.0000
v -1.730046 0.264133 0.155477 1.0000 1.0000 1.0000
v -1.807452 0.119427 0.152860 1.0000 1.0000 1.0000
v -1.764495 0.045802 0.154977 1.0000 1.0000 1.0000
v -1.720716 -0.019135 0.159518 1.0000 1.0000 1.0000
v -1.851519 0.054569 0.000000 1.0000 1.0000 1.0000
v -1.805393 -0.034110 0.000000 1.0000 1.0000 1.0000
v -1.756647 -0.111805 0.000000 1.0000 1.0000 1.0000
v -1.625294 0.228043 0.000000 1.0000 1.0000 1.0000
v -1.657151 0.272498 0.000000 1.0000 1.0000 1.0000
v -1.689810 0.328595 0.000000 1.0000 1.0000 1.0000
v -1.983763 0.542055 0.115198 1.0000 1.0000 1.0000
v -2.003434 0.565198 0.083535 1.0000 1.0000 1.0000
v -2.016337 0.580967 0.043822 1.0000 1.0000 1.0000
v -1.880694 0.635218 0.044634 1.0000 1.0000 1.0000
v -1.878718 0.618803 0.084968 1.0000 1.0000 1.0000
v -1.876975 0.593534 0.116907 1.0000 1.0000 1.0000
v -1.898262 0.569528 0.142179 1.0000 1.0000 1.0000
v -1.926429 0.561333 0.144892 1.0000 1.0000 1.0000
v -1.950609 0.541958 0.141156 1.0000 1.0000 1.0000
v -1.793026 0.407198 0.153197 1.0000 1.0000 1.0000
v -1.824317 0.475797 0.150008 1.0000 1.0000 1.0000
v -1.853914 0.532748 0.143588 1.0000 1.0000 1.0000
v -1.951669 0.467754 0.141525 1.0000 1.0000 1.0000
v -1.926086 0.387759 0.147627 1.0000 1.0000 1.0000
v -1.890630 0.295613 0.150684 1.0000 1.0000 1.0000
v -2.011749 0.498962 -0.000000 1.0000 1.0000 1.0000
v -1.983480 0.389827 0.000000 1.0000 1.0000 1.0000
v -1.942968 0.271564 -0.000000 1.0000 1.0000 1.0000
v -1.759058 0.463489 -0.000000 1.0000 1.0000 1.0000
v -1.796727 0.532606 -0.000000 1.0000 1.0000 1.0000
v -1.837357 0.594001 0.000000 1.0000 1.0000 1.0000
v -1.124200 -0.742158 -0.428589 1.0000 1.0000 1.0000
v -1.095967 -0.724814 -0.507067 1.0000 1.0000 1.0000
v -1.054545 -0.713704 -0.581532 1.0000 1.0000 1.0000
v -1.083147 0.398508 -0.755709 1.0000 1.0000 1.0000
v -1.054300 0.506813 -0.723013 1.0000 1.0000 1.0000
v -1.022491 0.595849 -0.688350 1.0000 1.0000 1.0000
v 0.814654 0.136007 -0.766232 1.0000 1.0000 1.0000
v 0.818852 -0.000156 -0.770987 1.0000 1.0000 1.0000
v 0.813736 -0.136552 -0.766340 1.0000 1.0000 1.0000
v 0.733552 0.575109 -0.663840 1.0000 1.0000 1.0000
v 0.755670 0.491092 -0.698376 1.0000 1.0000 1.0000
v 0.780084 0.386614 -0.728798 1.0000 1.0000 1.0000
v 0.789590 0.724962 -0.413734 1.0000 1.0000 1.0000
v 0.762672 0.693724 -0.503285 1.0000 1.0000 1.0000
v 0.736941 0.658320 -0.581814 1.0000 1.0000 1.0000
v 0.775176 -0.389848 -0.729569 1.0000 1.0000 1.0000
v 0.744077 -0.501702 -0.701264 1.0000 1.0000 1.0000
v 0.707893 -0.605471 -0.670985 1.0000 1.0000 1.0000
v 0.530447 -0.681656 -0.759782 1.0000 1.0000 1.0000
v 0.578476 -0.672384 -0.736502 1.0000 1.0000 1.0000
v 0.622149 -0.679725 -0.702267 1.0000 1.0000 1.0000
v -0.722206 0.738063 -0.739975 1.0000 1.0000 1.0000
v -0.842767 0.710560 -0.712966 1.0000 1.0000 1.0000
v -0.936840 0.679655 -0.683860 1.0000 1.0000 1.0000
v -1.119416 -0.137293 -0.801021 1.0000 1.0000 1.0000
v -1.124009 0.002224 -0.805371 1.0000 1.0000 1.0000
v -1.119416 0.141595 -0.798955 1.0000 1.0000 1.0000
v -1.120394 0.793196 -0.259049 1.0000 1.0000 1.0000
v -1.127976 0.806895 -0.171421 1.0000 1.0000 1.0000
v -1.130906 0.814659 -0.085327 1.0000 1.0000 1.0000
v 0.814758 -0.763643 -0.248285 1.0000 1.0000 1.0000
v 0.815463 -0.771977 -0.168586 1.0000 1.0000 1.0000
v 0.816765 -0.775086 -0.085413 1.0000 1.0000 1.0000
v -1.023423 -0.616105 -0.689904 1.0000 1.0000 1.0000
v -1.054752 -0.510558 -0.726214 1.0000 1.0000 1.0000
v -1.083204 -0.396100 -0.759481 1.0000 1.0000 1.0000
v -1.474191 -0.319589 -0.202955 1.0000 1.0000 1.0000
v -1.459597 -0.385289 -0.146454 1.0000 1.0000 1.0000
v -1.449606 -0.422546 -0.076687 1.0000 1.0000 1.0000
v -1.323826 0.380360 -0.339628 1.0000 1.0000 1.0000
v -1.338448 0.418479 -0.230873 1.0000 1.0000 1.0000
v -1.344162 0.454586 -0.116873 1.0000 1.0000 1.0000
v -0.755765 -0.293232 -0.921930 1.0000 1.0000 1.0000
v -0.897678 -0.282674 -0.887390 1.0000 1.0000 1.0000
v -1.013465 -0.274793 -0.841990 1.0000 1.0000 1.0000
v -0.757188 0.290496 -0.922470 1.0000 1.0000 1.0000
v -0.898100 0.282328 -0.887131 1.0000 1.0000 1.0000
v -1.013518 0.276321 -0.840543 1.0000 1.0000 1.0000
v 0.924173 -0.290769 -0.473339 1.0000 1.0000 1.0000
v 0.890775 -0.281506 -0.577103 1.0000 1.0000 1.0000
v 0.848875 -0.273170 -0.672668 1.0000 1.0000 1.0000
v 0.924208 0.290750 -0.473334 1.0000 1.0000 1.0000
v 0.891058 0.281350 -0.577070 1.0000 1.0000 1.0000
v 0.849828 0.272644 -0.672555 1.0000 1.0000 1.0000
v -0.914367 -0.710780 -0.719609 1.0000 1.0000 1.0000
v -0.824199 -0.721139 -0.763823 1.0000 1.0000 1.0000
v -0.719074 -0.739509 -0.795559 1.0000 1.0000 1.0000
v -0.116227 -0.811937 -0.819696 1.0000 1.0000 1.0000
v -0.018993 -0.792196 -0.829443 1.0000 1.0000 1.0000
v 0.095295 -0.776935 -0.832387 1.0000 1.0000 1.0000
v 0.447996 0.772886 -0.794843 1.0000 1.0000 1.0000
v 0.362668 0.782395 -0.820854 1.0000 1.0000 1.0000
v 0.264440 0.791688 -0.821160 1.0000 1.0000 1.0000
v -0.045982 0.784374 -0.779098 1.0000 1.0000 1.0000
v -0.226673 0.775826 -0.776233 1.0000 1.0000 1.0000
v -0.407492 0.769392 -0.771489 1.0000 1.0000 1.0000
v 0.492506 -0.289316 -0.919192 1.0000 1.0000 1.0000
v 0.420537 -0.295806 -0.936302 1.0000 1.0000 1.0000
v 0.326004 -0.302439 -0.950353 1.0000 1.0000 1.0000
v 0.023269 -0.316279 -0.965359 1.0000 1.0000 1.0000
v -0.177801 -0.318988 -0.965229 1.0000 1.0000 1.0000
v -0.387219 -0.314271 -0.959440 1.0000 1.0000 1.0000
v 0.494092 0.282901 -0.917613 1.0000 1.0000 1.0000
v 0.416847 0.288848 -0.934803 1.0000 1.0000 1.0000
v 0.317314 0.294277 -0.949372 1.0000 1.0000 1.0000
v 0.011508 0.302016 -0.967188 1.0000 1.0000 1.0000
v -0.187327 0.303337 -0.968160 1.0000 1.0000 1.0000
v -0.393575 0.302164 -0.961964 1.0000 1.0000 1.0000
v 0.190418 -0.453924 -0.934725 1.0000 1.0000 1.0000
v 0.189521 -0.581920 -0.902375 1.0000 1.0000 1.0000
v 0.197692 -0.685921 -0.866581 1.0000 1.0000 1.0000
v -0.578420 -0.446574 -0.920023 1.0000 1.0000 1.0000
v -0.576990 -0.573075 -0.887780 1.0000 1.0000 1.0000
v -0.586416 -0.677503 -0.852649 1.0000 1.0000 1.0000
v 0.093688 0.973267 -0.454896 1.0000 1.0000 1.0000
v 0.072265 0.935047 -0.571049 1.0000 1.0000 1.0000
v 0.081729 0.885027 -0.682780 1.0000 1.0000 1.0000
v -0.598176 0.921132 -0.463798 1.0000 1.0000 1.0000
v -0.589721 0.882940 -0.570512 1.0000 1.0000 1.0000
v -0.581545 0.829531 -0.671777 1.0000 1.0000 1.0000
v -0.613622 -0.910062 -0.707088 1.0000 1.0000 1.0000
v -0.612147 -0.866857 -0.744237 1.0000 1.0000 1.0000
v -0.608106 -0.819680 -0.780467 1.0000 1.0000 1.0000
v 0.194185 -0.892169 -0.707708 1.0000 1.0000 1.0000
v 0.202196 -0.856775 -0.750153 1.0000 1.0000 1.0000
v 0.207734 -0.818000 -0.790208 1.0000 1.0000 1.0000
v 0.133913 0.683747 -0.851935 1.0000 1.0000 1.0000
v 0.148531 0.562533 -0.898386 1.0000 1.0000 1.0000
v 0.167279 0.435188 -0.934463 1.0000 1.0000 1.0000
v -0.575780 0.667409 -0.830735 1.0000 1.0000 1.0000
v -0.578929 0.558659 -0.883677 1.0000 1.0000 1.0000
v -0.583828 0.434621 -0.921668 1.0000 1.0000 1.0000
v 0.195203 0.152115 -0.976126 1.0000 1.0000 1.0000
v 0.200070 -0.001332 -0.981325 1.0000 1.0000 1.0000
v 0.199983 -0.156776 -0.976063 1.0000 1.0000 1.0000
v -0.591579 0.151365 -0.962197 1.0000 1.0000 1.0000
v -0.592225 -0.000829 -0.967060 1.0000 1.0000 1.0000
v -0.590208 -0.154266 -0.961624 1.0000 1.0000 1.0000
v -1.143281 -0.784503 -0.093916 1.0000 1.0000 1.0000
v -1.144442 -0.777675 -0.184053 1.0000 1.0000 1.0000
v -1.145149 -0.769894 -0.267956 1.0000 1.0000 1.0000
v 0.830716 0.774561 -0.076353 1.0000 1.0000 1.0000
v 0.829914 0.771655 -0.154391 1.0000 1.0000 1.0000
v 0.824667 0.763885 -0.235798 1.0000 1.0000 1.0000
v -1.022496 0.681001 -0.607242 1.0000 1.0000 1.0000
v -1.054340 0.714368 -0.529217 1.0000 1.0000 1.0000
v -1.083280 0.746020 -0.440774 1.0000 1.0000 1.0000
v 0.725973 -0.702099 -0.563815 1.0000 1.0000 1.0000
v 0.766997 -0.708995 -0.488050 1.0000 1.0000 1.0000
v 0.794426 -0.727834 -0.408130 1.0000 1.0000 1.0000
v -1.177141 -0.273868 -0.718420 1.0000 1.0000 1.0000
v -1.232639 -0.278754 -0.642415 1.0000 1.0000 1.0000
v -1.277230 -0.282179 -0.559877 1.0000 1.0000 1.0000
v -1.176906 0.281966 -0.711583 1.0000 1.0000 1.0000
v -1.230762 0.296168 -0.630356 1.0000 1.0000 1.0000
v -1.270895 0.317624 -0.540172 1.0000 1.0000 1.0000
v 0.974038 -0.307638 -0.087752 1.0000 1.0000 1.0000
v 0.971194 -0.306657 -0.177312 1.0000 1.0000 1.0000
v 0.963476 -0.303996 -0.270489 1.0000 1.0000 1.0000
v 0.974038 0.307638 -0.087752 1.0000 1.0000 1.0000
v 0.971194 0.306657 -0.177312 1.0000 1.0000 1.0000
v 0.963476 0.303996 -0.270489 1.0000 1.0000 1.0000
v 0.173143 0.986733 -0.071454 1.0000 1.0000 1.0000
v 0.164461 0.987743 -0.146222 1.0000 1.0000 1.0000
v 0.156665 0.991425 -0.228425 1.0000 1.0000 1.0000
v -0.602990 0.973574 -0.084105 1.0000 1.0000 1.0000
v -0.605096 0.970496 -0.170453 1.0000 1.0000 1.0000
v -0.606187 0.962369 -0.261285 1.0000 1.0000 1.0000
v -0.656018 -0.976128 -0.088981 1.0000 1.0000 1.0000
v -0.644187 -0.981756 -0.174040 1.0000 1.0000 1.0000
v -0.624242 -0.996562 -0.252147 1.0000 1.0000 1.0000
v 0.250225 -0.988991 -0.088562 1.0000 1.0000 1.0000
v 0.237257 -0.992212 -0.176044 1.0000 1.0000 1.0000
v 0.221484 -1.001342 -0.261868 1.0000 1.0000 1.0000
v -0.301019 -0.986947 -0.340324 1.0000 1.0000 1.0000
v -0.405839 -0.992062 -0.336678 1.0000 1.0000 1.0000
v -0.503528 -1.003667 -0.330818 1.0000 1.0000 1.0000
v -0.955534 -0.944238 -0.344560 1.0000 1.0000 1.0000
v -1.007783 -0.891119 -0.334793 1.0000 1.0000 1.0000
v -1.072484 -0.832121 -0.335385 1.0000 1.0000 1.0000
v -0.422919 0.960610 -0.356011 1.0000 1.0000 1.0000
v -0.229785 0.969130 -0.348066 1.0000 1.0000 1.0000
v -0.036335 0.977994 -0.338354 1.0000 1.0000 1.0000
v 0.664713 0.896863 -0.311927 1.0000 1.0000 1.0000
v 0.717836 0.854229 -0.310230 1.0000 1.0000 1.0000
v 0.766406 0.808919 -0.314115 1.0000 1.0000 1.0000
v 0.963069 0.151845 -0.375377 1.0000 1.0000 1.0000
v 0.967944 -0.000000 -0.377472 1.0000 1.0000 1.0000
v 0.963069 -0.151845 -0.375377 1.0000 1.0000 1.0000
v -1.177482 0.691315 -0.364897 1.0000 1.0000 1.0000
v -1.231510 0.592814 -0.389194 1.0000 1.0000 1.0000
v -1.271520 0.477629 -0.416834 1.0000 1.0000 1.0000
v -1.289794 -0.423966 -0.445165 1.0000 1.0000 1.0000
v -1.251620 -0.552318 -0.408080 1.0000 1.0000 1.0000
v -1.201140 -0.664899 -0.373865 1.0000 1.0000 1.0000
v -1.322268 0.198816 -0.462872 1.0000 1.0000 1.0000
v -1.333068 0.040674 -0.476366 1.0000 1.0000 1.0000
v -1.330780 -0.122267 -0.482022 1.0000 1.0000 1.0000
v -1.013896 0.837815 -0.344732 1.0000 1.0000 1.0000
v -0.900101 0.887293 -0.348535 1.0000 1.0000 1.0000
v -0.763815 0.923046 -0.355026 1.0000 1.0000 1.0000
v 0.414257 -1.014727 -0.297348 1.0000 1.0000 1.0000
v 0.353964 -1.025515 -0.302497 1.0000 1.0000 1.0000
v 0.288835 -1.030780 -0.317435 1.0000 1.0000 1.0000
v 0.854224 0.665274 -0.333620 1.0000 1.0000 1.0000
v 0.892360 0.559681 -0.346476 1.0000 1.0000 1.0000
v 0.924371 0.436166 -0.358931 1.0000 1.0000 1.0000
v 0.924338 -0.436163 -0.359010 1.0000 1.0000 1.0000
v 0.892092 -0.559660 -0.347107 1.0000 1.0000 1.0000
v 0.853317 -0.665205 -0.335748 1.0000 1.0000 1.0000
v 0.297454 -0.749922 -0.820588 1.0000 1.0000 1.0000
v 0.369043 -0.733990 -0.808568 1.0000 1.0000 1.0000
v 0.427772 -0.716778 -0.793896 1.0000 1.0000 1.0000
v 0.688213 0.645913 -0.651846 1.0000 1.0000 1.0000
v 0.645568 0.670192 -0.673701 1.0000 1.0000 1.0000
v 0.596318 0.704061 -0.698910 1.0000 1.0000 1.0000
v 0.742388 -0.267262 -0.810562 1.0000 1.0000 1.0000
v 0.681029 -0.270445 -0.850829 1.0000 1.0000 1.0000
v 0.617623 -0.276062 -0.878773 1.0000 1.0000 1.0000
v 0.746604 0.264891 -0.810050 1.0000 1.0000 1.0000
v 0.687081 0.266746 -0.850017 1.0000 1.0000 1.0000
v 0.624421 0.271096 -0.877650 1.0000 1.0000 1.0000
v 0.306524 1.019699 -0.292119 1.0000 1.0000 1.0000
v 0.418070 1.020803 -0.283175 1.0000 1.0000 1.0000
v 0.512942 1.002022 -0.291622 1.0000 1.0000 1.0000
v 0.615598 -0.958889 -0.343197 1.0000 1.0000 1.0000
v 0.577963 -0.975129 -0.315554 1.0000 1.0000 1.0000
v 0.528470 -0.988792 -0.302259 1.0000 1.0000 1.0000
v 0.535527 -0.930089 -0.089971 1.0000 1.0000 1.0000
v 0.519591 -0.938393 -0.173173 1.0000 1.0000 1.0000
v 0.496000 -0.960454 -0.243548 1.0000 1.0000 1.0000
v 0.587528 0.927594 -0.067943 1.0000 1.0000 1.0000
v 0.592223 0.929980 -0.139540 1.0000 1.0000 1.0000
v 0.597065 0.937581 -0.219420 1.0000 1.0000 1.0000
v 0.567043 0.141381 -0.914685 1.0000 1.0000 1.0000
v 0.568733 -0.000739 -0.920177 1.0000 1.0000 1.0000
v 0.564814 -0.143967 -0.915254 1.0000 1.0000 1.0000
v 0.530563 0.634233 -0.792262 1.0000 1.0000 1.0000
v 0.538231 0.518939 -0.836401 1.0000 1.0000 1.0000
v 0.549493 0.401686 -0.872178 1.0000 1.0000 1.0000
v 0.615140 0.930505 -0.434776 1.0000 1.0000 1.0000
v 0.604179 0.891465 -0.537047 1.0000 1.0000 1.0000
v 0.576779 0.840146 -0.636184 1.0000 1.0000 1.0000
v 0.538672 -0.411704 -0.875289 1.0000 1.0000 1.0000
v 0.518874 -0.526673 -0.844131 1.0000 1.0000 1.0000
v 0.498318 -0.623675 -0.810322 1.0000 1.0000 1.0000
v 0.458470 -0.826632 -0.706260 1.0000 1.0000 1.0000
v 0.459168 -0.788999 -0.725305 1.0000 1.0000 1.0000
v 0.466403 -0.750652 -0.749111 1.0000 1.0000 1.0000
v 0.456903 1.202491 -0.780472 1.0000 1.0000 1.0000
v 0.427863 1.224595 -0.797355 1.0000 1.0000 1.0000
v 0.403796 1.240818 -0.798371 1.0000 1.0000 1.0000
v 0.407062 1.314717 -0.655127 1.0000 1.0000 1.0000
v 0.400544 1.306847 -0.711571 1.0000 1.0000 1.0000
v 0.393675 1.279896 -0.759936 1.0000 1.0000 1.0000
v 0.431886 1.309365 -0.595561 1.0000 1.0000 1.0000
v 0.460643 1.298871 -0.582118 1.0000 1.0000 1.0000
v 0.491222 1.274661 -0.576524 1.0000 1.0000 1.0000
v 0.516138 1.249278 -0.620168 1.0000 1.0000 1.0000
v 0.511093 1.238032 -0.676048 1.0000 1.0000 1.0000
v 0.496522 1.210835 -0.726115 1.0000 1.0000 1.0000
v 0.310666 1.116035 -0.770022 1.0000 1.0000 1.0000
v 0.340469 1.160647 -0.789251 1.0000 1.0000 1.0000
v 0.368496 1.210914 -0.794214 1.0000 1.0000 1.0000
v 0.302083 1.129784 -0.495380 1.0000 1.0000 1.0000
v 0.283019 1.088545 -0.449768 1.0000 1.0000 1.0000
v 0.242563 1.041614 -0.398764 1.0000 1.0000 1.0000
v 0.559748 1.042652 -0.408289 1.0000 1.0000 1.0000
v 0.537294 1.127927 -0.476832 1.0000 1.0000 1.0000
v 0.522675 1.201266 -0.535751 1.0000 1.0000 1.0000
v 0.482394 1.120489 -0.755593 1.0000 1.0000 1.0000
v 0.488304 1.024225 -0.746815 1.0000 1.0000 1.0000
v 0.502306 0.906551 -0.736054 1.0000 1.0000 1.0000
v 0.455331 -1.064365 -0.335593 1.0000 1.0000 1.0000
v 0.445414 -1.138449 -0.363757 1.0000 1.0000 1.0000
v 0.440950 -1.211063 -0.391371 1.0000 1.0000 1.0000
v 0.166215 -1.022136 -0.438394 1.0000 1.0000 1.0000
v 0.151460 -1.006928 -0.514218 1.0000 1.0000 1.0000
v 0.156384 -0.982125 -0.586125 1.0000 1.0000 1.0000
v 0.602369 -0.780852 -0.670836 1.0000 1.0000 1.0000
v 0.557718 -0.823286 -0.681330 1.0000 1.0000 1.0000
v 0.511714 -0.854486 -0.687930 1.0000 1.0000 1.0000
v 0.402924 -0.899581 -0.696267 1.0000 1.0000 1.0000
v 0.339070 -0.918090 -0.695067 1.0000 1.0000 1.0000
v 0.269963 -0.933104 -0.685119 1.0000 1.0000 1.0000
v 0.763044 -0.808333 -0.324747 1.0000 1.0000 1.0000
v 0.717266 -0.851540 -0.333503 1.0000 1.0000 1.0000
v 0.675969 -0.889222 -0.356602 1.0000 1.0000 1.0000
v 0.669184 -0.804162 -0.561637 1.0000 1.0000 1.0000
v 0.664389 -0.862666 -0.499163 1.0000 1.0000 1.0000
v 0.656009 -0.906102 -0.438944 1.0000 1.0000 1.0000
v 0.392210 -1.271486 -0.425582 1.0000 1.0000 1.0000
v 0.344797 -1.269296 -0.427434 1.0000 1.0000 1.0000
v 0.304389 -1.258903 -0.435568 1.0000 1.0000 1.0000
v 0.547617 -1.236653 -0.446148 1.0000 1.0000 1.0000
v 0.520081 -1.256599 -0.436022 1.0000 1.0000 1.0000
v 0.483826 -1.265856 -0.430408 1.0000 1.0000 1.0000
v 0.442332 -1.302193 -0.477831 1.0000 1.0000 1.0000
v 0.445892 -1.306843 -0.536059 1.0000 1.0000 1.0000
v 0.450334 -1.282289 -0.592499 1.0000 1.0000 1.0000
v 0.268984 -1.252705 -0.479960 1.0000 1.0000 1.0000
v 0.263267 -1.250812 -0.528207 1.0000 1.0000 1.0000
v 0.266581 -1.233689 -0.576187 1.0000 1.0000 1.0000
v 0.548946 -1.203992 -0.611755 1.0000 1.0000 1.0000
v 0.528396 -1.215212 -0.624092 1.0000 1.0000 1.0000
v 0.497270 -1.222421 -0.632678 1.0000 1.0000 1.0000
v 0.402923 -1.231156 -0.638799 1.0000 1.0000 1.0000
v 0.349396 -1.230400 -0.634430 1.0000 1.0000 1.0000
v 0.303660 -1.222771 -0.622885 1.0000 1.0000 1.0000
v 0.564012 -1.208644 -0.573168 1.0000 1.0000 1.0000
v 0.567069 -1.221309 -0.532956 1.0000 1.0000 1.0000
v 0.566809 -1.221151 -0.489534 1.0000 1.0000 1.0000
v 0.268469 -1.208140 -0.431690 1.0000 1.0000 1.0000
v 0.256073 -1.150648 -0.413984 1.0000 1.0000 1.0000
v 0.239826 -1.085198 -0.392592 1.0000 1.0000 1.0000
v 0.590549 -1.014551 -0.625203 1.0000 1.0000 1.0000
v 0.580398 -1.064526 -0.618282 1.0000 1.0000 1.0000
v 0.569155 -1.133517 -0.609001 1.0000 1.0000 1.0000
v 0.575577 -1.162323 -0.444847 1.0000 1.0000 1.0000
v 0.592267 -1.086807 -0.428632 1.0000 1.0000 1.0000
v 0.613604 -1.006300 -0.409299 1.0000 1.0000 1.0000
v 0.225773 -1.021234 -0.638246 1.0000 1.0000 1.0000
v 0.245835 -1.098927 -0.629315 1.0000 1.0000 1.0000
v 0.261932 -1.167311 -0.619528 1.0000 1.0000 1.0000
v 0.458897 -1.144851 -0.664419 1.0000 1.0000 1.0000
v 0.461479 -1.048465 -0.677834 1.0000 1.0000 1.0000
v 0.462047 -0.955111 -0.685139 1.0000 1.0000 1.0000
v 0.627104 -0.839576 -0.628552 1.0000 1.0000 1.0000
v 0.607717 -0.921510 -0.626145 1.0000 1.0000 1.0000
v 0.597772 -0.976232 -0.626969 1.0000 1.0000 1.0000
v -0.709333 -1.027235 -0.305035 1.0000 1.0000 1.0000
v -0.798652 -1.018312 -0.306751 1.0000 1.0000 1.0000
v -0.869074 -1.009102 -0.325887 1.0000 1.0000 1.0000
v -0.564074 -1.048385 -0.531441 1.0000 1.0000 1.0000
v -0.562052 -1.023873 -0.568783 1.0000 1.0000 1.0000
v -0.574978 -0.998828 -0.614676 1.0000 1.0000 1.0000
v -0.702651 -0.973247 -0.682383 1.0000 1.0000 1.0000
v -0.776330 -0.978367 -0.680727 1.0000 1.0000 1.0000
v -0.839251 -0.983476 -0.668799 1.0000 1.0000 1.0000
v -0.961707 -0.998862 -0.478211 1.0000 1.0000 1.0000
v -0.960295 -0.997502 -0.435975 1.0000 1.0000 1.0000
v -0.947635 -0.998284 -0.394784 1.0000 1.0000 1.0000
v -0.715616 -1.266063 -0.378748 1.0000 1.0000 1.0000
v -0.768600 -1.270022 -0.375232 1.0000 1.0000 1.0000
v -0.821222 -1.260850 -0.378099 1.0000 1.0000 1.0000
v -0.652115 -1.280588 -0.560423 1.0000 1.0000 1.0000
v -0.657630 -1.272899 -0.595984 1.0000 1.0000 1.0000
v -0.669701 -1.257995 -0.623075 1.0000 1.0000 1.0000
v -0.717274 -1.255645 -0.642884 1.0000 1.0000 1.0000
v -0.766274 -1.263977 -0.643198 1.0000 1.0000 1.0000
v -0.815845 -1.258716 -0.637537 1.0000 1.0000 1.0000
v -0.887334 -1.279466 -0.468904 1.0000 1.0000 1.0000
v -0.883112 -1.273575 -0.431730 1.0000 1.0000 1.0000
v -0.871527 -1.260883 -0.402056 1.0000 1.0000 1.0000
v -0.881053 -1.067637 -0.643648 1.0000 1.0000 1.0000
v -0.873956 -1.143579 -0.639645 1.0000 1.0000 1.0000
v -0.862835 -1.206971 -0.634839 1.0000 1.0000 1.0000
v -0.672965 -1.198874 -0.644467 1.0000 1.0000 1.0000
v -0.661740 -1.131429 -0.649658 1.0000 1.0000 1.0000
v -0.647910 -1.051309 -0.654334 1.0000 1.0000 1.0000
v -0.633003 -1.094002 -0.354340 1.0000 1.0000 1.0000
v -0.648580 -1.160614 -0.367183 1.0000 1.0000 1.0000
v -0.664119 -1.218340 -0.377128 1.0000 1.0000 1.0000
v -0.869778 -1.206225 -0.377592 1.0000 1.0000 1.0000
v -0.882789 -1.143732 -0.371254 1.0000 1.0000 1.0000
v -0.896642 -1.071502 -0.365448 1.0000 1.0000 1.0000
v -0.898742 -0.919119 -0.655985 1.0000 1.0000 1.0000
v -0.916209 -0.855100 -0.661847 1.0000 1.0000 1.0000
v -0.943121 -0.794076 -0.662053 1.0000 1.0000 1.0000
v -0.665754 -1.269200 -0.404719 1.0000 1.0000 1.0000
v -0.655026 -1.280431 -0.436811 1.0000 1.0000 1.0000
v -0.650838 -1.284332 -0.476662 1.0000 1.0000 1.0000
v -0.864326 -1.261988 -0.612717 1.0000 1.0000 1.0000
v -0.876990 -1.274794 -0.584609 1.0000 1.0000 1.0000
v -0.883847 -1.280217 -0.549143 1.0000 1.0000 1.0000
v -0.558791 -1.041879 -0.390567 1.0000 1.0000 1.0000
v -0.550135 -1.048297 -0.441006 1.0000 1.0000 1.0000
v -0.558730 -1.057777 -0.481077 1.0000 1.0000 1.0000
v -0.919658 -0.997912 -0.622116 1.0000 1.0000 1.0000
v -0.938598 -1.003841 -0.590885 1.0000 1.0000 1.0000
v -0.949863 -1.004291 -0.556587 1.0000 1.0000 1.0000
v -0.920058 -1.225908 -0.506844 1.0000 1.0000 1.0000
v -0.937925 -1.156151 -0.506650 1.0000 1.0000 1.0000
v -0.947752 -1.078934 -0.510254 1.0000 1.0000 1.0000
v -0.704155 -1.316513 -0.519137 1.0000 1.0000 1.0000
v -0.768927 -1.326959 -0.516659 1.0000 1.0000 1.0000
v -0.833579 -1.315039 -0.513074 1.0000 1.0000 1.0000
v -0.582138 -1.108672 -0.509575 1.0000 1.0000 1.0000
v -0.596425 -1.167460 -0.513213 1.0000 1.0000 1.0000
v -0.616525 -1.230163 -0.517047 1.0000 1.0000 1.0000
v -0.970838 -0.929742 -0.534639 1.0000 1.0000 1.0000
v -0.985653 -0.862923 -0.559266 1.0000 1.0000 1.0000
v -0.995411 -0.797946 -0.595599 1.0000 1.0000 1.0000
v 0.114029 -0.998178 -0.349644 1.0000 1.0000 1.0000
v 0.017549 -0.988045 -0.346993 1.0000 1.0000 1.0000
v -0.085396 -0.984887 -0.344576 1.0000 1.0000 1.0000
v -0.469401 -0.775534 -0.827467 1.0000 1.0000 1.0000
v -0.345599 -0.792383 -0.828240 1.0000 1.0000 1.0000
v -0.245672 -0.812322 -0.819700 1.0000 1.0000 1.0000
v -0.193336 -0.893075 -0.698715 1.0000 1.0000 1.0000
v -0.188492 -0.873257 -0.746879 1.0000 1.0000 1.0000
v -0.184243 -0.850099 -0.784652 1.0000 1.0000 1.0000
v -0.176938 -0.999769 -0.086933 1.0000 1.0000 1.0000
v -0.180597 -0.998150 -0.173336 1.0000 1.0000 1.0000
v -0.186004 -0.993758 -0.258681 1.0000 1.0000 1.0000
v -0.199346 -0.971546 -0.423933 1.0000 1.0000 1.0000
v -0.203389 -0.953633 -0.501900 1.0000 1.0000 1.0000
v -0.202424 -0.933008 -0.574858 1.0000 1.0000 1.0000
v -0.307086 -0.914871 -0.641950 1.0000 1.0000 1.0000
v -0.414165 -0.920924 -0.646431 1.0000 1.0000 1.0000
v -0.514482 -0.934158 -0.655330 1.0000 1.0000 1.0000
v 0.097735 -0.921210 -0.648915 1.0000 1.0000 1.0000
v 0.005705 -0.913038 -0.644653 1.0000 1.0000 1.0000
v -0.093255 -0.911062 -0.642047 1.0000 1.0000 1.0000
v 0.394415 1.281863 -0.580233 1.0000 1.0000 1.0000
v 0.367484 1.239751 -0.549178 1.0000 1.0000 1.0000
v 0.335217 1.193575 -0.532772 1.0000 1.0000 1.0000
v 0.213076 0.906488 -0.764384 1.0000 1.0000 1.0000
v 0.254253 0.982899 -0.758292 1.0000 1.0000 1.0000
v 0.277045 1.045024 -0.753241 1.0000 1.0000 1.0000
v 0.296455 1.143383 -0.575022 1.0000 1.0000 1.0000
v 0.286170 1.122930 -0.639324 1.0000 1.0000 1.0000
v 0.284435 1.101971 -0.703100 1.0000 1.0000 1.0000
v -1.353793 -0.270329 -0.386860 1.0000 1.0000 1.0000
v -1.394229 -0.257580 -0.315443 1.0000 1.0000 1.0000
v -1.439585 -0.246105 -0.270370 1.0000 1.0000 1.0000
v -1.473820 0.183030 -0.092291 1.0000 1.0000 1.0000
v -1.483029 0.144084 -0.167265 1.0000 1.0000 1.0000
v -1.498934 0.098103 -0.212079 1.0000 1.0000 1.0000
v -1.507718 0.026999 -0.248682 1.0000 1.0000 1.0000
v -1.500894 -0.037014 -0.262478 1.0000 1.0000 1.0000
v -1.495522 -0.129388 -0.261515 1.0000 1.0000 1.0000
v -1.685740 -0.117417 -0.135791 1.0000 1.0000 1.0000
v -1.694464 -0.150498 -0.095272 1.0000 1.0000 1.0000
v -1.700734 -0.172691 -0.049059 1.0000 1.0000 1.0000
v -1.597642 0.191296 -0.052917 1.0000 1.0000 1.0000
v -1.607226 0.172212 -0.102241 1.0000 1.0000 1.0000
v -1.620045 0.142972 -0.144378 1.0000 1.0000 1.0000
v -1.645588 0.062498 -0.193437 1.0000 1.0000 1.0000
v -1.656305 0.015978 -0.197513 1.0000 1.0000 1.0000
v -1.666242 -0.031273 -0.188708 1.0000 1.0000 1.0000
v -1.535590 0.061595 -0.223850 1.0000 1.0000 1.0000
v -1.565734 0.066506 -0.210598 1.0000 1.0000 1.0000
v -1.599227 0.079966 -0.192806 1.0000 1.0000 1.0000
v -1.630173 -0.127558 -0.180679 1.0000 1.0000 1.0000
v -1.583425 -0.171060 -0.197862 1.0000 1.0000 1.0000
v -1.535887 -0.205907 -0.218591 1.0000 1.0000 1.0000
v -1.868869 0.181079 -0.123546 1.0000 1.0000 1.0000
v -1.883873 0.166728 -0.086952 1.0000 1.0000 1.0000
v -1.893665 0.158890 -0.044852 1.0000 1.0000 1.0000
v -1.726083 0.389686 -0.046079 1.0000 1.0000 1.0000
v -1.733306 0.378510 -0.089168 1.0000 1.0000 1.0000
v -1.745136 0.360035 -0.126276 1.0000 1.0000 1.0000
v -1.781663 0.302319 -0.171128 1.0000 1.0000 1.0000
v -1.804358 0.267120 -0.176119 1.0000 1.0000 1.0000
v -1.827658 0.232707 -0.169625 1.0000 1.0000 1.0000
v -1.666641 0.146503 -0.164342 1.0000 1.0000 1.0000
v -1.698638 0.200415 -0.158188 1.0000 1.0000 1.0000
v -1.730046 0.264133 -0.155477 1.0000 1.0000 1.0000
v -1.807452 0.119427 -0.152860 1.0000 1.0000 1.0000
v -1.764494 0.045802 -0.154977 1.0000 1.0000 1.0000
v -1.720716 -0.019135 -0.159518 1.0000 1.0000 1.0000
v -1.983763 0.542055 -0.115198 1.0000 1.0000 1.0000
v -2.003434 0.565198 -0.083535 1.0000 1.0000 1.0000
v -2.016337 0.580967 -0.043822 1.0000 1.0000 1.0000
v -1.880694 0.635218 -0.044634 1.0000 1.0000 1.0000
v -1.878718 0.618803 -0.084968 1.0000 1.0000 1.0000
v -1.876975 0.593534 -0.116907 1.0000 1.0000 1.0000
v -1.898262 0.569528 -0.142179 1.0000 1.0000 1.0000
v -1.926429 0.561333 -0.144892 1.0000 1.0000 1.0000
v -1.950609 0.541958 -0.141156 1.0000 1.0000 1.0000
v -1.793026 0.407198 -0.153197 1.0000 1.0000 1.0000
v -1.824317 0.475797 -0.150008 1.0000 1.0000 1.0000
v -1.853914 0.532748 -0.143588 1.0000 1.0000 1.0000
v -1.951669 0.467754 -0.141525 1.0000 1.0000 1.0000
v -1.926086 0.387759 -0.147627 1.0000 1.0000 1.0000
v -1.890630 0.295613 -0.150684 1.0000 1.0000 1.0000
v 0.832256 -0.646222 0.424985 1.0000 1.0000 1.0000
v 0.868355 -0.543700 0.442881 1.0000 1.0000 1.0000
v 0.899888 -0.423999 0.459751 1.0000 1.0000 1.0000
v 0.800341 -0.626837 0.514092 1.0000 1.0000 1.0000
v 0.835005 -0.526092 0.538248 1.0000 1.0000 1.0000
v 0.866307 -0.410090 0.559950 1.0000 1.0000 1.0000
v 0.757713 -0.613261 0.598114 1.0000 1.0000 1.0000
v 0.792887 -0.511260 0.626745 1.0000 1.0000 1.0000
v 0.824412 -0.397699 0.652339 1.0000 1.0000 1.0000
v -0.763380 -0.148893 0.937398 1.0000 1.0000 1.0000
v -0.766067 -0.000315 0.942604 1.0000 1.0000 1.0000
v -0.763958 0.147736 0.937607 1.0000 1.0000 1.0000
v -0.907775 -0.143669 0.902757 1.0000 1.0000 1.0000
v -0.911184 0.000174 0.907798 1.0000 1.0000 1.0000
v -0.907946 0.143844 0.902570 1.0000 1.0000 1.0000
v -1.025688 -0.139500 0.857399 1.0000 1.0000 1.0000
v -1.029768 0.000925 0.862201 1.0000 1.0000 1.0000
v -1.025709 0.141270 0.856536 1.0000 1.0000 1.0000
v 0.899887 0.423914 0.459819 1.0000 1.0000 1.0000
v 0.867919 0.543257 0.443476 1.0000 1.0000 1.0000
v 0.830487 0.644881 0.427113 1.0000 1.0000 1.0000
v 0.866840 0.409529 0.560031 1.0000 1.0000 1.0000
v 0.835812 0.523505 0.539307 1.0000 1.0000 1.0000
v 0.800683 0.619353 0.518633 1.0000 1.0000 1.0000
v 0.826531 0.396024 0.652144 1.0000 1.0000 1.0000
v 0.798159 0.504293 0.626576 1.0000 1.0000 1.0000
v 0.768431 0.592946 0.600062 1.0000 1.0000 1.0000
v -0.746446 0.423583 0.896917 1.0000 1.0000 1.0000
v -0.734650 0.544156 0.859338 1.0000 1.0000 1.0000
v -0.725327 0.649772 0.807745 1.0000 1.0000 1.0000
v -0.882405 0.411011 0.861403 1.0000 1.0000 1.0000
v -0.864500 0.526849 0.824763 1.0000 1.0000 1.0000
v -0.849152 0.627342 0.776111 1.0000 1.0000 1.0000
v -0.993887 0.401164 0.814577 1.0000 1.0000 1.0000
v -0.970264 0.512082 0.779849 1.0000 1.0000 1.0000
v -0.947789 0.605765 0.737183 1.0000 1.0000 1.0000
v 0.608205 -1.028575 0.543421 1.0000 1.0000 1.0000
v 0.628511 -0.975715 0.461475 1.0000 1.0000 1.0000
v 0.635660 -0.931986 0.521792 1.0000 1.0000 1.0000
v 0.637479 -0.875297 0.579953 1.0000 1.0000 1.0000
v 0.614153 -0.951621 0.591494 1.0000 1.0000 1.0000
v 0.599324 -1.000141 0.608590 1.0000 1.0000 1.0000
v 0.592134 -1.058243 0.588586 1.0000 1.0000 1.0000
v 0.579222 -1.137686 0.576965 1.0000 1.0000 1.0000
v 0.586295 -1.140561 0.534963 1.0000 1.0000 1.0000
v 0.585408 -1.149821 0.486590 1.0000 1.0000 1.0000
v 0.605213 -1.061836 0.478123 1.0000 1.0000 1.0000
v -0.752501 0.897554 0.456331 1.0000 1.0000 1.0000
v -0.884215 0.861608 0.445819 1.0000 1.0000 1.0000
v -0.994167 0.811691 0.438496 1.0000 1.0000 1.0000
v -0.739204 0.859820 0.558571 1.0000 1.0000 1.0000
v -0.865854 0.824919 0.542973 1.0000 1.0000 1.0000
v -0.970450 0.777239 0.530464 1.0000 1.0000 1.0000
v -0.727759 0.807497 0.655260 1.0000 1.0000 1.0000
v -0.849873 0.775580 0.633890 1.0000 1.0000 1.0000
v -0.947881 0.734432 0.614192 1.0000 1.0000 1.0000
v -0.724499 -0.654581 0.830308 1.0000 1.0000 1.0000
v -0.732276 -0.550383 0.865035 1.0000 1.0000 1.0000
v -0.743970 -0.428600 0.896772 1.0000 1.0000 1.0000
v -0.842606 -0.633646 0.796208 1.0000 1.0000 1.0000
v -0.862072 -0.530005 0.830569 1.0000 1.0000 1.0000
v -0.881456 -0.412314 0.862280 1.0000 1.0000 1.0000
v -0.941923 -0.619845 0.749504 1.0000 1.0000 1.0000
v -0.968804 -0.515725 0.784230 1.0000 1.0000 1.0000
v -0.993624 -0.400564 0.816514 1.0000 1.0000 1.0000
v -1.414545 0.106017 0.259589 1.0000 1.0000 1.0000
v -1.368573 -0.104462 0.390224 1.0000 1.0000 1.0000
v -1.368855 0.068921 0.375160 1.0000 1.0000 1.0000
v -1.351150 0.232545 0.358555 1.0000 1.0000 1.0000
v -1.372326 0.276434 0.245977 1.0000 1.0000 1.0000
v -1.379017 0.328909 0.124552 1.0000 1.0000 1.0000
v -1.412653 0.226051 0.124850 1.0000 1.0000 1.0000
v -1.444126 0.189218 0.109651 1.0000 1.0000 1.0000
v -1.454578 0.131195 0.197525 1.0000 1.0000 1.0000
v -1.478344 0.070213 0.238050 1.0000 1.0000 1.0000
v -1.461826 0.006385 0.265043 1.0000 1.0000 1.0000
v -1.451821 -0.112682 0.279583 1.0000 1.0000 1.0000
v -1.408790 -0.094751 0.315168 1.0000 1.0000 1.0000
v -1.321912 -0.542178 0.215425 1.0000 1.0000 1.0000
v -1.221071 -0.671799 0.287061 1.0000 1.0000 1.0000
v -1.283118 -0.553110 0.318037 1.0000 1.0000 1.0000
v -1.326284 -0.419311 0.358276 1.0000 1.0000 1.0000
v -1.367750 -0.401102 0.282949 1.0000 1.0000 1.0000
v -1.419267 -0.363683 0.234191 1.0000 1.0000 1.0000
v -1.397061 -0.452589 0.172842 1.0000 1.0000 1.0000
v -1.384435 -0.498286 0.090455 1.0000 1.0000 1.0000
v -1.314518 -0.587407 0.101222 1.0000 1.0000 1.0000
v -1.235054 -0.689397 0.098863 1.0000 1.0000 1.0000
v -1.233555 -0.677184 0.195909 1.0000 1.0000 1.0000
v -1.290601 0.509901 0.316941 1.0000 1.0000 1.0000
v -1.248459 0.621325 0.293428 1.0000 1.0000 1.0000
v -1.193142 0.715475 0.272869 1.0000 1.0000 1.0000
v -1.301952 0.541644 0.213714 1.0000 1.0000 1.0000
v -1.257919 0.646353 0.196456 1.0000 1.0000 1.0000
v -1.201532 0.734230 0.181544 1.0000 1.0000 1.0000
v -1.306543 0.568037 0.107625 1.0000 1.0000 1.0000
v -1.261770 0.664785 0.098492 1.0000 1.0000 1.0000
v -1.204879 0.746452 0.090663 1.0000 1.0000 1.0000
v 0.939009 -0.147860 0.481721 1.0000 1.0000 1.0000
v 0.943958 -0.000002 0.484515 1.0000 1.0000 1.0000
v 0.939024 0.147851 0.481720 1.0000 1.0000 1.0000
v 0.905778 -0.143274 0.587642 1.0000 1.0000 1.0000
v 0.910808 -0.000019 0.591151 1.0000 1.0000 1.0000
v 0.905892 0.143205 0.587628 1.0000 1.0000 1.0000
v 0.863858 -0.139150 0.685171 1.0000 1.0000 1.0000
v 0.868952 -0.000066 0.689327 1.0000 1.0000 1.0000
v 0.864246 0.138920 0.685125 1.0000 1.0000 1.0000
v 0.443834 -0.639672 0.828603 1.0000 1.0000 1.0000
v 0.461553 -0.539923 0.863274 1.0000 1.0000 1.0000
v 0.478614 -0.421714 0.894588 1.0000 1.0000 1.0000
v 0.381699 -0.655260 0.844859 1.0000 1.0000 1.0000
v 0.395243 -0.553151 0.880193 1.0000 1.0000 1.0000
v 0.408954 -0.431737 0.911702 1.0000 1.0000 1.0000
v 0.302716 -0.670618 0.857912 1.0000 1.0000 1.0000
v 0.308411 -0.566952 0.893641 1.0000 1.0000 1.0000
v 0.317089 -0.442299 0.925469 1.0000 1.0000 1.0000
v -0.177918 -0.630585 0.897560 1.0000 1.0000 1.0000
v 0.063492 -0.702653 0.869395 1.0000 1.0000 1.0000
v 0.030374 -0.599752 0.904975 1.0000 1.0000 1.0000
v 0.021185 -0.466261 0.938534 1.0000 1.0000 1.0000
v -0.177929 -0.472982 0.937399 1.0000 1.0000 1.0000
v -0.385119 -0.463284 0.932566 1.0000 1.0000 1.0000
v -0.395159 -0.596217 0.899044 1.0000 1.0000 1.0000
v -0.431403 -0.699428 0.863684 1.0000 1.0000 1.0000
v -0.283800 -0.727990 0.861785 1.0000 1.0000 1.0000
v -0.178766 -0.770586 0.845058 1.0000 1.0000 1.0000
v -0.074609 -0.728637 0.863215 1.0000 1.0000 1.0000
v 0.189045 1.008321 0.479643 1.0000 1.0000 1.0000
v 0.167135 0.971900 0.581511 1.0000 1.0000 1.0000
v 0.174299 0.934892 0.682888 1.0000 1.0000 1.0000
v 0.242869 1.052086 0.513079 1.0000 1.0000 1.0000
v 0.224602 1.019312 0.598359 1.0000 1.0000 1.0000
v 0.228108 0.993559 0.686036 1.0000 1.0000 1.0000
v 0.273795 1.097278 0.546600 1.0000 1.0000 1.0000
v 0.259885 1.070173 0.618093 1.0000 1.0000 1.0000
v 0.260567 1.049876 0.691949 1.0000 1.0000 1.0000
v -0.057451 0.953463 0.451598 1.0000 1.0000 1.0000
v -0.237572 0.943290 0.458044 1.0000 1.0000 1.0000
v -0.422808 0.934637 0.463681 1.0000 1.0000 1.0000
v -0.069213 0.914388 0.569361 1.0000 1.0000 1.0000
v -0.240416 0.904103 0.572273 1.0000 1.0000 1.0000
v -0.419356 0.895884 0.574207 1.0000 1.0000 1.0000
v -0.063111 0.859817 0.681904 1.0000 1.0000 1.0000
v -0.235786 0.849340 0.681422 1.0000 1.0000 1.0000
v -0.413656 0.841718 0.679502 1.0000 1.0000 1.0000
v -1.071231 -0.815864 0.407825 1.0000 1.0000 1.0000
v -1.020699 -0.877803 0.396854 1.0000 1.0000 1.0000
v -0.978421 -0.935751 0.393923 1.0000 1.0000 1.0000
v -1.055479 -0.800579 0.478503 1.0000 1.0000 1.0000
v -1.017719 -0.866722 0.457451 1.0000 1.0000 1.0000
v -0.984952 -0.930134 0.443954 1.0000 1.0000 1.0000
v -1.028197 -0.791603 0.543894 1.0000 1.0000 1.0000
v -1.003925 -0.860552 0.513248 1.0000 1.0000 1.0000
v -0.980561 -0.927914 0.491860 1.0000 1.0000 1.0000
v -0.434463 -0.972460 0.501632 1.0000 1.0000 1.0000
v -0.496603 -1.004969 0.401654 1.0000 1.0000 1.0000
v -0.412071 -0.984102 0.415906 1.0000 1.0000 1.0000
v -0.308740 -0.974725 0.421816 1.0000 1.0000 1.0000
v -0.315162 -0.957805 0.500976 1.0000 1.0000 1.0000
v -0.312613 -0.936565 0.575294 1.0000 1.0000 1.0000
v -0.418879 -0.944912 0.581706 1.0000 1.0000 1.0000
v -0.508636 -0.962067 0.598524 1.0000 1.0000 1.0000
v -0.512208 -0.989562 0.543986 1.0000 1.0000 1.0000
v -0.534074 -1.019965 0.504542 1.0000 1.0000 1.0000
v -0.505318 -1.007085 0.462008 1.0000 1.0000 1.0000
v 0.481911 0.410842 0.891553 1.0000 1.0000 1.0000
v 0.468502 0.531530 0.858337 1.0000 1.0000 1.0000
v 0.457215 0.650269 0.822511 1.0000 1.0000 1.0000
v 0.402068 0.419833 0.909023 1.0000 1.0000 1.0000
v 0.385358 0.543147 0.877121 1.0000 1.0000 1.0000
v 0.370915 0.662988 0.844581 1.0000 1.0000 1.0000
v 0.300428 0.428173 0.923525 1.0000 1.0000 1.0000
v 0.281579 0.553928 0.890113 1.0000 1.0000 1.0000
v 0.266456 0.674895 0.852964 1.0000 1.0000 1.0000
v -0.002574 0.440150 0.941178 1.0000 1.0000 1.0000
v -0.018409 0.567580 0.903316 1.0000 1.0000 1.0000
v -0.032487 0.683975 0.851274 1.0000 1.0000 1.0000
v -0.196078 0.442292 0.942315 1.0000 1.0000 1.0000
v -0.206424 0.568989 0.903765 1.0000 1.0000 1.0000
v -0.216689 0.681410 0.849702 1.0000 1.0000 1.0000
v -0.395650 0.440792 0.936334 1.0000 1.0000 1.0000
v -0.398582 0.566607 0.897908 1.0000 1.0000 1.0000
v -0.402443 0.677061 0.843925 1.0000 1.0000 1.0000
v 0.501123 -0.147232 0.934266 1.0000 1.0000 1.0000
v 0.504160 -0.000802 0.939127 1.0000 1.0000 1.0000
v 0.501767 0.144425 0.933625 1.0000 1.0000 1.0000
v 0.427698 -0.150400 0.951352 1.0000 1.0000 1.0000
v 0.429701 -0.000870 0.956213 1.0000 1.0000 1.0000
v 0.426199 0.147356 0.950743 1.0000 1.0000 1.0000
v 0.331624 -0.153553 0.965591 1.0000 1.0000 1.0000
v 0.332592 -0.001020 0.970568 1.0000 1.0000 1.0000
v 0.328094 0.149983 0.965192 1.0000 1.0000 1.0000
v 0.025334 -0.159797 0.981867 1.0000 1.0000 1.0000
v 0.024797 -0.001783 0.987560 1.0000 1.0000 1.0000
v 0.020556 0.153557 0.982610 1.0000 1.0000 1.0000
v -0.177853 -0.160939 0.982177 1.0000 1.0000 1.0000
v -0.178862 -0.001956 0.988132 1.0000 1.0000 1.0000
v -0.181722 0.154091 0.983368 1.0000 1.0000 1.0000
v -0.389651 -0.158769 0.976004 1.0000 1.0000 1.0000
v -0.391123 -0.001513 0.981789 1.0000 1.0000 1.0000
v -0.392233 0.153472 0.977030 1.0000 1.0000 1.0000
v -0.531740 -0.989924 0.086904 1.0000 1.0000 1.0000
v -0.411383 -0.996887 0.086167 1.0000 1.0000 1.0000
v -0.293544 -0.999422 0.086324 1.0000 1.0000 1.0000
v -0.524439 -0.992258 0.171958 1.0000 1.0000 1.0000
v -0.408401 -0.996683 0.171517 1.0000 1.0000 1.0000
v -0.294119 -0.998078 0.172148 1.0000 1.0000 1.0000
v -0.513992 -0.997723 0.253568 1.0000 1.0000 1.0000
v -0.405719 -0.995727 0.255255 1.0000 1.0000 1.0000
v -0.296262 -0.994378 0.256977 1.0000 1.0000 1.0000
v -0.909975 -0.923179 0.198705 1.0000 1.0000 1.0000
v -1.035550 -0.859577 0.093990 1.0000 1.0000 1.0000
v -0.913886 -0.915248 0.095922 1.0000 1.0000 1.0000
v -0.784736 -0.952694 0.092664 1.0000 1.0000 1.0000
v -0.769594 -0.961587 0.179579 1.0000 1.0000 1.0000
v -0.737463 -0.985718 0.251729 1.0000 1.0000 1.0000
v -0.839504 -0.969203 0.264527 1.0000 1.0000 1.0000
v -0.911083 -0.955229 0.299060 1.0000 1.0000 1.0000
v -0.974404 -0.905080 0.272523 1.0000 1.0000 1.0000
v -1.058798 -0.845619 0.262349 1.0000 1.0000 1.0000
v -1.040816 -0.855438 0.183441 1.0000 1.0000 1.0000
v -0.003533 0.992901 0.075041 1.0000 1.0000 1.0000
v -0.203040 0.993716 0.078901 1.0000 1.0000 1.0000
v -0.408454 0.987770 0.082210 1.0000 1.0000 1.0000
v -0.012813 0.991582 0.153606 1.0000 1.0000 1.0000
v -0.211089 0.990975 0.160991 1.0000 1.0000 1.0000
v -0.413701 0.984602 0.167130 1.0000 1.0000 1.0000
v -0.023162 0.988218 0.239612 1.0000 1.0000 1.0000
v -0.220474 0.983897 0.249533 1.0000 1.0000 1.0000
v -0.419301 0.976400 0.257479 1.0000 1.0000 1.0000
v 0.512772 0.946154 0.067225 1.0000 1.0000 1.0000
v 0.424599 0.962733 0.067417 1.0000 1.0000 1.0000
v 0.314332 0.976456 0.068836 1.0000 1.0000 1.0000
v 0.514435 0.950869 0.137180 1.0000 1.0000 1.0000
v 0.421976 0.968148 0.136762 1.0000 1.0000 1.0000
v 0.308007 0.980213 0.140090 1.0000 1.0000 1.0000
v 0.515906 0.965620 0.212206 1.0000 1.0000 1.0000
v 0.419329 0.984533 0.209241 1.0000 1.0000 1.0000
v 0.302615 0.992036 0.215485 1.0000 1.0000 1.0000
v 0.988417 -0.156215 0.089130 1.0000 1.0000 1.0000
v 0.993210 0.000000 0.089589 1.0000 1.0000 1.0000
v 0.988417 0.156215 0.089130 1.0000 1.0000 1.0000
v 0.985601 -0.155730 0.180145 1.0000 1.0000 1.0000
v 0.990403 0.000000 0.181090 1.0000 1.0000 1.0000
v 0.985601 0.155730 0.180145 1.0000 1.0000 1.0000
v 0.977956 -0.154412 0.274932 1.0000 1.0000 1.0000
v 0.982783 0.000000 0.276413 1.0000 1.0000 1.0000
v 0.977956 0.154412 0.274932 1.0000 1.0000 1.0000
v -1.152589 0.406419 0.684526 1.0000 1.0000 1.0000
v -1.119281 0.516242 0.653098 1.0000 1.0000 1.0000
v -1.077088 0.608520 0.623670 1.0000 1.0000 1.0000
v -1.205146 0.423720 0.602790 1.0000 1.0000 1.0000
v -1.168576 0.536920 0.572136 1.0000 1.0000 1.0000
v -1.119341 0.634157 0.544951 1.0000 1.0000 1.0000
v -1.243841 0.448144 0.512782 1.0000 1.0000 1.0000
v -1.205384 0.563641 0.483058 1.0000 1.0000 1.0000
v -1.152822 0.663211 0.456997 1.0000 1.0000 1.0000
v -1.087823 -0.620911 0.619721 1.0000 1.0000 1.0000
v -1.122410 -0.516021 0.657204 1.0000 1.0000 1.0000
v -1.153226 -0.400374 0.691609 1.0000 1.0000 1.0000
v -1.136926 -0.633952 0.541956 1.0000 1.0000 1.0000
v -1.175283 -0.528385 0.579474 1.0000 1.0000 1.0000
v -1.207955 -0.409746 0.614962 1.0000 1.0000 1.0000
v -1.173837 -0.650771 0.459229 1.0000 1.0000 1.0000
v -1.217120 -0.542445 0.495637 1.0000 1.0000 1.0000
v -1.251956 -0.419283 0.532002 1.0000 1.0000 1.0000
v -1.191762 -0.137266 0.733678 1.0000 1.0000 1.0000
v -1.196595 0.004701 0.737171 1.0000 1.0000 1.0000
v -1.191629 0.146328 0.729601 1.0000 1.0000 1.0000
v -1.247551 -0.136895 0.656844 1.0000 1.0000 1.0000
v -1.252192 0.010366 0.658681 1.0000 1.0000 1.0000
v -1.246487 0.156682 0.649542 1.0000 1.0000 1.0000
v -1.292113 -0.132966 0.572348 1.0000 1.0000 1.0000
v -1.295963 0.021572 0.571285 1.0000 1.0000 1.0000
v -1.288522 0.173799 0.560169 1.0000 1.0000 1.0000
v -0.772922 0.949784 0.084109 1.0000 1.0000 1.0000
v -0.916621 0.915714 0.083319 1.0000 1.0000 1.0000
v -1.035484 0.870845 0.083228 1.0000 1.0000 1.0000
v -0.772735 0.946723 0.170077 1.0000 1.0000 1.0000
v -0.915011 0.912153 0.168164 1.0000 1.0000 1.0000
v -1.033049 0.865854 0.167638 1.0000 1.0000 1.0000
v -0.770284 0.938627 0.259763 1.0000 1.0000 1.0000
v -0.910110 0.903437 0.256061 1.0000 1.0000 1.0000
v -1.026526 0.855420 0.254412 1.0000 1.0000 1.0000
v 0.668775 -0.887890 0.198381 1.0000 1.0000 1.0000
v 0.605789 -0.909685 0.093309 1.0000 1.0000 1.0000
v 0.679038 -0.881201 0.095414 1.0000 1.0000 1.0000
v 0.751378 -0.837948 0.090605 1.0000 1.0000 1.0000
v 0.750908 -0.835181 0.177087 1.0000 1.0000 1.0000
v 0.758301 -0.825086 0.253552 1.0000 1.0000 1.0000
v 0.701156 -0.870513 0.271569 1.0000 1.0000 1.0000
v 0.653090 -0.910030 0.306433 1.0000 1.0000 1.0000
v 0.614960 -0.927200 0.268020 1.0000 1.0000 1.0000
v 0.558772 -0.944345 0.249767 1.0000 1.0000 1.0000
v 0.588937 -0.918940 0.179728 1.0000 1.0000 1.0000
v 0.950230 0.449552 0.085507 1.0000 1.0000 1.0000
v 0.917779 0.577559 0.082653 1.0000 1.0000 1.0000
v 0.877627 0.687336 0.079499 1.0000 1.0000 1.0000
v 0.947377 0.448064 0.172705 1.0000 1.0000 1.0000
v 0.915118 0.575567 0.166893 1.0000 1.0000 1.0000
v 0.875576 0.684864 0.160560 1.0000 1.0000 1.0000
v 0.939586 0.444027 0.263283 1.0000 1.0000 1.0000
v 0.907510 0.570172 0.254305 1.0000 1.0000 1.0000
v 0.868714 0.678202 0.244746 1.0000 1.0000 1.0000
v 0.871741 -0.687558 0.083321 1.0000 1.0000 1.0000
v 0.916035 -0.577625 0.083786 1.0000 1.0000 1.0000
v 0.950012 -0.449561 0.085649 1.0000 1.0000 1.0000
v 0.869479 -0.684999 0.166549 1.0000 1.0000 1.0000
v 0.913311 -0.575607 0.168667 1.0000 1.0000 1.0000
v 0.947152 -0.448069 0.172927 1.0000 1.0000 1.0000
v 0.864534 -0.678100 0.250015 1.0000 1.0000 1.0000
v 0.906271 -0.570142 0.255866 1.0000 1.0000 1.0000
v 0.939431 -0.444023 0.263478 1.0000 1.0000 1.0000
v 0.331236 -0.978659 0.088044 1.0000 1.0000 1.0000
v 0.402561 -0.964812 0.087658 1.0000 1.0000 1.0000
v 0.469045 -0.948318 0.088132 1.0000 1.0000 1.0000
v 0.317297 -0.983811 0.173382 1.0000 1.0000 1.0000
v 0.387996 -0.971376 0.170784 1.0000 1.0000 1.0000
v 0.453927 -0.955814 0.170550 1.0000 1.0000 1.0000
v 0.300547 -0.998429 0.252566 1.0000 1.0000 1.0000
v 0.369727 -0.989384 0.244495 1.0000 1.0000 1.0000
v 0.433596 -0.975990 0.241785 1.0000 1.0000 1.0000
v 0.777886 0.836731 0.073496 1.0000 1.0000 1.0000
v 0.719559 0.878623 0.071091 1.0000 1.0000 1.0000
v 0.656033 0.906788 0.069243 1.0000 1.0000 1.0000
v 0.779047 0.833595 0.149012 1.0000 1.0000 1.0000
v 0.722900 0.876159 0.144823 1.0000 1.0000 1.0000
v 0.660996 0.906415 0.141936 1.0000 1.0000 1.0000
v 0.776460 0.825253 0.228559 1.0000 1.0000 1.0000
v 0.723683 0.869387 0.223769 1.0000 1.0000 1.0000
v 0.665039 0.905079 0.221673 1.0000 1.0000 1.0000
v 0.756269 -0.136252 0.825483 1.0000 1.0000 1.0000
v 0.761336 -0.000296 0.830404 1.0000 1.0000 1.0000
v 0.757982 0.135215 0.825276 1.0000 1.0000 1.0000
v 0.693810 -0.137849 0.866130 1.0000 1.0000 1.0000
v 0.698700 -0.000462 0.871146 1.0000 1.0000 1.0000
v 0.696268 0.136231 0.865800 1.0000 1.0000 1.0000
v 0.629083 -0.140652 0.894110 1.0000 1.0000 1.0000
v 0.633611 -0.000621 0.899106 1.0000 1.0000 1.0000
v 0.631844 0.138479 0.893654 1.0000 1.0000 1.0000
v 0.728504 0.383728 0.784812 1.0000 1.0000 1.0000
v 0.708620 0.488267 0.750173 1.0000 1.0000 1.0000
v 0.692892 0.575839 0.706520 1.0000 1.0000 1.0000
v 0.672487 0.386454 0.823671 1.0000 1.0000 1.0000
v 0.656957 0.494157 0.786431 1.0000 1.0000 1.0000
v 0.645927 0.589264 0.737413 1.0000 1.0000 1.0000
v 0.612637 0.393035 0.850982 1.0000 1.0000 1.0000
v 0.600418 0.505533 0.813517 1.0000 1.0000 1.0000
v 0.592654 0.610416 0.764373 1.0000 1.0000 1.0000
v 0.746866 0.782412 0.405974 1.0000 1.0000 1.0000
v 0.702712 0.827013 0.404820 1.0000 1.0000 1.0000
v 0.657648 0.871637 0.411898 1.0000 1.0000 1.0000
v 0.722640 0.746196 0.497732 1.0000 1.0000 1.0000
v 0.681507 0.787480 0.501685 1.0000 1.0000 1.0000
v 0.640771 0.831194 0.514274 1.0000 1.0000 1.0000
v 0.700422 0.701114 0.581647 1.0000 1.0000 1.0000
v 0.659637 0.735769 0.593521 1.0000 1.0000 1.0000
v 0.616814 0.776593 0.612548 1.0000 1.0000 1.0000
v 0.657744 -0.597329 0.725804 1.0000 1.0000 1.0000
v 0.690772 -0.499038 0.756556 1.0000 1.0000 1.0000
v 0.719818 -0.388704 0.786393 1.0000 1.0000 1.0000
v 0.606156 -0.597677 0.763749 1.0000 1.0000 1.0000
v 0.634427 -0.503277 0.795464 1.0000 1.0000 1.0000
v 0.660404 -0.393257 0.826043 1.0000 1.0000 1.0000
v 0.552476 -0.608084 0.790115 1.0000 1.0000 1.0000
v 0.576457 -0.513501 0.822922 1.0000 1.0000 1.0000
v 0.599232 -0.401636 0.853877 1.0000 1.0000 1.0000
v 0.289804 -1.087053 0.357689 1.0000 1.0000 1.0000
v 0.345612 -1.083161 0.341028 1.0000 1.0000 1.0000
v 0.401244 -1.074687 0.335303 1.0000 1.0000 1.0000
v 0.295495 -1.153212 0.383135 1.0000 1.0000 1.0000
v 0.343135 -1.151728 0.367845 1.0000 1.0000 1.0000
v 0.394302 -1.146027 0.362951 1.0000 1.0000 1.0000
v 0.301272 -1.213845 0.406069 1.0000 1.0000 1.0000
v 0.343583 -1.217627 0.393406 1.0000 1.0000 1.0000
v 0.391800 -1.215844 0.389878 1.0000 1.0000 1.0000
v 0.491511 1.294926 0.638798 1.0000 1.0000 1.0000
v 0.463229 1.321050 0.649129 1.0000 1.0000 1.0000
v 0.434531 1.327250 0.656562 1.0000 1.0000 1.0000
v 0.485964 1.288079 0.697892 1.0000 1.0000 1.0000
v 0.457949 1.315030 0.710897 1.0000 1.0000 1.0000
v 0.429292 1.321010 0.715480 1.0000 1.0000 1.0000
v 0.472989 1.256560 0.747431 1.0000 1.0000 1.0000
v 0.445665 1.282150 0.762004 1.0000 1.0000 1.0000
v 0.419202 1.290739 0.764612 1.0000 1.0000 1.0000
v 0.547904 0.937798 0.659163 1.0000 1.0000 1.0000
v 0.574924 0.976932 0.570558 1.0000 1.0000 1.0000
v 0.581740 1.011951 0.481640 1.0000 1.0000 1.0000
v 0.528000 1.044524 0.682804 1.0000 1.0000 1.0000
v 0.551744 1.073764 0.608962 1.0000 1.0000 1.0000
v 0.556543 1.101866 0.535665 1.0000 1.0000 1.0000
v 0.512879 1.138853 0.705192 1.0000 1.0000 1.0000
v 0.531884 1.164304 0.645487 1.0000 1.0000 1.0000
v 0.536268 1.183901 0.584240 1.0000 1.0000 1.0000
v 0.420078 1.170901 0.438655 1.0000 1.0000 1.0000
v 0.501002 1.070583 0.369758 1.0000 1.0000 1.0000
v 0.418961 1.083269 0.357083 1.0000 1.0000 1.0000
v 0.327106 1.069730 0.361780 1.0000 1.0000 1.0000
v 0.343618 1.126994 0.424111 1.0000 1.0000 1.0000
v 0.343721 1.170464 0.478722 1.0000 1.0000 1.0000
v 0.387379 1.218173 0.494589 1.0000 1.0000 1.0000
v 0.416776 1.269690 0.538892 1.0000 1.0000 1.0000
v 0.449000 1.248728 0.513943 1.0000 1.0000 1.0000
v 0.489800 1.224711 0.512876 1.0000 1.0000 1.0000
v 0.490873 1.152237 0.444112 1.0000 1.0000 1.0000
v 0.369833 1.036153 0.816738 1.0000 1.0000 1.0000
v 0.283218 0.900256 0.806612 1.0000 1.0000 1.0000
v 0.363095 0.903775 0.813255 1.0000 1.0000 1.0000
v 0.438352 0.900561 0.788638 1.0000 1.0000 1.0000
v 0.435389 1.022045 0.792807 1.0000 1.0000 1.0000
v 0.443568 1.124390 0.793093 1.0000 1.0000 1.0000
v 0.405226 1.144568 0.813985 1.0000 1.0000 1.0000
v 0.380558 1.176719 0.814084 1.0000 1.0000 1.0000
v 0.348636 1.110959 0.812658 1.0000 1.0000 1.0000
v 0.309585 1.065740 0.793014 1.0000 1.0000 1.0000
v 0.302492 0.994977 0.801597 1.0000 1.0000 1.0000
v 0.536287 -0.755975 0.709460 1.0000 1.0000 1.0000
v 0.506649 -0.804143 0.700193 1.0000 1.0000 1.0000
v 0.548236 -0.776812 0.695677 1.0000 1.0000 1.0000
v 0.585219 -0.737569 0.695069 1.0000 1.0000 1.0000
v 0.553990 -0.724735 0.718386 1.0000 1.0000 1.0000
v 0.513402 -0.732793 0.735377 1.0000 1.0000 1.0000
v 0.504562 -0.769532 0.716299 1.0000 1.0000 1.0000
v 0.272466 -0.882609 0.713081 1.0000 1.0000 1.0000
v 0.341811 -0.866878 0.714921 1.0000 1.0000 1.0000
v 0.403611 -0.847724 0.711964 1.0000 1.0000 1.0000
v 0.280610 -0.844586 0.747356 1.0000 1.0000 1.0000
v 0.348331 -0.828179 0.742144 1.0000 1.0000 1.0000
v 0.407253 -0.809193 0.734415 1.0000 1.0000 1.0000
v 0.289733 -0.804621 0.783508 1.0000 1.0000 1.0000
v 0.357682 -0.788251 0.773856 1.0000 1.0000 1.0000
v 0.415328 -0.769927 0.762068 1.0000 1.0000 1.0000
v 0.719876 -0.807196 0.441249 1.0000 1.0000 1.0000
v 0.707176 -0.771880 0.518551 1.0000 1.0000 1.0000
v 0.695620 -0.823600 0.468493 1.0000 1.0000 1.0000
v 0.687943 -0.861170 0.412844 1.0000 1.0000 1.0000
v 0.722100 -0.827774 0.394356 1.0000 1.0000 1.0000
v 0.757412 -0.786587 0.395301 1.0000 1.0000 1.0000
v 0.739178 -0.769919 0.461353 1.0000 1.0000 1.0000
v 0.484291 -1.300297 0.479299 1.0000 1.0000 1.0000
v 0.518714 -1.290963 0.481793 1.0000 1.0000 1.0000
v 0.545644 -1.266630 0.486251 1.0000 1.0000 1.0000
v 0.486957 -1.305618 0.535352 1.0000 1.0000 1.0000
v 0.519869 -1.296611 0.534000 1.0000 1.0000 1.0000
v 0.545815 -1.271459 0.532962 1.0000 1.0000 1.0000
v 0.491377 -1.280224 0.589489 1.0000 1.0000 1.0000
v 0.522872 -1.272115 0.584144 1.0000 1.0000 1.0000
v 0.546180 -1.251351 0.577318 1.0000 1.0000 1.0000
v 0.302128 -1.282255 0.478879 1.0000 1.0000 1.0000
v 0.345392 -1.297514 0.476277 1.0000 1.0000 1.0000
v 0.394194 -1.302404 0.476302 1.0000 1.0000 1.0000
v 0.300089 -1.283757 0.530998 1.0000 1.0000 1.0000
v 0.346282 -1.300389 0.533509 1.0000 1.0000 1.0000
v 0.397087 -1.306211 0.535358 1.0000 1.0000 1.0000
v 0.302108 -1.263467 0.582314 1.0000 1.0000 1.0000
v 0.348269 -1.277929 0.589482 1.0000 1.0000 1.0000
v 0.400306 -1.282565 0.592835 1.0000 1.0000 1.0000
v 0.403483 -0.974474 0.687519 1.0000 1.0000 1.0000
v 0.340502 -0.991040 0.683936 1.0000 1.0000 1.0000
v 0.277962 -1.005345 0.669814 1.0000 1.0000 1.0000
v 0.404183 -1.063813 0.679957 1.0000 1.0000 1.0000
v 0.344177 -1.076240 0.675391 1.0000 1.0000 1.0000
v 0.288685 -1.086611 0.660042 1.0000 1.0000 1.0000
v 0.404160 -1.154181 0.666256 1.0000 1.0000 1.0000
v 0.347730 -1.159983 0.661472 1.0000 1.0000 1.0000
v 0.298222 -1.162187 0.646824 1.0000 1.0000 1.0000
v 0.197659 -1.043483 0.584258 1.0000 1.0000 1.0000
v 0.192389 -1.064305 0.518336 1.0000 1.0000 1.0000
v 0.206636 -1.078301 0.450637 1.0000 1.0000 1.0000
v 0.222225 -1.116029 0.580904 1.0000 1.0000 1.0000
v 0.217417 -1.132986 0.522160 1.0000 1.0000 1.0000
v 0.229296 -1.144385 0.463005 1.0000 1.0000 1.0000
v 0.242381 -1.182832 0.577141 1.0000 1.0000 1.0000
v 0.237927 -1.198443 0.525359 1.0000 1.0000 1.0000
v 0.247154 -1.205465 0.473582 1.0000 1.0000 1.0000
v 0.506701 -1.054263 0.339091 1.0000 1.0000 1.0000
v 0.552060 -1.042878 0.349638 1.0000 1.0000 1.0000
v 0.588102 -1.027768 0.372164 1.0000 1.0000 1.0000
v 0.493283 -1.130916 0.367203 1.0000 1.0000 1.0000
v 0.535167 -1.121183 0.376295 1.0000 1.0000 1.0000
v 0.568663 -1.106566 0.395446 1.0000 1.0000 1.0000
v 0.486282 -1.205740 0.394861 1.0000 1.0000 1.0000
v 0.525073 -1.196563 0.402543 1.0000 1.0000 1.0000
v 0.555288 -1.180462 0.417901 1.0000 1.0000 1.0000
v 0.555039 -1.007443 0.660019 1.0000 1.0000 1.0000
v 0.597605 -0.858755 0.656846 1.0000 1.0000 1.0000
v 0.558254 -0.900664 0.671276 1.0000 1.0000 1.0000
v 0.513249 -0.932190 0.679933 1.0000 1.0000 1.0000
v 0.510744 -1.030033 0.671969 1.0000 1.0000 1.0000
v 0.504265 -1.133781 0.658617 1.0000 1.0000 1.0000
v 0.537649 -1.126119 0.648172 1.0000 1.0000 1.0000
v 0.557118 -1.129300 0.631804 1.0000 1.0000 1.0000
v 0.570388 -1.048988 0.640214 1.0000 1.0000 1.0000
v 0.586663 -0.994497 0.638107 1.0000 1.0000 1.0000
v 0.588278 -0.940329 0.647982 1.0000 1.0000 1.0000
v -0.706914 -1.050939 0.670098 1.0000 1.0000 1.0000
v -0.772335 -1.055937 0.671543 1.0000 1.0000 1.0000
v -0.832622 -1.061581 0.662192 1.0000 1.0000 1.0000
v -0.711656 -1.132009 0.662907 1.0000 1.0000 1.0000
v -0.769890 -1.136271 0.664853 1.0000 1.0000 1.0000
v -0.826696 -1.139765 0.656790 1.0000 1.0000 1.0000
v -0.715875 -1.202627 0.655024 1.0000 1.0000 1.0000
v -0.767764 -1.208068 0.656601 1.0000 1.0000 1.0000
v -0.819784 -1.207693 0.649595 1.0000 1.0000 1.0000
v -0.712221 -1.288784 0.623253 1.0000 1.0000 1.0000
v -0.765940 -1.299589 0.621886 1.0000 1.0000 1.0000
v -0.820253 -1.290432 0.617265 1.0000 1.0000 1.0000
v -0.706452 -1.306967 0.595263 1.0000 1.0000 1.0000
v -0.766557 -1.318320 0.592779 1.0000 1.0000 1.0000
v -0.827056 -1.307419 0.588642 1.0000 1.0000 1.0000
v -0.704163 -1.314568 0.559742 1.0000 1.0000 1.0000
v -0.767714 -1.325583 0.556976 1.0000 1.0000 1.0000
v -0.831401 -1.314005 0.553061 1.0000 1.0000 1.0000
v -0.844774 -1.075905 0.343188 1.0000 1.0000 1.0000
v -0.777149 -1.082355 0.331990 1.0000 1.0000 1.0000
v -0.701011 -1.088673 0.334906 1.0000 1.0000 1.0000
v -0.831705 -1.147338 0.354026 1.0000 1.0000 1.0000
v -0.768829 -1.152919 0.346807 1.0000 1.0000 1.0000
v -0.703541 -1.157045 0.350917 1.0000 1.0000 1.0000
v -0.823821 -1.211651 0.363966 1.0000 1.0000 1.0000
v -0.767343 -1.218234 0.358964 1.0000 1.0000 1.0000
v -0.710466 -1.218818 0.363291 1.0000 1.0000 1.0000
v -0.913416 -1.074146 0.617276 1.0000 1.0000 1.0000
v -0.932512 -1.079046 0.585052 1.0000 1.0000 1.0000
v -0.942726 -1.080405 0.548941 1.0000 1.0000 1.0000
v -0.905914 -1.149237 0.614396 1.0000 1.0000 1.0000
v -0.924618 -1.154463 0.582579 1.0000 1.0000 1.0000
v -0.934026 -1.156712 0.545957 1.0000 1.0000 1.0000
v -0.891360 -1.213890 0.612401 1.0000 1.0000 1.0000
v -0.908299 -1.221979 0.582483 1.0000 1.0000 1.0000
v -0.916739 -1.225748 0.546401 1.0000 1.0000 1.0000
v -0.593460 -1.099614 0.390561 1.0000 1.0000 1.0000
v -0.578123 -1.104547 0.432383 1.0000 1.0000 1.0000
v -0.577675 -1.109003 0.472396 1.0000 1.0000 1.0000
v -0.614304 -1.164944 0.395405 1.0000 1.0000 1.0000
v -0.598176 -1.168711 0.431753 1.0000 1.0000 1.0000
v -0.594325 -1.170034 0.471908 1.0000 1.0000 1.0000
v -0.635353 -1.224190 0.401184 1.0000 1.0000 1.0000
v -0.620631 -1.230479 0.434438 1.0000 1.0000 1.0000
v -0.615848 -1.232254 0.474387 1.0000 1.0000 1.0000
v -0.886810 -0.784992 0.702462 1.0000 1.0000 1.0000
v -0.864664 -0.849719 0.690418 1.0000 1.0000 1.0000
v -0.849281 -0.913801 0.678736 1.0000 1.0000 1.0000
v -0.807567 -0.792113 0.737036 1.0000 1.0000 1.0000
v -0.793658 -0.853106 0.714769 1.0000 1.0000 1.0000
v -0.783269 -0.912403 0.695514 1.0000 1.0000 1.0000
v -0.713687 -0.805693 0.763046 1.0000 1.0000 1.0000
v -0.708425 -0.860186 0.732809 1.0000 1.0000 1.0000
v -0.704074 -0.912191 0.704871 1.0000 1.0000 1.0000
v -0.920504 -1.223917 0.466902 1.0000 1.0000 1.0000
v -0.938638 -1.153574 0.466956 1.0000 1.0000 1.0000
v -0.949709 -1.075981 0.470341 1.0000 1.0000 1.0000
v -0.914929 -1.218956 0.430123 1.0000 1.0000 1.0000
v -0.932811 -1.149584 0.429541 1.0000 1.0000 1.0000
v -0.945100 -1.072830 0.431357 1.0000 1.0000 1.0000
v -0.899160 -1.210972 0.399799 1.0000 1.0000 1.0000
v -0.915712 -1.145251 0.396997 1.0000 1.0000 1.0000
v -0.929035 -1.070807 0.395642 1.0000 1.0000 1.0000
v -0.704796 -1.316347 0.476568 1.0000 1.0000 1.0000
v -0.769754 -1.326253 0.474574 1.0000 1.0000 1.0000
v -0.834378 -1.313979 0.471745 1.0000 1.0000 1.0000
v -0.707331 -1.310857 0.436440 1.0000 1.0000 1.0000
v -0.770034 -1.319999 0.434631 1.0000 1.0000 1.0000
v -0.832253 -1.307616 0.433129 1.0000 1.0000 1.0000
v -0.712548 -1.295429 0.403046 1.0000 1.0000 1.0000
v -0.769673 -1.302952 0.400688 1.0000 1.0000 1.0000
v -0.826278 -1.291328 0.401157 1.0000 1.0000 1.0000
v -0.619442 -1.225514 0.558328 1.0000 1.0000 1.0000
v -0.600045 -1.160198 0.553555 1.0000 1.0000 1.0000
v -0.584483 -1.097407 0.545779 1.0000 1.0000 1.0000
v -0.627394 -1.217528 0.594997 1.0000 1.0000 1.0000
v -0.608784 -1.149689 0.591355 1.0000 1.0000 1.0000
v -0.590987 -1.080637 0.583541 1.0000 1.0000 1.0000
v -0.644291 -1.206348 0.624276 1.0000 1.0000 1.0000
v -0.627962 -1.138493 0.624677 1.0000 1.0000 1.0000
v -0.610071 -1.063567 0.622236 1.0000 1.0000 1.0000
v -0.954923 -0.892929 0.608581 1.0000 1.0000 1.0000
v -0.966470 -0.827912 0.622858 1.0000 1.0000 1.0000
v -0.968398 -0.876098 0.591242 1.0000 1.0000 1.0000
v -0.960088 -0.935110 0.570113 1.0000 1.0000 1.0000
v -0.947415 -0.937571 0.600233 1.0000 1.0000 1.0000
v -0.929629 -0.929379 0.629073 1.0000 1.0000 1.0000
v -0.944640 -0.872419 0.632077 1.0000 1.0000 1.0000
v -0.090826 -0.845380 0.787705 1.0000 1.0000 1.0000
v -0.085631 -0.871246 0.747930 1.0000 1.0000 1.0000
v -0.088273 -0.891889 0.699378 1.0000 1.0000 1.0000
v 0.007708 -0.836626 0.792215 1.0000 1.0000 1.0000
v 0.014973 -0.867898 0.749970 1.0000 1.0000 1.0000
v 0.012134 -0.891717 0.701259 1.0000 1.0000 1.0000
v 0.110576 -0.827970 0.793251 1.0000 1.0000 1.0000
v 0.112341 -0.863821 0.750924 1.0000 1.0000 1.0000
v 0.106722 -0.892962 0.703887 1.0000 1.0000 1.0000
v -0.076453 -0.993615 0.260499 1.0000 1.0000 1.0000
v -0.067752 -0.997994 0.174641 1.0000 1.0000 1.0000
v -0.061123 -0.999592 0.087612 1.0000 1.0000 1.0000
v 0.029866 -0.994881 0.262380 1.0000 1.0000 1.0000
v 0.041789 -0.997568 0.175864 1.0000 1.0000 1.0000
v 0.051097 -0.998442 0.088206 1.0000 1.0000 1.0000
v 0.130195 -0.998270 0.263852 1.0000 1.0000 1.0000
v 0.144659 -0.996251 0.176682 1.0000 1.0000 1.0000
v 0.156098 -0.995298 0.088594 1.0000 1.0000 1.0000
v -0.514314 -0.903509 0.705391 1.0000 1.0000 1.0000
v -0.409509 -0.897778 0.702192 1.0000 1.0000 1.0000
v -0.301458 -0.894675 0.699715 1.0000 1.0000 1.0000
v -0.507884 -0.870292 0.749490 1.0000 1.0000 1.0000
v -0.400246 -0.871804 0.750164 1.0000 1.0000 1.0000
v -0.293438 -0.873089 0.748339 1.0000 1.0000 1.0000
v -0.494314 -0.830086 0.789753 1.0000 1.0000 1.0000
v -0.381602 -0.838456 0.791660 1.0000 1.0000 1.0000
v -0.278602 -0.846418 0.787955 1.0000 1.0000 1.0000
v 0.087794 -0.948863 0.583282 1.0000 1.0000 1.0000
v 0.000938 -0.935339 0.579310 1.0000 1.0000 1.0000
v -0.096808 -0.931714 0.576402 1.0000 1.0000 1.0000
v 0.086053 -0.972559 0.510249 1.0000 1.0000 1.0000
v 0.000842 -0.956942 0.506724 1.0000 1.0000 1.0000
v -0.096980 -0.952412 0.503883 1.0000 1.0000 1.0000
v 0.096237 -0.989579 0.432186 1.0000 1.0000 1.0000
v 0.007002 -0.975110 0.428828 1.0000 1.0000 1.0000
v -0.092799 -0.970759 0.426126 1.0000 1.0000 1.0000
v 0.323157 1.193124 0.594357 1.0000 1.0000 1.0000
v 0.313672 1.176813 0.661053 1.0000 1.0000 1.0000
v 0.310273 1.151214 0.723595 1.0000 1.0000 1.0000
v 0.352596 1.242577 0.613717 1.0000 1.0000 1.0000
v 0.342770 1.228642 0.681744 1.0000 1.0000 1.0000
v 0.338686 1.200270 0.743414 1.0000 1.0000 1.0000
v 0.380527 1.285149 0.637251 1.0000 1.0000 1.0000
v 0.371770 1.274113 0.699506 1.0000 1.0000 1.0000
v 0.366942 1.246616 0.754566 1.0000 1.0000 1.0000
v -1.538899 -0.128019 0.242993 1.0000 1.0000 1.0000
v -1.539550 -0.052333 0.251307 1.0000 1.0000 1.0000
v -1.539397 0.010260 0.243858 1.0000 1.0000 1.0000
v -1.581833 -0.109059 0.223040 1.0000 1.0000 1.0000
v -1.578416 -0.045595 0.234081 1.0000 1.0000 1.0000
v -1.573428 0.013496 0.229972 1.0000 1.0000 1.0000
v -1.624307 -0.075789 0.204103 1.0000 1.0000 1.0000
v -1.617496 -0.021752 0.214656 1.0000 1.0000 1.0000
v -1.609331 0.031135 0.211224 1.0000 1.0000 1.0000
v -1.707559 0.022006 0.178715 1.0000 1.0000 1.0000
v -1.694355 0.065075 0.186219 1.0000 1.0000 1.0000
v -1.680813 0.107448 0.181579 1.0000 1.0000 1.0000
v -1.748238 0.083666 0.173245 1.0000 1.0000 1.0000
v -1.731640 0.124087 0.180070 1.0000 1.0000 1.0000
v -1.715005 0.164018 0.175151 1.0000 1.0000 1.0000
v -1.788273 0.153851 0.170736 1.0000 1.0000 1.0000
v -1.768270 0.191830 0.177294 1.0000 1.0000 1.0000
v -1.748507 0.229783 0.172289 1.0000 1.0000 1.0000
v -1.514910 -0.355951 0.065772 1.0000 1.0000 1.0000
v -1.520930 -0.324924 0.126900 1.0000 1.0000 1.0000
v -1.529015 -0.273622 0.178984 1.0000 1.0000 1.0000
v -1.579820 -0.294645 0.057923 1.0000 1.0000 1.0000
v -1.581307 -0.267584 0.112405 1.0000 1.0000 1.0000
v -1.582913 -0.225278 0.160079 1.0000 1.0000 1.0000
v -1.642405 -0.234825 0.052549 1.0000 1.0000 1.0000
v -1.639546 -0.210399 0.102140 1.0000 1.0000 1.0000
v -1.635338 -0.173547 0.145821 1.0000 1.0000 1.0000
v -1.524733 0.107610 0.192884 1.0000 1.0000 1.0000
v -1.512324 0.148082 0.145234 1.0000 1.0000 1.0000
v -1.503957 0.178044 0.078140 1.0000 1.0000 1.0000
v -1.554723 0.112460 0.176224 1.0000 1.0000 1.0000
v -1.543279 0.149203 0.127748 1.0000 1.0000 1.0000
v -1.534845 0.174027 0.067135 1.0000 1.0000 1.0000
v -1.587122 0.122049 0.159197 1.0000 1.0000 1.0000
v -1.575203 0.155031 0.113275 1.0000 1.0000 1.0000
v -1.566182 0.176607 0.058804 1.0000 1.0000 1.0000
v -1.865833 0.318796 0.168236 1.0000 1.0000 1.0000
v -1.839688 0.347777 0.174663 1.0000 1.0000 1.0000
v -1.814565 0.378447 0.169728 1.0000 1.0000 1.0000
v -1.900025 0.404358 0.164442 1.0000 1.0000 1.0000
v -1.872727 0.427627 0.170593 1.0000 1.0000 1.0000
v -1.846282 0.451968 0.165852 1.0000 1.0000 1.0000
v -1.927749 0.480679 0.156099 1.0000 1.0000 1.0000
v -1.901858 0.500139 0.161472 1.0000 1.0000 1.0000
v -1.875271 0.516618 0.157318 1.0000 1.0000 1.0000
v -1.753513 -0.104695 0.046905 1.0000 1.0000 1.0000
v -1.745296 -0.085122 0.090999 1.0000 1.0000 1.0000
v -1.733772 -0.055723 0.129473 1.0000 1.0000 1.0000
v -1.802000 -0.028293 0.045708 1.0000 1.0000 1.0000
v -1.792936 -0.011939 0.088630 1.0000 1.0000 1.0000
v -1.779876 0.013307 0.125982 1.0000 1.0000 1.0000
v -1.848086 0.058805 0.045135 1.0000 1.0000 1.0000
v -1.838692 0.071270 0.087502 1.0000 1.0000 1.0000
v -1.824694 0.091599 0.124333 1.0000 1.0000 1.0000
v -1.651977 0.179786 0.134674 1.0000 1.0000 1.0000
v -1.638676 0.205533 0.095220 1.0000 1.0000 1.0000
v -1.629020 0.222150 0.049241 1.0000 1.0000 1.0000
v -1.683082 0.230585 0.129444 1.0000 1.0000 1.0000
v -1.669829 0.253263 0.091440 1.0000 1.0000 1.0000
v -1.660608 0.267538 0.047263 1.0000 1.0000 1.0000
v -1.713941 0.291843 0.127154 1.0000 1.0000 1.0000
v -1.701200 0.312042 0.089792 1.0000 1.0000 1.0000
v -1.692824 0.324402 0.046403 1.0000 1.0000 1.0000
v -1.972250 0.586219 0.117134 1.0000 1.0000 1.0000
v -1.946075 0.608560 0.119096 1.0000 1.0000 1.0000
v -1.912352 0.611089 0.118066 1.0000 1.0000 1.0000
v -1.990440 0.617328 0.084124 1.0000 1.0000 1.0000
v -1.960607 0.641934 0.084922 1.0000 1.0000 1.0000
v -1.921128 0.641806 0.084901 1.0000 1.0000 1.0000
v -2.002126 0.636501 0.043943 1.0000 1.0000 1.0000
v -1.969789 0.662075 0.044184 1.0000 1.0000 1.0000
v -1.926830 0.660688 0.044386 1.0000 1.0000 1.0000
v -1.939185 0.271843 0.044583 1.0000 1.0000 1.0000
v -1.928508 0.274272 0.086385 1.0000 1.0000 1.0000
v -1.911958 0.281300 0.122647 1.0000 1.0000 1.0000
v -1.979314 0.387907 0.044277 1.0000 1.0000 1.0000
v -1.967495 0.384217 0.085482 1.0000 1.0000 1.0000
v -1.949183 0.382337 0.120698 1.0000 1.0000 1.0000
v -2.007279 0.494948 0.043972 1.0000 1.0000 1.0000
v -1.994509 0.484762 0.084225 1.0000 1.0000 1.0000
v -1.974861 0.472394 0.117372 1.0000 1.0000 1.0000
v -1.777120 0.431015 0.125359 1.0000 1.0000 1.0000
v -1.766642 0.448741 0.088588 1.0000 1.0000 1.0000
v -1.760845 0.459728 0.045803 1.0000 1.0000 1.0000
v -1.809814 0.498151 0.123282 1.0000 1.0000 1.0000
v -1.801630 0.516545 0.087594 1.0000 1.0000 1.0000
v -1.797741 0.528440 0.045451 1.0000 1.0000 1.0000
v -1.843028 0.554400 0.119629 1.0000 1.0000 1.0000
v -1.838743 0.575283 0.086097 1.0000 1.0000 1.0000
v -1.837453 0.589143 0.045022 1.0000 1.0000 1.0000
v 0.832256 -0.646222 -0.424985 1.0000 1.0000 1.0000
v 0.800341 -0.626837 -0.514092 1.0000 1.0000 1.0000
v 0.757713 -0.613261 -0.598114 1.0000 1.0000 1.0000
v 0.868355 -0.543700 -0.442881 1.0000 1.0000 1.0000
v 0.835005 -0.526092 -0.538248 1.0000 1.0000 1.0000
v 0.792887 -0.511260 -0.626745 1.0000 1.0000 1.0000
v 0.899887 -0.423999 -0.459751 1.0000 1.0000 1.0000
v 0.866307 -0.410090 -0.559950 1.0000 1.0000 1.0000
v 0.824412 -0.397700 -0.652338 1.0000 1.0000 1.0000
v -0.763380 -0.148893 -0.937398 1.0000 1.0000 1.0000
v -0.907775 -0.143669 -0.902757 1.0000 1.0000 1.0000
v -1.025688 -0.139500 -0.857399 1.0000 1.0000 1.0000
v -0.766067 -0.000315 -0.942604 1.0000 1.0000 1.0000
v -0.911184 0.000174 -0.907798 1.0000 1.0000 1.0000
v -1.029767 0.000925 -0.862201 1.0000 1.0000 1.0000
v -0.763958 0.147736 -0.937607 1.0000 1.0000 1.0000
v -0.907946 0.143844 -0.902570 1.0000 1.0000 1.0000
v -1.025709 0.141270 -0.856536 1.0000 1.0000 1.0000
v 0.899887 0.423914 -0.459819 1.0000 1.0000 1.0000
v 0.866840 0.409528 -0.560031 1.0000 1.0000 1.0000
v 0.826531 0.396024 -0.652144 1.0000 1.0000 1.0000
v 0.867919 0.543257 -0.443476 1.0000 1.0000 1.0000
v 0.835812 0.523505 -0.539307 1.0000 1.0000 1.0000
v 0.798159 0.504293 -0.626576 1.0000 1.0000 1.0000
v 0.830487 0.644881 -0.427113 1.0000 1.0000 1.0000
v 0.800683 0.619353 -0.518633 1.0000 1.0000 1.0000
v 0.768431 0.592946 -0.600062 1.0000 1.0000 1.0000
v -0.746446 0.423583 -0.896917 1.0000 1.0000 1.0000
v -0.882405 0.411011 -0.861403 1.0000 1.0000 1.0000
v -0.993887 0.401164 -0.814577 1.0000 1.0000 1.0000
v -0.734650 0.544156 -0.859338 1.0000 1.0000 1.0000
v -0.864500 0.526849 -0.824763 1.0000 1.0000 1.0000
v -0.970264 0.512082 -0.779849 1.0000 1.0000 1.0000
v -0.725327 0.649772 -0.807745 1.0000 1.0000 1.0000
v -0.849152 0.627342 -0.776111 1.0000 1.0000 1.0000
v -0.947789 0.605765 -0.737183 1.0000 1.0000 1.0000
v 0.608205 -1.028575 -0.543421 1.0000 1.0000 1.0000
v 0.628511 -0.975715 -0.461475 1.0000 1.0000 1.0000
v 0.605213 -1.061837 -0.478123 1.0000 1.0000 1.0000
v 0.585408 -1.149821 -0.486590 1.0000 1.0000 1.0000
v 0.586295 -1.140561 -0.534963 1.0000 1.0000 1.0000
v 0.579222 -1.137686 -0.576965 1.0000 1.0000 1.0000
v 0.592134 -1.058244 -0.588586 1.0000 1.0000 1.0000
v 0.599325 -1.000141 -0.608590 1.0000 1.0000 1.0000
v 0.614153 -0.951621 -0.591494 1.0000 1.0000 1.0000
v 0.637479 -0.875297 -0.579953 1.0000 1.0000 1.0000
v 0.635660 -0.931986 -0.521792 1.0000 1.0000 1.0000
v -0.752501 0.897554 -0.456331 1.0000 1.0000 1.0000
v -0.739204 0.859820 -0.558571 1.0000 1.0000 1.0000
v -0.727759 0.807497 -0.655260 1.0000 1.0000 1.0000
v -0.884215 0.861608 -0.445819 1.0000 1.0000 1.0000
v -0.865854 0.824919 -0.542973 1.0000 1.0000 1.0000
v -0.849873 0.775580 -0.633890 1.0000 1.0000 1.0000
v -0.994167 0.811691 -0.438496 1.0000 1.0000 1.0000
v -0.970450 0.777239 -0.530464 1.0000 1.0000 1.0000
v -0.947881 0.734432 -0.614192 1.0000 1.0000 1.0000
v -0.724499 -0.654581 -0.830308 1.0000 1.0000 1.0000
v -0.842606 -0.633646 -0.796208 1.0000 1.0000 1.0000
v -0.941923 -0.619845 -0.749504 1.0000 1.0000 1.0000
v -0.732276 -0.550383 -0.865035 1.0000 1.0000 1.0000
v -0.862071 -0.530005 -0.830569 1.0000 1.0000 1.0000
v -0.968804 -0.515725 -0.784230 1.0000 1.0000 1.0000
v -0.743970 -0.428600 -0.896772 1.0000 1.0000 1.0000
v -0.881456 -0.412314 -0.862280 1.0000 1.0000 1.0000
v -0.993624 -0.400564 -0.816514 1.0000 1.0000 1.0000
v -1.414545 0.106017 -0.259589 1.0000 1.0000 1.0000
v -1.368574 -0.104462 -0.390224 1.0000 1.0000 1.0000
v -1.408790 -0.094751 -0.315168 1.0000 1.0000 1.0000
v -1.451821 -0.112682 -0.279583 1.0000 1.0000 1.0000
v -1.461826 0.006385 -0.265043 1.0000 1.0000 1.0000
v -1.478344 0.070213 -0.238050 1.0000 1.0000 1.0000
v -1.454578 0.131195 -0.197525 1.0000 1.0000 1.0000
v -1.444125 0.189218 -0.109651 1.0000 1.0000 1.0000
v -1.412653 0.226051 -0.124850 1.0000 1.0000 1.0000
v -1.379017 0.328909 -0.124552 1.0000 1.0000 1.0000
v -1.372326 0.276434 -0.245977 1.0000 1.0000 1.0000
v -1.351150 0.232545 -0.358555 1.0000 1.0000 1.0000
v -1.368855 0.068921 -0.375160 1.0000 1.0000 1.0000
v -1.321912 -0.542178 -0.215425 1.0000 1.0000 1.0000
v -1.221071 -0.671799 -0.287061 1.0000 1.0000 1.0000
v -1.233555 -0.677184 -0.195909 1.0000 1.0000 1.0000
v -1.235054 -0.689397 -0.098863 1.0000 1.0000 1.0000
v -1.314518 -0.587407 -0.101222 1.0000 1.0000 1.0000
v -1.384435 -0.498286 -0.090455 1.0000 1.0000 1.0000
v -1.397061 -0.452589 -0.172842 1.0000 1.0000 1.0000
v -1.419267 -0.363683 -0.234191 1.0000 1.0000 1.0000
v -1.367750 -0.401102 -0.282949 1.0000 1.0000 1.0000
v -1.326284 -0.419311 -0.358276 1.0000 1.0000 1.0000
v -1.283118 -0.553110 -0.318037 1.0000 1.0000 1.0000
v -1.290601 0.509901 -0.316941 1.0000 1.0000 1.0000
v -1.301952 0.541644 -0.213714 1.0000 1.0000 1.0000
v -1.306543 0.568037 -0.107625 1.0000 1.0000 1.0000
v -1.248459 0.621325 -0.293428 1.0000 1.0000 1.0000
v -1.257919 0.646354 -0.196456 1.0000 1.0000 1.0000
v -1.261770 0.664785 -0.098492 1.0000 1.0000 1.0000
v -1.193142 0.715475 -0.272869 1.0000 1.0000 1.0000
v -1.201532 0.734230 -0.181544 1.0000 1.0000 1.0000
v -1.204878 0.746452 -0.090663 1.0000 1.0000 1.0000
v 0.939009 -0.147860 -0.481721 1.0000 1.0000 1.0000
v 0.905778 -0.143274 -0.587642 1.0000 1.0000 1.0000
v 0.863858 -0.139150 -0.685171 1.0000 1.0000 1.0000
v 0.943958 -0.000002 -0.484515 1.0000 1.0000 1.0000
v 0.910808 -0.000019 -0.591152 1.0000 1.0000 1.0000
v 0.868952 -0.000066 -0.689327 1.0000 1.0000 1.0000
v 0.939024 0.147851 -0.481720 1.0000 1.0000 1.0000
v 0.905892 0.143205 -0.587628 1.0000 1.0000 1.0000
v 0.864246 0.138920 -0.685125 1.0000 1.0000 1.0000
v 0.443834 -0.639672 -0.828603 1.0000 1.0000 1.0000
v 0.381699 -0.655260 -0.844859 1.0000 1.0000 1.0000
v 0.302716 -0.670618 -0.857912 1.0000 1.0000 1.0000
v 0.461553 -0.539923 -0.863274 1.0000 1.0000 1.0000
v 0.395243 -0.553151 -0.880193 1.0000 1.0000 1.0000
v 0.308411 -0.566952 -0.893641 1.0000 1.0000 1.0000
v 0.478614 -0.421714 -0.894588 1.0000 1.0000 1.0000
v 0.408954 -0.431737 -0.911702 1.0000 1.0000 1.0000
v 0.317089 -0.442299 -0.925469 1.0000 1.0000 1.0000
v -0.177918 -0.630585 -0.897560 1.0000 1.0000 1.0000
v 0.063492 -0.702653 -0.869395 1.0000 1.0000 1.0000
v -0.074609 -0.728637 -0.863215 1.0000 1.0000 1.0000
v -0.178766 -0.770585 -0.845058 1.0000 1.0000 1.0000
v -0.283800 -0.727990 -0.861785 1.0000 1.0000 1.0000
v -0.431403 -0.699428 -0.863684 1.0000 1.0000 1.0000
v -0.395159 -0.596217 -0.899044 1.0000 1.0000 1.0000
v -0.385119 -0.463284 -0.932566 1.0000 1.0000 1.0000
v -0.177929 -0.472982 -0.937399 1.0000 1.0000 1.0000
v 0.021185 -0.466261 -0.938534 1.0000 1.0000 1.0000
v 0.030374 -0.599752 -0.904975 1.0000 1.0000 1.0000
v 0.189045 1.008321 -0.479643 1.0000 1.0000 1.0000
v 0.242869 1.052086 -0.513080 1.0000 1.0000 1.0000
v 0.273795 1.097278 -0.546600 1.0000 1.0000 1.0000
v 0.167135 0.971900 -0.581511 1.0000 1.0000 1.0000
v 0.224602 1.019312 -0.598359 1.0000 1.0000 1.0000
v 0.259885 1.070173 -0.618093 1.0000 1.0000 1.0000
v 0.174299 0.934892 -0.682888 1.0000 1.0000 1.0000
v 0.228108 0.993559 -0.686036 1.0000 1.0000 1.0000
v 0.260567 1.049876 -0.691949 1.0000 1.0000 1.0000
v -0.057451 0.953463 -0.451598 1.0000 1.0000 1.0000
v -0.069213 0.914388 -0.569361 1.0000 1.0000 1.0000
v -0.063111 0.859817 -0.681904 1.0000 1.0000 1.0000
v -0.237572 0.943289 -0.458043 1.0000 1.0000 1.0000
v -0.240416 0.904103 -0.572273 1.0000 1.0000 1.0000
v -0.235786 0.849340 -0.681422 1.0000 1.0000 1.0000
v -0.422808 0.934637 -0.463681 1.0000 1.0000 1.0000
v -0.419356 0.895884 -0.574207 1.0000 1.0000 1.0000
v -0.413656 0.841718 -0.679502 1.0000 1.0000 1.0000
v -1.071231 -0.815864 -0.407825 1.0000 1.0000 1.0000
v -1.055479 -0.800579 -0.478503 1.0000 1.0000 1.0000
v -1.028197 -0.791603 -0.543894 1.0000 1.0000 1.0000
v -1.020699 -0.877803 -0.396854 1.0000 1.0000 1.0000
v -1.017719 -0.866722 -0.457451 1.0000 1.0000 1.0000
v -1.003925 -0.860552 -0.513248 1.0000 1.0000 1.0000
v -0.978421 -0.935751 -0.393923 1.0000 1.0000 1.0000
v -0.984952 -0.930134 -0.443954 1.0000 1.0000 1.0000
v -0.980561 -0.927915 -0.491860 1.0000 1.0000 1.0000
v -0.434463 -0.972460 -0.501632 1.0000 1.0000 1.0000
v -0.496603 -1.004969 -0.401654 1.0000 1.0000 1.0000
v -0.505318 -1.007085 -0.462008 1.0000 1.0000 1.0000
v -0.534073 -1.019965 -0.504542 1.0000 1.0000 1.0000
v -0.512208 -0.989562 -0.543986 1.0000 1.0000 1.0000
v -0.508636 -0.962067 -0.598524 1.0000 1.0000 1.0000
v -0.418879 -0.944912 -0.581706 1.0000 1.0000 1.0000
v -0.312613 -0.936565 -0.575294 1.0000 1.0000 1.0000
v -0.315162 -0.957805 -0.500976 1.0000 1.0000 1.0000
v -0.308740 -0.974725 -0.421816 1.0000 1.0000 1.0000
v -0.412071 -0.984102 -0.415906 1.0000 1.0000 1.0000
v 0.481911 0.410842 -0.891553 1.0000 1.0000 1.0000
v 0.402068 0.419833 -0.909023 1.0000 1.0000 1.0000
v 0.300428 0.428173 -0.923525 1.0000 1.0000 1.0000
v 0.468502 0.531530 -0.858337 1.0000 1.0000 1.0000
v 0.385358 0.543147 -0.877121 1.0000 1.0000 1.0000
v 0.281579 0.553928 -0.890113 1.0000 1.0000 1.0000
v 0.457215 0.650269 -0.822511 1.0000 1.0000 1.0000
v 0.370915 0.662988 -0.844581 1.0000 1.0000 1.0000
v 0.266456 0.674895 -0.852964 1.0000 1.0000 1.0000
v -0.002574 0.440150 -0.941178 1.0000 1.0000 1.0000
v -0.196078 0.442292 -0.942315 1.0000 1.0000 1.0000
v -0.395650 0.440792 -0.936334 1.0000 1.0000 1.0000
v -0.018409 0.567579 -0.903316 1.0000 1.0000 1.0000
v -0.206424 0.568989 -0.903765 1.0000 1.0000 1.0000
v -0.398582 0.566607 -0.897908 1.0000 1.0000 1.0000
v -0.032487 0.683975 -0.851274 1.0000 1.0000 1.0000
v -0.216689 0.681410 -0.849703 1.0000 1.0000 1.0000
v -0.402443 0.677061 -0.843925 1.0000 1.0000 1.0000
v 0.501123 -0.147232 -0.934266 1.0000 1.0000 1.0000
v 0.427698 -0.150400 -0.951352 1.0000 1.0000 1.0000
v 0.331624 -0.153553 -0.965591 1.0000 1.0000 1.0000
v 0.504160 -0.000802 -0.939127 1.0000 1.0000 1.0000
v 0.429701 -0.000870 -0.956213 1.0000 1.0000 1.0000
v 0.332592 -0.001020 -0.970568 1.0000 1.0000 1.0000
v 0.501767 0.144425 -0.933625 1.0000 1.0000 1.0000
v 0.426199 0.147356 -0.950743 1.0000 1.0000 1.0000
v 0.328094 0.149983 -0.965192 1.0000 1.0000 1.0000
v 0.025334 -0.159797 -0.981867 1.0000 1.0000 1.0000
v -0.177853 -0.160939 -0.982177 1.0000 1.0000 1.0000
v -0.389651 -0.158769 -0.976004 1.0000 1.0000 1.0000
v 0.024797 -0.001783 -0.987560 1.0000 1.0000 1.0000
v -0.178862 -0.001956 -0.988132 1.0000 1.0000 1.0000
v -0.391123 -0.001513 -0.981789 1.0000 1.0000 1.0000
v 0.020556 0.153557 -0.982610 1.0000 1.0000 1.0000
v -0.181722 0.154091 -0.983368 1.0000 1.0000 1.0000
v -0.392233 0.153472 -0.977030 1.0000 1.0000 1.0000
v -0.531740 -0.989923 -0.086904 1.0000 1.0000 1.0000
v -0.524439 -0.992258 -0.171958 1.0000 1.0000 1.0000
v -0.513992 -0.997723 -0.253568 1.0000 1.0000 1.0000
v -0.411383 -0.996887 -0.086167 1.0000 1.0000 1.0000
v -0.408401 -0.996683 -0.171517 1.0000 1.0000 1.0000
v -0.405719 -0.995727 -0.255255 1.0000 1.0000 1.0000
v -0.293544 -0.999422 -0.086324 1.0000 1.0000 1.0000
v -0.294119 -0.998078 -0.172148 1.0000 1.0000 1.0000
v -0.296262 -0.994378 -0.256977 1.0000 1.0000 1.0000
v -0.909975 -0.923179 -0.198705 1.0000 1.0000 1.0000
v -1.035550 -0.859577 -0.093990 1.0000 1.0000 1.0000
v -1.040816 -0.855438 -0.183441 1.0000 1.0000 1.0000
v -1.058798 -0.845619 -0.262349 1.0000 1.0000 1.0000
v -0.974404 -0.905080 -0.272523 1.0000 1.0000 1.0000
v -0.911083 -0.955229 -0.299060 1.0000 1.0000 1.0000
v -0.839504 -0.969203 -0.264527 1.0000 1.0000 1.0000
v -0.737463 -0.985718 -0.251729 1.0000 1.0000 1.0000
v -0.769594 -0.961587 -0.179579 1.0000 1.0000 1.0000
v -0.784735 -0.952694 -0.092664 1.0000 1.0000 1.0000
v -0.913886 -0.915248 -0.095922 1.0000 1.0000 1.0000
v -0.003533 0.992901 -0.075041 1.0000 1.0000 1.0000
v -0.012813 0.991582 -0.153606 1.0000 1.0000 1.0000
v -0.023162 0.988218 -0.239612 1.0000 1.0000 1.0000
v -0.203040 0.993716 -0.078901 1.0000 1.0000 1.0000
v -0.211089 0.990975 -0.160991 1.0000 1.0000 1.0000
v -0.220474 0.983897 -0.249533 1.0000 1.0000 1.0000
v -0.408454 0.987770 -0.082210 1.0000 1.0000 1.0000
v -0.413701 0.984602 -0.167130 1.0000 1.0000 1.0000
v -0.419301 0.976400 -0.257479 1.0000 1.0000 1.0000
v 0.512772 0.946154 -0.067225 1.0000 1.0000 1.0000
v 0.514435 0.950869 -0.137180 1.0000 1.0000 1.0000
v 0.515906 0.965620 -0.212206 1.0000 1.0000 1.0000
v 0.424599 0.962733 -0.067417 1.0000 1.0000 1.0000
v 0.421976 0.968148 -0.136762 1.0000 1.0000 1.0000
v 0.419329 0.984533 -0.209241 1.0000 1.0000 1.0000
v 0.314332 0.976456 -0.068836 1.0000 1.0000 1.0000
v 0.308007 0.980213 -0.140090 1.0000 1.0000 1.0000
v 0.302615 0.992036 -0.215485 1.0000 1.0000 1.0000
v 0.988417 -0.156215 -0.089130 1.0000 1.0000 1.0000
v 0.985601 -0.155730 -0.180145 1.0000 1.0000 1.0000
v 0.977956 -0.154412 -0.274932 1.0000 1.0000 1.0000
v 0.993210 -0.000000 -0.089589 1.0000 1.0000 1.0000
v 0.990403 0.000000 -0.181090 1.0000 1.0000 1.0000
v 0.982783 -0.000000 -0.276413 1.0000 1.0000 1.0000
v 0.988417 0.156215 -0.089130 1.0000 1.0000 1.0000
v 0.985601 0.155730 -0.180145 1.0000 1.0000 1.0000
v 0.977956 0.154412 -0.274932 1.0000 1.0000 1.0000
v -1.152589 0.406419 -0.684526 1.0000 1.0000 1.0000
v -1.205146 0.423720 -0.602790 1.0000 1.0000 1.0000
v -1.243841 0.448144 -0.512782 1.0000 1.0000 1.0000
v -1.119281 0.516242 -0.653098 1.0000 1.0000 1.0000
v -1.168576 0.536920 -0.572136 1.0000 1.0000 1.0000
v -1.205384 0.563641 -0.483058 1.0000 1.0000 1.0000
v -1.077088 0.608520 -0.623670 1.0000 1.0000 1.0000
v -1.119341 0.634157 -0.544951 1.0000 1.0000 1.0000
v -1.152822 0.663211 -0.456997 1.0000 1.0000 1.0000
v -1.087823 -0.620911 -0.619721 1.0000 1.0000 1.0000
v -1.136926 -0.633952 -0.541956 1.0000 1.0000 1.0000
v -1.173837 -0.650771 -0.459229 1.0000 1.0000 1.0000
v -1.122410 -0.516021 -0.657204 1.0000 1.0000 1.0000
v -1.175283 -0.528385 -0.579474 1.0000 1.0000 1.0000
v -1.217120 -0.542445 -0.495637 1.0000 1.0000 1.0000
v -1.153226 -0.400374 -0.691609 1.0000 1.0000 1.0000
v -1.207955 -0.409746 -0.614962 1.0000 1.0000 1.0000
v -1.251956 -0.419283 -0.532002 1.0000 1.0000 1.0000
v -1.191762 -0.137266 -0.733678 1.0000 1.0000 1.0000
v -1.247551 -0.136895 -0.656844 1.0000 1.0000 1.0000
v -1.292113 -0.132966 -0.572348 1.0000 1.0000 1.0000
v -1.196595 0.004701 -0.737171 1.0000 1.0000 1.0000
v -1.252192 0.010366 -0.658681 1.0000 1.0000 1.0000
v -1.295962 0.021572 -0.571285 1.0000 1.0000 1.0000
v -1.191629 0.146328 -0.729601 1.0000 1.0000 1.0000
v -1.246487 0.156682 -0.649542 1.0000 1.0000 1.0000
v -1.288522 0.173798 -0.560169 1.0000 1.0000 1.0000
v -0.772922 0.949784 -0.084109 1.0000 1.0000 1.0000
v -0.772735 0.946723 -0.170077 1.0000 1.0000 1.0000
v -0.770284 0.938627 -0.259763 1.0000 1.0000 1.0000
v -0.916621 0.915714 -0.083319 1.0000 1.0000 1.0000
v -0.915011 0.912153 -0.168164 1.0000 1.0000 1.0000
v -0.910110 0.903438 -0.256061 1.0000 1.0000 1.0000
v -1.035484 0.870845 -0.083228 1.0000 1.0000 1.0000
v -1.033049 0.865854 -0.167638 1.0000 1.0000 1.0000
v -1.026526 0.855420 -0.254412 1.0000 1.0000 1.0000
v 0.668775 -0.887890 -0.198381 1.0000 1.0000 1.0000
v 0.605789 -0.909685 -0.093309 1.0000 1.0000 1.0000
v 0.588937 -0.918940 -0.179728 1.0000 1.0000 1.0000
v 0.558772 -0.944345 -0.249767 1.0000 1.0000 1.0000
v 0.614960 -0.927200 -0.268020 1.0000 1.0000 1.0000
v 0.653090 -0.910030 -0.306433 1.0000 1.0000 1.0000
v 0.701156 -0.870514 -0.271569 1.0000 1.0000 1.0000
v 0.758301 -0.825086 -0.253552 1.0000 1.0000 1.0000
v 0.750908 -0.835181 -0.177087 1.0000 1.0000 1.0000
v 0.751378 -0.837948 -0.090605 1.0000 1.0000 1.0000
v 0.679038 -0.881201 -0.095414 1.0000 1.0000 1.0000
v 0.950230 0.449552 -0.085507 1.0000 1.0000 1.0000
v 0.947377 0.448064 -0.172705 1.0000 1.0000 1.0000
v 0.939586 0.444027 -0.263283 1.0000 1.0000 1.0000
v 0.917779 0.577559 -0.082653 1.0000 1.0000 1.0000
v 0.915118 0.575567 -0.166893 1.0000 1.0000 1.0000
v 0.907510 0.570172 -0.254305 1.0000 1.0000 1.0000
v 0.877627 0.687336 -0.079499 1.0000 1.0000 1.0000
v 0.875576 0.684863 -0.160560 1.0000 1.0000 1.0000
v 0.868714 0.678202 -0.244746 1.0000 1.0000 1.0000
v 0.871741 -0.687558 -0.083321 1.0000 1.0000 1.0000
v 0.869479 -0.684999 -0.166549 1.0000 1.0000 1.0000
v 0.864534 -0.678100 -0.250015 1.0000 1.0000 1.0000
v 0.916035 -0.577625 -0.083786 1.0000 1.0000 1.0000
v 0.913311 -0.575607 -0.168667 1.0000 1.0000 1.0000
v 0.906271 -0.570142 -0.255866 1.0000 1.0000 1.0000
v 0.950012 -0.449561 -0.085649 1.0000 1.0000 1.0000
v 0.947152 -0.448069 -0.172927 1.0000 1.0000 1.0000
v 0.939431 -0.444023 -0.263478 1.0000 1.0000 1.0000
v 0.331236 -0.978659 -0.088044 1.0000 1.0000 1.0000
v 0.317297 -0.983811 -0.173382 1.0000 1.0000 1.0000
v 0.300547 -0.998429 -0.252566 1.0000 1.0000 1.0000
v 0.402561 -0.964812 -0.087658 1.0000 1.0000 1.0000
v 0.387996 -0.971376 -0.170784 1.0000 1.0000 1.0000
v 0.369727 -0.989384 -0.244495 1.0000 1.0000 1.0000
v 0.469045 -0.948318 -0.088132 1.0000 1.0000 1.0000
v 0.453927 -0.955814 -0.170550 1.0000 1.0000 1.0000
v 0.433596 -0.975990 -0.241785 1.0000 1.0000 1.0000
v 0.777886 0.836731 -0.073496 1.0000 1.0000 1.0000
v 0.779047 0.833595 -0.149012 1.0000 1.0000 1.0000
v 0.776460 0.825253 -0.228559 1.0000 1.0000 1.0000
v 0.719559 0.878623 -0.071091 1.0000 1.0000 1.0000
v 0.722900 0.876159 -0.144823 1.0000 1.0000 1.0000
v 0.723683 0.869387 -0.223769 1.0000 1.0000 1.0000
v 0.656033 0.906788 -0.069243 1.0000 1.0000 1.0000
v 0.660996 0.906415 -0.141936 1.0000 1.0000 1.0000
v 0.665038 0.905079 -0.221673 1.0000 1.0000 1.0000
v 0.756269 -0.136252 -0.825484 1.0000 1.0000 1.0000
v 0.693810 -0.137849 -0.866130 1.0000 1.0000 1.0000
v 0.629083 -0.140652 -0.894110 1.0000 1.0000 1.0000
v 0.761336 -0.000296 -0.830404 1.0000 1.0000 1.0000
v 0.698700 -0.000462 -0.871146 1.0000 1.0000 1.0000
v 0.633611 -0.000621 -0.899106 1.0000 1.0000 1.0000
v 0.757982 0.135215 -0.825276 1.0000 1.0000 1.0000
v 0.696268 0.136231 -0.865800 1.0000 1.0000 1.0000
v 0.631844 0.138479 -0.893654 1.0000 1.0000 1.0000
v 0.728504 0.383728 -0.784812 1.0000 1.0000 1.0000
v 0.672487 0.386454 -0.823671 1.0000 1.0000 1.0000
v 0.612637 0.393035 -0.850982 1.0000 1.0000 1.0000
v 0.708620 0.488267 -0.750173 1.0000 1.0000 1.0000
v 0.656957 0.494157 -0.786431 1.0000 1.0000 1.0000
v 0.600418 0.505533 -0.813517 1.0000 1.0000 1.0000
v 0.692892 0.575839 -0.706520 1.0000 1.0000 1.0000
v 0.645927 0.589264 -0.737413 1.0000 1.0000 1.0000
v 0.592654 0.610416 -0.764373 1.0000 1.0000 1.0000
v 0.746866 0.782412 -0.405974 1.0000 1.0000 1.0000
v 0.722640 0.746196 -0.497731 1.0000 1.0000 1.0000
v 0.700422 0.701114 -0.581647 1.0000 1.0000 1.0000
v 0.702713 0.827013 -0.404820 1.0000 1.0000 1.0000
v 0.681507 0.787480 -0.501685 1.0000 1.0000 1.0000
v 0.659638 0.735769 -0.593521 1.0000 1.0000 1.0000
v 0.657648 0.871637 -0.411898 1.0000 1.0000 1.0000
v 0.640771 0.831194 -0.514274 1.0000 1.0000 1.0000
v 0.616814 0.776593 -0.612547 1.0000 1.0000 1.0000
v 0.657744 -0.597329 -0.725804 1.0000 1.0000 1.0000
v 0.606156 -0.597677 -0.763749 1.0000 1.0000 1.0000
v 0.552476 -0.608084 -0.790115 1.0000 1.0000 1.0000
v 0.690772 -0.499038 -0.756556 1.0000 1.0000 1.0000
v 0.634427 -0.503277 -0.795464 1.0000 1.0000 1.0000
v 0.576457 -0.513501 -0.822922 1.0000 1.0000 1.0000
v 0.719818 -0.388704 -0.786393 1.0000 1.0000 1.0000
v 0.660404 -0.393257 -0.826043 1.0000 1.0000 1.0000
v 0.599232 -0.401636 -0.853877 1.0000 1.0000 1.0000
v 0.289804 -1.087053 -0.357689 1.0000 1.0000 1.0000
v 0.295495 -1.153212 -0.383135 1.0000 1.0000 1.0000
v 0.301272 -1.213845 -0.406069 1.0000 1.0000 1.0000
v 0.345612 -1.083161 -0.341028 1.0000 1.0000 1.0000
v 0.343135 -1.151728 -0.367845 1.0000 1.0000 1.0000
v 0.343583 -1.217627 -0.393406 1.0000 1.0000 1.0000
v 0.401244 -1.074687 -0.335303 1.0000 1.0000 1.0000
v 0.394302 -1.146027 -0.362951 1.0000 1.0000 1.0000
v 0.391800 -1.215844 -0.389878 1.0000 1.0000 1.0000
v 0.491511 1.294926 -0.638798 1.0000 1.0000 1.0000
v 0.485964 1.288079 -0.697892 1.0000 1.0000 1.0000
v 0.472989 1.256560 -0.747431 1.0000 1.0000 1.0000
v 0.463229 1.321050 -0.649129 1.0000 1.0000 1.0000
v 0.457949 1.315030 -0.710897 1.0000 1.0000 1.0000
v 0.445665 1.282150 -0.762004 1.0000 1.0000 1.0000
v 0.434532 1.327249 -0.656562 1.0000 1.0000 1.0000
v 0.429292 1.321010 -0.715480 1.0000 1.0000 1.0000
v 0.419202 1.290739 -0.764612 1.0000 1.0000 1.0000
v 0.547904 0.937798 -0.659162 1.0000 1.0000 1.0000
v 0.528000 1.044524 -0.682804 1.0000 1.0000 1.0000
v 0.512879 1.138853 -0.705192 1.0000 1.0000 1.0000
v 0.574924 0.976932 -0.570558 1.0000 1.0000 1.0000
v 0.551744 1.073764 -0.608962 1.0000 1.0000 1.0000
v 0.531884 1.164304 -0.645487 1.0000 1.0000 1.0000
v 0.581740 1.011951 -0.481640 1.0000 1.0000 1.0000
v 0.556543 1.101865 -0.535665 1.0000 1.0000 1.0000
v 0.536268 1.183901 -0.584240 1.0000 1.0000 1.0000
v 0.420078 1.170901 -0.438655 1.0000 1.0000 1.0000
v 0.501002 1.070583 -0.369758 1.0000 1.0000 1.0000
v 0.490873 1.152236 -0.444112 1.0000 1.0000 1.0000
v 0.489800 1.224711 -0.512876 1.0000 1.0000 1.0000
v 0.449000 1.248728 -0.513943 1.0000 1.0000 1.0000
v 0.416776 1.269690 -0.538892 1.0000 1.0000 1.0000
v 0.387379 1.218172 -0.494590 1.0000 1.0000 1.0000
v 0.343721 1.170464 -0.478722 1.0000 1.0000 1.0000
v 0.343618 1.126994 -0.424111 1.0000 1.0000 1.0000
v 0.327106 1.069730 -0.361780 1.0000 1.0000 1.0000
v 0.418961 1.083269 -0.357083 1.0000 1.0000 1.0000
v 0.369833 1.036153 -0.816738 1.0000 1.0000 1.0000
v 0.283218 0.900256 -0.806612 1.0000 1.0000 1.0000
v 0.302492 0.994977 -0.801597 1.0000 1.0000 1.0000
v 0.309585 1.065740 -0.793014 1.0000 1.0000 1.0000
v 0.348636 1.110959 -0.812658 1.0000 1.0000 1.0000
v 0.380558 1.176719 -0.814084 1.0000 1.0000 1.0000
v 0.405226 1.144568 -0.813985 1.0000 1.0000 1.0000
v 0.443568 1.124390 -0.793093 1.0000 1.0000 1.0000
v 0.435389 1.022045 -0.792807 1.0000 1.0000 1.0000
v 0.438352 0.900561 -0.788638 1.0000 1.0000 1.0000
v 0.363095 0.903775 -0.813255 1.0000 1.0000 1.0000
v 0.536287 -0.755975 -0.709460 1.0000 1.0000 1.0000
v 0.506649 -0.804142 -0.700193 1.0000 1.0000 1.0000
v 0.504562 -0.769532 -0.716299 1.0000 1.0000 1.0000
v 0.513402 -0.732793 -0.735377 1.0000 1.0000 1.0000
v 0.553990 -0.724735 -0.718386 1.0000 1.0000 1.0000
v 0.585219 -0.737569 -0.695069 1.0000 1.0000 1.0000
v 0.548236 -0.776812 -0.695677 1.0000 1.0000 1.0000
v 0.272466 -0.882609 -0.713081 1.0000 1.0000 1.0000
v 0.280610 -0.844586 -0.747356 1.0000 1.0000 1.0000
v 0.289733 -0.804621 -0.783508 1.0000 1.0000 1.0000
v 0.341811 -0.866878 -0.714921 1.0000 1.0000 1.0000
v 0.348331 -0.828179 -0.742144 1.0000 1.0000 1.0000
v 0.357682 -0.788251 -0.773856 1.0000 1.0000 1.0000
v 0.403611 -0.847724 -0.711964 1.0000 1.0000 1.0000
v 0.407253 -0.809193 -0.734415 1.0000 1.0000 1.0000
v 0.415328 -0.769927 -0.762068 1.0000 1.0000 1.0000
v 0.719876 -0.807196 -0.441249 1.0000 1.0000 1.0000
v 0.707176 -0.771880 -0.518551 1.0000 1.0000 1.0000
v 0.739178 -0.769918 -0.461353 1.0000 1.0000 1.0000
v 0.757412 -0.786587 -0.395301 1.0000 1.0000 1.0000
v 0.722100 -0.827774 -0.394356 1.0000 1.0000 1.0000
v 0.687943 -0.861170 -0.412844 1.0000 1.0000 1.0000
v 0.695620 -0.823600 -0.468493 1.0000 1.0000 1.0000
v 0.484291 -1.300298 -0.479299 1.0000 1.0000 1.0000
v 0.486957 -1.305618 -0.535352 1.0000 1.0000 1.0000
v 0.491377 -1.280224 -0.589489 1.0000 1.0000 1.0000
v 0.518714 -1.290963 -0.481793 1.0000 1.0000 1.0000
v 0.519868 -1.296611 -0.534000 1.0000 1.0000 1.0000
v 0.522872 -1.272115 -0.584144 1.0000 1.0000 1.0000
v 0.545644 -1.266630 -0.486251 1.0000 1.0000 1.0000
v 0.545815 -1.271459 -0.532962 1.0000 1.0000 1.0000
v 0.546180 -1.251351 -0.577318 1.0000 1.0000 1.0000
v 0.302128 -1.282255 -0.478879 1.0000 1.0000 1.0000
v 0.300089 -1.283757 -0.530998 1.0000 1.0000 1.0000
v 0.302108 -1.263467 -0.582313 1.0000 1.0000 1.0000
v 0.345392 -1.297514 -0.476277 1.0000 1.0000 1.0000
v 0.346282 -1.300390 -0.533509 1.0000 1.0000 1.0000
v 0.348269 -1.277929 -0.589482 1.0000 1.0000 1.0000
v 0.394194 -1.302405 -0.476302 1.0000 1.0000 1.0000
v 0.397087 -1.306211 -0.535358 1.0000 1.0000 1.0000
v 0.400306 -1.282565 -0.592834 1.0000 1.0000 1.0000
v 0.403483 -0.974474 -0.687519 1.0000 1.0000 1.0000
v 0.404182 -1.063814 -0.679957 1.0000 1.0000 1.0000
v 0.404160 -1.154181 -0.666256 1.0000 1.0000 1.0000
v 0.340502 -0.991040 -0.683936 1.0000 1.0000 1.0000
v 0.344177 -1.076240 -0.675391 1.0000 1.0000 1.0000
v 0.347730 -1.159983 -0.661472 1.0000 1.0000 1.0000
v 0.277962 -1.005345 -0.669814 1.0000 1.0000 1.0000
v 0.288685 -1.086611 -0.660042 1.0000 1.0000 1.0000
v 0.298222 -1.162187 -0.646824 1.0000 1.0000 1.0000
v 0.197659 -1.043483 -0.584258 1.0000 1.0000 1.0000
v 0.222225 -1.116029 -0.580904 1.0000 1.0000 1.0000
v 0.242381 -1.182832 -0.577141 1.0000 1.0000 1.0000
v 0.192389 -1.064305 -0.518336 1.0000 1.0000 1.0000
v 0.217417 -1.132986 -0.522160 1.0000 1.0000 1.0000
v 0.237927 -1.198443 -0.525359 1.0000 1.0000 1.0000
v 0.206636 -1.078301 -0.450637 1.0000 1.0000 1.0000
v 0.229296 -1.144385 -0.463005 1.0000 1.0000 1.0000
v 0.247154 -1.205465 -0.473582 1.0000 1.0000 1.0000
v 0.506701 -1.054263 -0.339091 1.0000 1.0000 1.0000
v 0.493283 -1.130916 -0.367203 1.0000 1.0000 1.0000
v 0.486282 -1.205740 -0.394861 1.0000 1.0000 1.0000
v 0.552060 -1.042878 -0.349638 1.0000 1.0000 1.0000
v 0.535167 -1.121183 -0.376295 1.0000 1.0000 1.0000
v 0.525073 -1.196562 -0.402543 1.0000 1.0000 1.0000
v 0.588102 -1.027768 -0.372164 1.0000 1.0000 1.0000
v 0.568663 -1.106566 -0.395446 1.0000 1.0000 1.0000
v 0.555288 -1.180462 -0.417901 1.0000 1.0000 1.0000
v 0.555039 -1.007443 -0.660019 1.0000 1.0000 1.0000
v 0.597604 -0.858755 -0.656846 1.0000 1.0000 1.0000
v 0.588278 -0.940329 -0.647982 1.0000 1.0000 1.0000
v 0.586663 -0.994497 -0.638107 1.0000 1.0000 1.0000
v 0.570388 -1.048988 -0.640214 1.0000 1.0000 1.0000
v 0.557118 -1.129300 -0.631804 1.0000 1.0000 1.0000
v 0.537649 -1.126119 -0.648172 1.0000 1.0000 1.0000
v 0.504265 -1.133781 -0.658617 1.0000 1.0000 1.0000
v 0.510744 -1.030033 -0.671969 1.0000 1.0000 1.0000
v 0.513249 -0.932190 -0.679933 1.0000 1.0000 1.0000
v 0.558254 -0.900664 -0.671276 1.0000 1.0000 1.0000
v -0.706914 -1.050939 -0.670098 1.0000 1.0000 1.0000
v -0.711656 -1.132009 -0.662907 1.0000 1.0000 1.0000
v -0.715875 -1.202627 -0.655024 1.0000 1.0000 1.0000
v -0.772335 -1.055937 -0.671543 1.0000 1.0000 1.0000
v -0.769890 -1.136271 -0.664853 1.0000 1.0000 1.0000
v -0.767764 -1.208068 -0.656601 1.0000 1.0000 1.0000
v -0.832622 -1.061581 -0.662192 1.0000 1.0000 1.0000
v -0.826696 -1.139765 -0.656790 1.0000 1.0000 1.0000
v -0.819784 -1.207694 -0.649595 1.0000 1.0000 1.0000
v -0.712221 -1.288784 -0.623253 1.0000 1.0000 1.0000
v -0.706452 -1.306967 -0.595263 1.0000 1.0000 1.0000
v -0.704163 -1.314568 -0.559742 1.0000 1.0000 1.0000
v -0.765940 -1.299589 -0.621886 1.0000 1.0000 1.0000
v -0.766557 -1.318320 -0.592779 1.0000 1.0000 1.0000
v -0.767715 -1.325583 -0.556976 1.0000 1.0000 1.0000
v -0.820253 -1.290432 -0.617265 1.0000 1.0000 1.0000
v -0.827056 -1.307419 -0.588642 1.0000 1.0000 1.0000
v -0.831401 -1.314005 -0.553061 1.0000 1.0000 1.0000
v -0.844774 -1.075905 -0.343188 1.0000 1.0000 1.0000
v -0.831705 -1.147338 -0.354026 1.0000 1.0000 1.0000
v -0.823821 -1.211651 -0.363966 1.0000 1.0000 1.0000
v -0.777149 -1.082355 -0.331990 1.0000 1.0000 1.0000
v -0.768829 -1.152919 -0.346807 1.0000 1.0000 1.0000
v -0.767343 -1.218234 -0.358964 1.0000 1.0000 1.0000
v -0.701011 -1.088673 -0.334906 1.0000 1.0000 1.0000
v -0.703541 -1.157045 -0.350917 1.0000 1.0000 1.0000
v -0.710466 -1.218818 -0.363291 1.0000 1.0000 1.0000
v -0.913416 -1.074146 -0.617276 1.0000 1.0000 1.0000
v -0.905914 -1.149237 -0.614396 1.0000 1.0000 1.0000
v -0.891360 -1.213890 -0.612401 1.0000 1.0000 1.0000
v -0.932512 -1.079046 -0.585052 1.0000 1.0000 1.0000
v -0.924618 -1.154463 -0.582579 1.0000 1.0000 1.0000
v -0.908299 -1.221979 -0.582483 1.0000 1.0000 1.0000
v -0.942726 -1.080405 -0.548941 1.0000 1.0000 1.0000
v -0.934026 -1.156712 -0.545957 1.0000 1.0000 1.0000
v -0.916739 -1.225748 -0.546401 1.0000 1.0000 1.0000
v -0.593460 -1.099614 -0.390561 1.0000 1.0000 1.0000
v -0.614304 -1.164944 -0.395405 1.0000 1.0000 1.0000
v -0.635352 -1.224191 -0.401184 1.0000 1.0000 1.0000
v -0.578123 -1.104547 -0.432383 1.0000 1.0000 1.0000
v -0.598176 -1.168711 -0.431753 1.0000 1.0000 1.0000
v -0.620631 -1.230479 -0.434438 1.0000 1.0000 1.0000
v -0.577675 -1.109003 -0.472396 1.0000 1.0000 1.0000
v -0.594325 -1.170034 -0.471908 1.0000 1.0000 1.0000
v -0.615848 -1.232254 -0.474387 1.0000 1.0000 1.0000
v -0.886810 -0.784992 -0.702462 1.0000 1.0000 1.0000
v -0.807567 -0.792113 -0.737036 1.0000 1.0000 1.0000
v -0.713687 -0.805693 -0.763047 1.0000 1.0000 1.0000
v -0.864664 -0.849719 -0.690418 1.0000 1.0000 1.0000
v -0.793658 -0.853106 -0.714769 1.0000 1.0000 1.0000
v -0.708425 -0.860186 -0.732809 1.0000 1.0000 1.0000
v -0.849281 -0.913801 -0.678736 1.0000 1.0000 1.0000
v -0.783269 -0.912403 -0.695514 1.0000 1.0000 1.0000
v -0.704074 -0.912191 -0.704871 1.0000 1.0000 1.0000
v -0.920504 -1.223917 -0.466902 1.0000 1.0000 1.0000
v -0.914929 -1.218956 -0.430123 1.0000 1.0000 1.0000
v -0.899160 -1.210972 -0.399799 1.0000 1.0000 1.0000
v -0.938638 -1.153574 -0.466956 1.0000 1.0000 1.0000
v -0.932811 -1.149584 -0.429541 1.0000 1.0000 1.0000
v -0.915712 -1.145251 -0.396997 1.0000 1.0000 1.0000
v -0.949709 -1.075981 -0.470341 1.0000 1.0000 1.0000
v -0.945101 -1.072830 -0.431357 1.0000 1.0000 1.0000
v -0.929035 -1.070807 -0.395642 1.0000 1.0000 1.0000
v -0.704796 -1.316347 -0.476568 1.0000 1.0000 1.0000
v -0.707331 -1.310857 -0.436440 1.0000 1.0000 1.0000
v -0.712548 -1.295429 -0.403046 1.0000 1.0000 1.0000
v -0.769754 -1.326253 -0.474574 1.0000 1.0000 1.0000
v -0.770034 -1.319999 -0.434631 1.0000 1.0000 1.0000
v -0.769673 -1.302952 -0.400688 1.0000 1.0000 1.0000
v -0.834378 -1.313979 -0.471745 1.0000 1.0000 1.0000
v -0.832253 -1.307616 -0.433129 1.0000 1.0000 1.0000
v -0.826278 -1.291328 -0.401157 1.0000 1.0000 1.0000
v -0.619442 -1.225514 -0.558328 1.0000 1.0000 1.0000
v -0.627395 -1.217528 -0.594997 1.0000 1.0000 1.0000
v -0.644291 -1.206348 -0.624276 1.0000 1.0000 1.0000
v -0.600045 -1.160198 -0.553555 1.0000 1.0000 1.0000
v -0.608784 -1.149689 -0.591355 1.0000 1.0000 1.0000
v -0.627962 -1.138493 -0.624677 1.0000 1.0000 1.0000
v -0.584483 -1.097407 -0.545779 1.0000 1.0000 1.0000
v -0.590987 -1.080636 -0.583541 1.0000 1.0000 1.0000
v -0.610071 -1.063567 -0.622236 1.0000 1.0000 1.0000
v -0.954923 -0.892929 -0.608581 1.0000 1.0000 1.0000
v -0.966470 -0.827912 -0.622858 1.0000 1.0000 1.0000
v -0.944640 -0.872419 -0.632077 1.0000 1.0000 1.0000
v -0.929629 -0.929379 -0.629073 1.0000 1.0000 1.0000
v -0.947415 -0.937571 -0.600233 1.0000 1.0000 1.0000
v -0.960088 -0.935110 -0.570113 1.0000 1.0000 1.0000
v -0.968398 -0.876098 -0.591242 1.0000 1.0000 1.0000
v -0.090826 -0.845380 -0.787705 1.0000 1.0000 1.0000
v 0.007708 -0.836626 -0.792214 1.0000 1.0000 1.0000
v 0.110576 -0.827970 -0.793251 1.0000 1.0000 1.0000
v -0.085631 -0.871246 -0.747930 1.0000 1.0000 1.0000
v 0.014973 -0.867898 -0.749970 1.0000 1.0000 1.0000
v 0.112341 -0.863821 -0.750924 1.0000 1.0000 1.0000
v -0.088273 -0.891888 -0.699378 1.0000 1.0000 1.0000
v 0.012134 -0.891717 -0.701259 1.0000 1.0000 1.0000
v 0.106722 -0.892962 -0.703887 1.0000 1.0000 1.0000
v -0.076453 -0.993615 -0.260499 1.0000 1.0000 1.0000
v 0.029866 -0.994881 -0.262380 1.0000 1.0000 1.0000
v 0.130195 -0.998270 -0.263852 1.0000 1.0000 1.0000
v -0.067752 -0.997994 -0.174641 1.0000 1.0000 1.0000
v 0.041789 -0.997568 -0.175864 1.0000 1.0000 1.0000
v 0.144659 -0.996251 -0.176682 1.0000 1.0000 1.0000
v -0.061123 -0.999592 -0.087612 1.0000 1.0000 1.0000
v 0.051097 -0.998442 -0.088206 1.0000 1.0000 1.0000
v 0.156098 -0.995298 -0.088594 1.0000 1.0000 1.0000
v -0.514314 -0.903509 -0.705391 1.0000 1.0000 1.0000
v -0.507884 -0.870292 -0.749490 1.0000 1.0000 1.0000
v -0.494314 -0.830086 -0.789753 1.0000 1.0000 1.0000
v -0.409509 -0.897778 -0.702192 1.0000 1.0000 1.0000
v -0.400246 -0.871804 -0.750164 1.0000 1.0000 1.0000
v -0.381602 -0.838456 -0.791660 1.0000 1.0000 1.0000
v -0.301458 -0.894675 -0.699715 1.0000 1.0000 1.0000
v -0.293438 -0.873089 -0.748339 1.0000 1.0000 1.0000
v -0.278602 -0.846418 -0.787955 1.0000 1.0000 1.0000
v 0.087794 -0.948862 -0.583282 1.0000 1.0000 1.0000
v 0.086053 -0.972559 -0.510249 1.0000 1.0000 1.0000
v 0.096237 -0.989579 -0.432186 1.0000 1.0000 1.0000
v 0.000938 -0.935339 -0.579310 1.0000 1.0000 1.0000
v 0.000842 -0.956942 -0.506724 1.0000 1.0000 1.0000
v 0.007002 -0.975110 -0.428828 1.0000 1.0000 1.0000
v -0.096808 -0.931714 -0.576402 1.0000 1.0000 1.0000
v -0.096980 -0.952412 -0.503883 1.0000 1.0000 1.0000
v -0.092799 -0.970759 -0.426126 1.0000 1.0000 1.0000
v 0.323157 1.193124 -0.594357 1.0000 1.0000 1.0000
v 0.352596 1.242577 -0.613717 1.0000 1.0000 1.0000
v 0.380527 1.285149 -0.637252 1.0000 1.0000 1.0000
v 0.313672 1.176813 -0.661053 1.0000 1.0000 1.0000
v 0.342770 1.228642 -0.681744 1.0000 1.0000 1.0000
v 0.371770 1.274113 -0.699506 1.0000 1.0000 1.0000
v 0.310273 1.151214 -0.723595 1.0000 1.0000 1.0000
v 0.338686 1.200270 -0.743414 1.0000 1.0000 1.0000
v 0.366942 1.246617 -0.754566 1.0000 1.0000 1.0000
v -1.538899 -0.128019 -0.242993 1.0000 1.0000 1.0000
v -1.581833 -0.109059 -0.223040 1.0000 1.0000 1.0000
v -1.624307 -0.075789 -0.204103 1.0000 1.0000 1.0000
v -1.539550 -0.052333 -0.251307 1.0000 1.0000 1.0000
v -1.578416 -0.045595 -0.234081 1.0000 1.0000 1.0000
v -1.617496 -0.021752 -0.214656 1.0000 1.0000 1.0000
v -1.539397 0.010260 -0.243858 1.0000 1.0000 1.0000
v -1.573428 0.013496 -0.229972 1.0000 1.0000 1.0000
v -1.609331 0.031135 -0.211224 1.0000 1.0000 1.0000
v -1.707559 0.022006 -0.178715 1.0000 1.0000 1.0000
v -1.748238 0.083666 -0.173245 1.0000 1.0000 1.0000
v -1.788273 0.153851 -0.170736 1.0000 1.0000 1.0000
v -1.694355 0.065075 -0.186219 1.0000 1.0000 1.0000
v -1.731640 0.124087 -0.180070 1.0000 1.0000 1.0000
v -1.768270 0.191830 -0.177294 1.0000 1.0000 1.0000
v -1.680813 0.107448 -0.181579 1.0000 1.0000 1.0000
v -1.715005 0.164018 -0.175151 1.0000 1.0000 1.0000
v -1.748507 0.229783 -0.172289 1.0000 1.0000 1.0000
v -1.514910 -0.355951 -0.065772 1.0000 1.0000 1.0000
v -1.579820 -0.294645 -0.057923 1.0000 1.0000 1.0000
v -1.642405 -0.234825 -0.052549 1.0000 1.0000 1.0000
v -1.520930 -0.324924 -0.126900 1.0000 1.0000 1.0000
v -1.581307 -0.267584 -0.112405 1.0000 1.0000 1.0000
v -1.639546 -0.210399 -0.102140 1.0000 1.0000 1.0000
v -1.529015 -0.273622 -0.178984 1.0000 1.0000 1.0000
v -1.582913 -0.225278 -0.160079 1.0000 1.0000 1.0000
v -1.635338 -0.173547 -0.145821 1.0000 1.0000 1.0000
v -1.524734 0.107610 -0.192884 1.0000 1.0000 1.0000
v -1.554723 0.112460 -0.176224 1.0000 1.0000 1.0000
v -1.587122 0.122049 -0.159197 1.0000 1.0000 1.0000
v -1.512323 0.148082 -0.145234 1.0000 1.0000 1.0000
v -1.543279 0.149203 -0.127748 1.0000 1.0000 1.0000
v -1.575203 0.155031 -0.113275 1.0000 1.0000 1.0000
v -1.503957 0.178044 -0.078140 1.0000 1.0000 1.0000
v -1.534845 0.174027 -0.067135 1.0000 1.0000 1.0000
v -1.566182 0.176607 -0.058804 1.0000 1.0000 1.0000
v -1.865833 0.318796 -0.168236 1.0000 1.0000 1.0000
v -1.900025 0.404358 -0.164442 1.0000 1.0000 1.0000
v -1.927749 0.480679 -0.156099 1.0000 1.0000 1.0000
v -1.839688 0.347777 -0.174663 1.0000 1.0000 1.0000
v -1.872727 0.427627 -0.170593 1.0000 1.0000 1.0000
v -1.901858 0.500139 -0.161472 1.0000 1.0000 1.0000
v -1.814565 0.378447 -0.169728 1.0000 1.0000 1.0000
v -1.846282 0.451968 -0.165852 1.0000 1.0000 1.0000
v -1.875271 0.516618 -0.157318 1.0000 1.0000 1.0000
v -1.753513 -0.104695 -0.046905 1.0000 1.0000 1.0000
v -1.802000 -0.028293 -0.045708 1.0000 1.0000 1.0000
v -1.848086 0.058805 -0.045135 1.0000 1.0000 1.0000
v -1.745296 -0.085122 -0.090999 1.0000 1.0000 1.0000
v -1.792936 -0.011939 -0.088630 1.0000 1.0000 1.0000
v -1.838692 0.071270 -0.087502 1.0000 1.0000 1.0000
v -1.733772 -0.055723 -0.129473 1.0000 1.0000 1.0000
v -1.779876 0.013307 -0.125982 1.0000 1.0000 1.0000
v -1.824694 0.091599 -0.124333 1.0000 1.0000 1.0000
v -1.651977 0.179786 -0.134674 1.0000 1.0000 1.0000
v -1.683082 0.230585 -0.129444 1.0000 1.0000 1.0000
v -1.713941 0.291843 -0.127154 1.0000 1.0000 1.0000
v -1.638676 0.205533 -0.095220 1.0000 1.0000 1.0000
v -1.669829 0.253263 -0.091440 1.0000 1.0000 1.0000
v -1.701200 0.312042 -0.089792 1.0000 1.0000 1.0000
v -1.629020 0.222150 -0.049241 1.0000 1.0000 1.0000
v -1.660608 0.267538 -0.047263 1.0000 1.0000 1.0000
v -1.692824 0.324402 -0.046403 1.0000 1.0000 1.0000
v -1.972250 0.586219 -0.117134 1.0000 1.0000 1.0000
v -1.990440 0.617328 -0.084124 1.0000 1.0000 1.0000
v -2.002126 0.636501 -0.043943 1.0000 1.0000 1.0000
v -1.946075 0.608560 -0.119096 1.0000 1.0000 1.0000
v -1.960607 0.641934 -0.084922 1.0000 1.0000 1.0000
v -1.969789 0.662075 -0.044184 1.0000 1.0000 1.0000
v -1.912352 0.611089 -0.118066 1.0000 1.0000 1.0000
v -1.921128 0.641806 -0.084901 1.0000 1.0000 1.0000
v -1.926830 0.660688 -0.044386 1.0000 1.0000 1.0000
v -1.939185 0.271843 -0.044583 1.0000 1.0000 1.0000
v -1.979314 0.387907 -0.044277 1.0000 1.0000 1.0000
v -2.007279 0.494948 -0.043972 1.0000 1.0000 1.0000
v -1.928508 0.274272 -0.086385 1.0000 1.0000 1.0000
v -1.967495 0.384217 -0.085482 1.0000 1.0000 1.0000
v -1.994509 0.484762 -0.084225 1.0000 1.0000 1.0000
v -1.911958 0.281300 -0.122647 1.0000 1.0000 1.0000
v -1.949183 0.382337 -0.120698 1.0000 1.0000 1.0000
v -1.974862 0.472394 -0.117372 1.0000 1.0000 1.0000
v -1.777120 0.431015 -0.125359 1.0000 1.0000 1.0000
v -1.809814 0.498151 -0.123282 1.0000 1.0000 1.0000
v -1.843028 0.554400 -0.119629 1.0000 1.0000 1.0000
v -1.766642 0.448742 -0.088588 1.0000 1.0000 1.0000
v -1.801630 0.516545 -0.087594 1.0000 1.0000 1.0000
v -1.838743 0.575283 -0.086097 1.0000 1.0000 1.0000
v -1.760845 0.459728 -0.045803 1.0000 1.0000 1.0000
v -1.797742 0.528440 -0.045451 1.0000 1.0000 1.0000
v -1.837453 0.589143 -0.045022 1.0000 1.0000 1.0000
vn -0.6494 -0.4005 0.6464
vn -0.5330 0.5840 0.6123
vn 0.7660 -0.2030 0.6100
vn 0.7741 0.1950 0.6022
vn 0.7097 -0.3827 0.5915
vn 0.6607 0.5118 0.5492
vn -0.6045 0.2126 0.7677
vn -0.5957 -0.2057 0.7764
vn -0.6430 -0.7658 -0.0000
vn -0.5899 0.8074 -0.0000
vn 0.7771 -0.6293 -0.0000
vn 0.8241 0.5664 -0.0000
vn 0.9915 0.1301 -0.0000
vn 0.9914 -0.1308 -0.0000
vn -0.9535 0.3013 -0.0000
vn -0.7419 -0.6705 -0.0000
vn -0.1699 -0.4326 0.8854
vn 0.1177 -0.5027 0.8564
vn -0.2122 0.5452 0.8110
vn -0.1401 0.6918 0.7084
vn -0.1053 0.9944 -0.0000
vn 0.0557 0.9984 -0.0000
vn 0.0993 -0.9951 -0.0000
vn -0.1473 -0.9891 -0.0000
vn 0.0595 -0.1411 0.9882
vn -0.1120 -0.1467 0.9828
vn 0.0645 0.1528 0.9861
vn -0.1147 0.1464 0.9826
vn -0.7486 -0.6335 0.1958
vn 0.7994 0.5378 0.2679
vn -0.6131 0.7273 0.3085
vn 0.8118 -0.5430 0.2146
vn -0.9070 -0.1749 0.3832
vn -0.9201 0.2259 0.3201
vn 0.9694 -0.1459 0.1975
vn 0.9694 0.1458 0.1975
vn -0.2018 0.9777 -0.0576
vn -0.1113 0.9729 0.2028
vn 0.2816 -0.7939 -0.5389
vn -0.3732 -0.8633 -0.3397
vn 0.4139 -0.4823 0.7721
vn 0.2648 0.9643 -0.0000
vn 0.6694 0.2618 0.6952
vn 0.2733 -0.9619 -0.0000
vn 0.3215 -0.1721 0.9311
vn 0.3054 0.1758 0.9359
vn 0.6708 0.7280 -0.1418
vn 0.1921 -0.6977 -0.6902
vn 0.7870 0.0576 0.6143
vn -0.5273 0.5220 0.6705
vn -0.4964 0.8230 -0.2761
vn 0.8396 0.4811 -0.2521
vn 0.1548 -0.1733 0.9726
vn -0.3211 -0.6315 0.7058
vn 0.8543 -0.5134 -0.0811
vn 0.0764 -0.6962 -0.7138
vn -0.6886 -0.5359 -0.4884
vn 0.8978 -0.3318 -0.2897
vn 0.1012 -0.4826 0.8700
vn -0.6477 -0.4400 0.6220
vn 0.8855 -0.2450 0.3948
vn 0.8782 -0.1858 0.4408
vn -0.6552 -0.4356 -0.6172
vn 0.3047 -0.5091 0.8049
vn -0.4947 -0.1380 0.8580
vn 0.3908 -0.4476 -0.8043
vn -0.4055 -0.3747 -0.8338
vn 0.3664 -0.3080 0.8780
vn -0.4179 -0.3369 0.8437
vn 0.7023 -0.7104 0.0459
vn -0.7183 -0.6953 0.0250
vn 0.8997 -0.4062 0.1599
vn -0.9725 -0.1817 0.1458
vn 0.0075 -0.9913 0.1313
vn -0.0008 -1.0000 -0.0000
vn 0.0038 -0.6352 0.7723
vn 0.0164 -0.9507 0.3096
vn -0.8168 0.5380 -0.2084
vn -0.8782 0.3320 0.3444
vn -0.3234 0.9463 -0.0000
vn -0.5406 -0.2977 0.7869
vn -0.2985 0.4689 0.8313
vn 0.5561 0.8311 -0.0000
vn -0.7592 -0.6509 -0.0000
vn -0.5749 -0.3333 0.7473
vn 0.1012 0.4811 0.8708
vn 0.8915 0.4531 -0.0000
vn -0.9200 -0.3919 -0.0000
vn -0.5619 -0.2538 0.7873
vn 0.5534 0.2587 0.7918
vn 0.6059 0.7956 -0.0000
vn -0.9962 0.0873 -0.0000
vn -0.6290 0.0037 0.7774
vn 0.3915 0.4822 0.7837
vn -0.6494 -0.4005 -0.6464
vn -0.5330 0.5840 -0.6123
vn 0.7660 -0.2030 -0.6100
vn 0.7741 0.1950 -0.6022
vn 0.7097 -0.3827 -0.5915
vn 0.6607 0.5118 -0.5492
vn -0.6045 0.2126 -0.7677
vn -0.5957 -0.2057 -0.7764
vn -0.1699 -0.4326 -0.8854
vn 0.1177 -0.5027 -0.8564
vn -0.2122 0.5452 -0.8110
vn -0.1401 0.6918 -0.7084
vn 0.0595 -0.1411 -0.9882
vn -0.1120 -0.1467 -0.9828
vn 0.0645 0.1528 -0.9861
vn -0.1147 0.1464 -0.9826
vn -0.7486 -0.6335 -0.1958
vn 0.7994 0.5378 -0.2679
vn -0.6131 0.7273 -0.3085
vn 0.8118 -0.5430 -0.2146
vn -0.9070 -0.1749 -0.3832
vn -0.9201 0.2259 -0.3201
vn 0.9694 -0.1459 -0.1975
vn 0.9694 0.1458 -0.1975
vn -0.2018 0.9777 0.0576
vn -0.1113 0.9729 -0.2028
vn 0.2816 -0.7939 0.5389
vn -0.3732 -0.8633 0.3397
vn 0.4139 -0.4823 -0.7721
vn 0.6694 0.2618 -0.6952
vn 0.3215 -0.1721 -0.9311
vn 0.3054 0.1758 -0.9359
vn 0.6708 0.7280 0.1418
vn 0.1921 -0.6977 0.6902
vn 0.7870 0.0576 -0.6143
vn -0.5273 0.5220 -0.6705
vn -0.4964 0.8230 0.2761
vn 0.8396 0.4811 0.2521
vn 0.1548 -0.1733 -0.9726
vn -0.3211 -0.6315 -0.7058
vn 0.8543 -0.5134 0.0811
vn 0.0764 -0.6962 0.7138
vn -0.6886 -0.5359 0.4884
vn 0.8978 -0.3318 0.2897
vn 0.1012 -0.4826 -0.8700
vn -0.6477 -0.4400 -0.6220
vn 0.8855 -0.2450 -0.3948
vn 0.8782 -0.1858 -0.4408
vn -0.6552 -0.4356 0.6172
vn 0.3047 -0.5091 -0.8049
vn -0.4947 -0.1380 -0.8580
vn 0.3908 -0.4476 0.8043
vn -0.4055 -0.3747 0.8338
vn 0.3664 -0.3080 -0.8780
vn -0.4179 -0.3369 -0.8437
vn 0.7023 -0.7104 -0.0459
vn -0.7183 -0.6953 -0.0250
vn 0.8997 -0.4062 -0.1599
vn -0.9725 -0.1817 -0.1458
vn 0.0075 -0.9913 -0.1313
vn 0.0038 -0.6352 -0.7723
vn 0.0164 -0.9507 -0.3096
vn -0.8168 0.5380 0.2084
vn -0.8782 0.3320 -0.3444
vn -0.5406 -0.2977 -0.7869
vn -0.2985 0.4689 -0.8313
vn -0.5749 -0.3333 -0.7473
vn 0.1012 0.4811 -0.8708
vn -0.5619 -0.2538 -0.7873
vn 0.5534 0.2587 -0.7918
vn -0.6290 0.0037 -0.7774
vn 0.3915 0.4822 -0.7837
vn -0.7522 -0.5750 0.3218
vn -0.7384 -0.5228 0.4259
vn -0.7148 -0.4678 0.5199
vn -0.5964 0.3183 0.7369
vn -0.5822 0.4169 0.6980
vn -0.5607 0.5071 0.6546
vn -0.7089 -0.7053 -0.0000
vn -0.6890 -0.7247 -0.0000
vn -0.7035 -0.7107 -0.0000
vn -0.7460 0.6659 -0.0000
vn -0.8605 0.5095 -0.0000
vn -0.9250 0.3800 -0.0000
vn 0.9980 0.0626 -0.0000
vn 1.0000 -0.0000 -0.0000
vn 0.9980 -0.0626 -0.0000
vn 0.9116 0.4112 -0.0000
vn 0.9553 0.2957 -0.0000
vn 0.9786 0.2060 -0.0000
vn 0.7869 0.0940 0.6099
vn 0.7897 -0.0024 0.6135
vn 0.7833 -0.0997 0.6136
vn 0.6888 0.4529 0.5660
vn 0.7221 0.3780 0.5794
vn 0.7514 0.2928 0.5914
vn 0.7650 0.5310 0.3644
vn 0.7292 0.5274 0.4361
vn 0.6928 0.5231 0.4963
vn 0.7382 -0.3017 0.6033
vn 0.7071 -0.3796 0.5965
vn 0.6843 -0.4234 0.5936
vn 0.4369 -0.4718 0.7659
vn 0.4746 -0.4533 0.7545
vn 0.5552 -0.4180 0.7190
vn -0.2445 0.6733 0.6977
vn -0.3531 0.6478 0.6751
vn -0.4533 0.6164 0.6439
vn -0.6013 -0.0965 0.7932
vn -0.6052 0.0061 0.7961
vn -0.6069 0.1070 0.7876
vn -0.6147 0.7580 0.2181
vn -0.6069 0.7836 0.1328
vn -0.5955 0.8011 0.0598
vn 0.8017 -0.5881 0.1072
vn 0.7839 -0.6190 0.0490
vn 0.7772 -0.6289 0.0230
vn -0.6031 -0.4228 0.6764
vn -0.5902 -0.3831 0.7106
vn -0.5902 -0.3077 0.7463
vn 0.3453 0.9385 -0.0000
vn 0.4927 0.8702 -0.0000
vn 0.6743 0.7384 -0.0000
vn -0.2312 -0.9729 -0.0000
vn -0.3472 -0.9378 -0.0000
vn -0.4916 -0.8708 -0.0000
vn 0.9773 -0.2118 -0.0000
vn 0.9490 -0.3153 -0.0000
vn 0.8912 -0.4536 -0.0000
vn -0.7765 -0.6301 -0.0000
vn -0.7862 -0.6179 -0.0000
vn -0.7494 -0.6621 -0.0000
vn -0.6637 -0.4700 0.5820
vn -0.7268 -0.5904 0.3511
vn -0.7422 -0.6529 0.1514
vn -0.9343 0.2469 0.2572
vn -0.9449 0.2724 0.1814
vn -0.9515 0.2930 0.0939
vn -0.1977 -0.1566 0.9677
vn -0.3104 -0.1729 0.9347
vn -0.4472 -0.1916 0.8737
vn -0.2010 0.1578 0.9668
vn -0.3150 0.1755 0.9327
vn -0.4540 0.1960 0.8692
vn 0.9475 -0.1585 0.2777
vn 0.9147 -0.1744 0.3645
vn 0.8610 -0.1909 0.4714
vn 0.9479 0.1582 0.2766
vn 0.9165 0.1726 0.3610
vn 0.8656 0.1861 0.4649
vn -0.4991 -0.3817 0.7779
vn -0.3753 -0.3922 0.8398
vn -0.2668 -0.4083 0.8730
vn 0.0241 -0.5879 0.8085
vn 0.0390 -0.5415 0.8398
vn 0.0645 -0.5148 0.8549
vn 0.4367 0.1736 0.8827
vn 0.1591 0.1555 0.9749
vn -0.0948 0.2619 0.9604
vn -0.0693 0.6743 0.7352
vn -0.0402 0.7008 0.7122
vn -0.0665 0.7017 0.7094
vn -0.4283 0.9036 -0.0000
vn -0.2908 0.9568 -0.0000
vn -0.1841 0.9829 -0.0000
vn -0.0503 0.9987 -0.0000
vn -0.0116 0.9999 -0.0000
vn 0.0207 0.9998 -0.0000
vn 0.2543 -0.9671 -0.0000
vn 0.2180 -0.9760 -0.0000
vn 0.1613 -0.9869 -0.0000
vn -0.0126 -0.9999 -0.0000
vn -0.0408 -0.9992 -0.0000
vn -0.0861 -0.9963 -0.0000
vn 0.2763 -0.1616 0.9474
vn 0.2007 -0.1518 0.9678
vn 0.1207 -0.1445 0.9821
vn 0.0180 -0.1411 0.9898
vn -0.0147 -0.1422 0.9897
vn -0.0532 -0.1431 0.9883
vn 0.2579 0.1714 0.9509
vn 0.1899 0.1666 0.9676
vn 0.1199 0.1600 0.9798
vn 0.0237 0.1466 0.9889
vn -0.0122 0.1424 0.9897
vn -0.0544 0.1417 0.9884
vn 0.0650 -0.2118 0.9751
vn 0.0768 -0.2826 0.9562
vn 0.0965 -0.3716 0.9234
vn -0.1212 -0.2164 0.9688
vn -0.1363 -0.2767 0.9512
vn -0.1566 -0.3418 0.9266
vn -0.2505 0.9501 0.1860
vn -0.2623 0.9044 0.3365
vn -0.2865 0.8032 0.5224
vn -0.1167 0.9483 0.2950
vn -0.1248 0.9038 0.4094
vn -0.1340 0.8236 0.5511
vn 0.0509 -0.6282 0.7764
vn -0.0861 -0.6233 0.7773
vn -0.1529 -0.5410 0.8270
vn -0.0318 -0.7382 0.6739
vn 0.0876 -0.7464 0.6597
vn 0.1227 -0.6524 0.7478
vn -0.0219 0.4033 0.9148
vn 0.0475 0.3185 0.9467
vn 0.0649 0.2372 0.9693
vn -0.1394 0.5253 0.8394
vn -0.1323 0.3691 0.9199
vn -0.1229 0.2430 0.9622
vn 0.0609 0.0731 0.9955
vn 0.0586 0.0007 0.9983
vn 0.0579 -0.0694 0.9959
vn -0.1092 0.0686 0.9916
vn -0.1068 -0.0022 0.9943
vn -0.1074 -0.0730 0.9915
vn -0.6516 -0.7577 0.0360
vn -0.6783 -0.7330 0.0519
vn -0.7181 -0.6899 0.0912
vn 0.8263 0.5631 0.0128
vn 0.8289 0.5556 0.0654
vn 0.8224 0.5467 0.1574
vn -0.5632 0.6234 0.5424
vn -0.5864 0.6602 0.4693
vn -0.6028 0.6944 0.3930
vn 0.7567 -0.4546 0.4698
vn 0.7732 -0.4823 0.4118
vn 0.7989 -0.5043 0.3277
vn -0.7288 -0.2091 0.6520
vn -0.8245 -0.2011 0.5289
vn -0.8816 -0.1875 0.4332
vn -0.7385 0.2197 0.6374
vn -0.8348 0.2184 0.5054
vn -0.8920 0.2173 0.3965
vn 0.9912 -0.1313 0.0190
vn 0.9893 -0.1332 0.0596
vn 0.9829 -0.1377 0.1219
vn 0.9913 0.1306 0.0190
vn 0.9894 0.1325 0.0597
vn 0.9830 0.1373 0.1221
vn 0.0503 0.9987 -0.0043
vn 0.0268 0.9992 -0.0311
vn -0.0389 0.9968 -0.0696
vn -0.1057 0.9942 0.0190
vn -0.1067 0.9924 0.0611
vn -0.1083 0.9862 0.1249
vn -0.1421 -0.9895 -0.0252
vn -0.1151 -0.9876 -0.1065
vn -0.0175 -0.9587 -0.2837
vn 0.0925 -0.9956 -0.0115
vn 0.0589 -0.9963 -0.0624
vn -0.0561 -0.9817 -0.1818
vn 0.0297 -0.9931 0.1134
vn 0.0820 -0.9950 0.0569
vn 0.1856 -0.9752 -0.1210
vn -0.6899 -0.6442 -0.3303
vn -0.6783 -0.7302 -0.0823
vn -0.6940 -0.7152 0.0830
vn -0.0538 0.9795 0.1943
vn -0.0348 0.9830 0.1803
vn -0.0641 0.9894 0.1301
vn 0.6412 0.7589 0.1139
vn 0.6310 0.7422 0.2260
vn 0.7004 0.6630 0.2642
vn 0.9798 0.0703 0.1870
vn 0.9830 -0.0000 0.1836
vn 0.9798 -0.0703 0.1871
vn -0.7389 0.5903 0.3248
vn -0.8322 0.4496 0.3246
vn -0.8905 0.3252 0.3183
vn -0.8787 -0.3029 0.3691
vn -0.8450 -0.4184 0.3330
vn -0.8046 -0.5254 0.2766
vn -0.9314 0.1400 0.3360
vn -0.9323 0.0492 0.3582
vn -0.9247 -0.0538 0.3768
vn -0.4686 0.8384 0.2785
vn -0.3266 0.9128 0.2452
vn -0.2046 0.9541 0.2185
vn 0.1224 -0.7114 -0.6921
vn -0.0027 -0.7310 -0.6823
vn -0.1822 -0.7753 -0.6047
vn 0.8743 0.4133 0.2545
vn 0.9202 0.3131 0.2349
vn 0.9501 0.2266 0.2144
vn 0.9504 -0.2272 0.2126
vn 0.9218 -0.3147 0.2263
vn 0.8795 -0.4168 0.2295
vn 0.1987 -0.4995 0.8432
vn 0.2909 -0.4973 0.8173
vn 0.3697 -0.4910 0.7888
vn 0.1006 0.9949 -0.0000
vn 0.1564 0.9877 -0.0000
vn 0.2137 0.9769 -0.0000
vn 0.6153 0.5322 0.5815
vn 0.6167 0.5091 0.6004
vn 0.6567 0.4236 0.6239
vn 0.6090 -0.7931 -0.0000
vn 0.4418 -0.8971 -0.0000
vn 0.3235 -0.9462 -0.0000
vn 0.6261 -0.2050 0.7523
vn 0.4804 -0.1966 0.8547
vn 0.3737 -0.1839 0.9091
vn 0.6343 0.1962 0.7478
vn 0.4821 0.1903 0.8552
vn 0.3663 0.1822 0.9125
vn -0.1325 0.9142 -0.3830
vn 0.0797 0.8517 -0.5179
vn 0.3719 0.8140 -0.4462
vn 0.7270 -0.6060 -0.3227
vn 0.5005 -0.6721 -0.5457
vn 0.2916 -0.6894 -0.6631
vn 0.2716 -0.9622 -0.0201
vn 0.2674 -0.9553 -0.1259
vn 0.2494 -0.8952 -0.3693
vn 0.2722 0.9618 -0.0287
vn 0.3103 0.9476 -0.0755
vn 0.4279 0.8944 -0.1300
vn 0.2974 0.0842 0.9510
vn 0.2969 -0.0001 0.9549
vn 0.3043 -0.0835 0.9489
vn 0.4903 0.3414 0.8019
vn 0.3777 0.3293 0.8654
vn 0.3262 0.2650 0.9074
vn 0.8770 0.4614 0.1338
vn 0.8952 0.3160 0.3143
vn 0.8424 0.2636 0.4700
vn 0.3480 -0.2601 0.9007
vn 0.3784 -0.3390 0.8613
vn 0.4037 -0.4113 0.8172
vn 0.2527 -0.3439 0.9044
vn 0.3478 -0.4916 0.7984
vn 0.3992 -0.5289 0.7489
vn 0.6554 0.1166 0.7462
vn 0.4047 0.2323 0.8845
vn -0.0545 0.4194 0.9062
vn -0.5618 0.8240 -0.0736
vn -0.6056 0.7727 0.1900
vn -0.5784 0.6667 0.4701
vn -0.1173 0.9051 -0.4088
vn 0.3169 0.8325 -0.4544
vn 0.6422 0.6668 -0.3781
vn 0.9205 0.3906 0.0070
vn 0.9296 0.2632 0.2581
vn 0.8733 0.1505 0.4634
vn -0.8206 0.3267 0.4689
vn -0.7445 0.3320 0.5792
vn -0.6431 0.3916 0.6580
vn -0.7666 0.5848 -0.2653
vn -0.6611 0.7001 -0.2698
vn -0.4693 0.8562 -0.2160
vn 0.7897 0.5338 -0.3023
vn 0.8188 0.4584 -0.3457
vn 0.8349 0.4450 -0.3239
vn 0.7749 -0.0024 0.6321
vn 0.7609 0.0041 0.6489
vn 0.7444 0.0809 0.6628
vn 0.1239 -0.4550 -0.8818
vn 0.0955 -0.3614 -0.9275
vn 0.0907 -0.4431 -0.8919
vn -0.5979 -0.7970 -0.0854
vn -0.6421 -0.7485 0.1659
vn -0.5697 -0.7008 0.4293
vn 0.5411 -0.2588 0.8002
vn 0.3381 -0.1853 0.9227
vn 0.2173 -0.1611 0.9627
vn 0.0938 -0.2095 0.9733
vn -0.0023 -0.2729 0.9620
vn -0.1440 -0.3957 0.9070
vn 0.7292 -0.6600 0.1807
vn 0.6927 -0.7089 0.1330
vn 0.7523 -0.6567 0.0531
vn 0.8463 -0.3799 0.3735
vn 0.8848 -0.3998 0.2395
vn 0.8923 -0.4393 0.1042
vn -0.0044 -0.7148 -0.6993
vn -0.1842 -0.7160 -0.6734
vn -0.4483 -0.6591 -0.6039
vn 0.7370 -0.4722 -0.4837
vn 0.4422 -0.6117 -0.6560
vn 0.1841 -0.6736 -0.7158
vn 0.0399 -0.9454 -0.3235
vn 0.0218 -0.9860 0.1656
vn 0.0547 -0.7975 0.6008
vn -0.7701 -0.5986 -0.2206
vn -0.7938 -0.6009 0.0936
vn -0.7434 -0.5420 0.3919
vn 0.7372 -0.3394 0.5842
vn 0.4698 -0.4170 0.7781
vn 0.2368 -0.4546 0.8587
vn -0.0116 -0.5096 0.8603
vn -0.1795 -0.5241 0.8325
vn -0.4119 -0.5061 0.7577
vn 0.9210 -0.2931 0.2568
vn 0.9439 -0.3203 0.0803
vn 0.9351 -0.3396 -0.1012
vn -0.7310 -0.3879 -0.5614
vn -0.7276 -0.3507 -0.5895
vn -0.6554 -0.4993 -0.5667
vn 0.8723 -0.2189 0.4372
vn 0.8831 -0.2096 0.4197
vn 0.8887 -0.2069 0.4092
vn 0.9129 -0.2771 -0.2996
vn 0.9174 -0.2860 -0.2769
vn 0.9070 -0.3650 -0.2101
vn -0.5943 -0.3295 0.7337
vn -0.6841 -0.2507 0.6850
vn -0.6896 -0.3054 0.6566
vn 0.1174 -0.2283 0.9665
vn 0.1102 -0.1117 0.9876
vn 0.1099 -0.0919 0.9897
vn 0.8050 -0.2487 0.5386
vn 0.8555 -0.1888 0.4822
vn 0.8767 -0.1599 0.4537
vn 0.0066 -0.6603 -0.7510
vn -0.1950 -0.5922 -0.7818
vn -0.4174 -0.5245 -0.7421
vn 0.8403 -0.4961 0.2185
vn 0.7529 -0.5432 0.3716
vn 0.6026 -0.5503 0.5780
vn 0.0689 -0.2780 0.9581
vn -0.1033 -0.1851 0.9773
vn -0.2750 -0.1464 0.9502
vn -0.9745 -0.2201 0.0439
vn -0.9522 -0.2713 -0.1402
vn -0.8531 -0.3442 -0.3920
vn 0.1955 -0.4779 -0.8564
vn -0.0163 -0.4702 -0.8824
vn -0.2230 -0.4356 -0.8721
vn 0.7121 -0.6822 0.1655
vn 0.6759 -0.6125 0.4098
vn 0.5430 -0.4694 0.6963
vn 0.1722 -0.3642 0.9153
vn -0.0374 -0.3860 0.9217
vn -0.2399 -0.3785 0.8939
vn -0.7160 -0.6910 -0.0996
vn -0.6803 -0.6498 -0.3389
vn -0.5651 -0.5320 -0.6306
vn -0.4885 -0.0972 0.8672
vn -0.4759 -0.1186 0.8714
vn -0.4570 -0.2032 0.8659
vn 0.4020 -0.1826 0.8972
vn 0.4220 -0.1264 0.8978
vn 0.4218 -0.1907 0.8864
vn 0.4315 -0.3692 -0.8231
vn 0.4410 -0.2588 -0.8594
vn 0.4311 -0.3128 -0.8463
vn -0.4456 -0.2370 -0.8633
vn -0.4839 -0.1759 -0.8573
vn -0.5592 -0.2317 -0.7960
vn -0.5084 -0.2003 0.8375
vn -0.5545 -0.2481 0.7944
vn -0.6207 -0.3073 0.7213
vn 0.5457 -0.6066 -0.5782
vn 0.6498 -0.7051 -0.2837
vn 0.6867 -0.7243 -0.0625
vn -0.5656 -0.4953 0.6594
vn -0.6772 -0.6279 0.3836
vn -0.7142 -0.6838 0.1491
vn 0.6267 -0.7145 -0.3110
vn 0.7795 -0.6246 -0.0471
vn 0.8441 -0.5212 0.1260
vn -0.7329 -0.1420 0.6653
vn -0.8926 -0.1453 0.4267
vn -0.9565 -0.1558 0.2466
vn -0.9217 -0.3861 0.0369
vn -0.9804 -0.1891 0.0544
vn -0.9875 -0.1310 0.0878
vn 0.3493 -0.9367 0.0223
vn -0.0124 -0.9999 0.0116
vn -0.3707 -0.9287 0.0145
vn 0.9519 -0.2789 0.1268
vn 0.9583 -0.2690 0.0963
vn 0.9040 -0.4215 0.0713
vn -0.9324 -0.2746 0.2352
vn -0.8694 -0.3434 0.3552
vn -0.7785 -0.3789 0.5004
vn -0.1779 -0.9839 -0.0196
vn -0.0675 -0.9931 0.0962
vn -0.0155 -0.9914 0.1298
vn 0.0503 -0.9987 -0.0000
vn 0.0211 -0.9998 -0.0000
vn 0.0062 -1.0000 -0.0000
vn -0.0965 -0.4675 0.8787
vn -0.0521 -0.5146 0.8559
vn -0.0237 -0.5774 0.8161
vn 0.0126 -0.9353 0.3535
vn 0.0088 -0.8856 0.4644
vn 0.0056 -0.7783 0.6279
vn -0.0006 -0.9999 0.0102
vn 0.0004 -0.9994 0.0337
vn 0.0029 -0.9972 0.0743
vn 0.0138 -0.9811 0.1930
vn 0.0187 -0.9686 0.2478
vn 0.0192 -0.9577 0.2870
vn 0.0453 -0.9448 0.3246
vn 0.1092 -0.9193 0.3781
vn 0.2246 -0.8160 0.5326
vn -0.1634 -0.8654 0.4736
vn -0.0609 -0.9322 0.3569
vn -0.0092 -0.9487 0.3161
vn -0.5922 0.7262 -0.3492
vn -0.6722 0.6555 -0.3441
vn -0.7468 0.6004 -0.2863
vn -0.5224 0.4552 0.7210
vn -0.7340 0.3622 0.5745
vn -0.8393 0.3122 0.4450
vn -0.8734 0.4824 -0.0673
vn -0.8998 0.4327 0.0560
vn -0.9037 0.3869 0.1832
vn -0.9561 0.2931 -0.0000
vn -0.8993 0.4374 -0.0000
vn -0.6355 0.7721 -0.0000
vn -0.8959 -0.1695 0.4106
vn -0.8057 -0.1825 0.5635
vn -0.6340 -0.2271 0.7393
vn -0.3018 0.9063 0.2957
vn -0.2751 0.7950 0.5406
vn -0.2829 0.6248 0.7277
vn -0.2675 0.2961 0.9170
vn -0.2799 0.0806 0.9566
vn -0.3890 -0.1119 0.9144
vn 0.2555 0.9668 -0.0000
vn -0.3137 0.9495 -0.0000
vn -0.8291 0.5591 -0.0000
vn -0.6453 -0.4529 0.6152
vn -0.6993 -0.5486 0.4583
vn -0.7411 -0.6209 0.2556
vn 0.5230 0.8080 0.2714
vn 0.4350 0.7470 0.5028
vn 0.2986 0.6457 0.7028
vn -0.1314 0.2535 0.9584
vn -0.3312 0.0188 0.9434
vn -0.4751 -0.1790 0.8615
vn -0.3131 0.4712 0.8246
vn -0.2764 0.4895 0.8270
vn -0.1494 0.5068 0.8490
vn -0.5939 -0.3578 0.7206
vn -0.5880 -0.3714 0.7185
vn -0.5584 -0.3542 0.7502
vn -0.2342 0.9722 -0.0000
vn -0.0812 0.9967 -0.0000
vn 0.2223 0.9750 -0.0000
vn -0.7408 -0.3352 0.5821
vn -0.8470 -0.3743 0.3775
vn -0.9023 -0.3886 0.1866
vn 0.8811 0.4410 0.1709
vn 0.8423 0.4067 0.3539
vn 0.7475 0.3492 0.5650
vn 0.2691 0.1361 0.9534
vn -0.0337 0.0011 0.9994
vn -0.3158 -0.1335 0.9394
vn 0.3441 0.3994 0.8498
vn 0.4758 0.3219 0.8186
vn 0.5333 0.2753 0.7999
vn -0.5436 -0.2756 0.7928
vn -0.5372 -0.2938 0.7906
vn -0.5488 -0.3118 0.7756
vn -0.8986 -0.4389 -0.0000
vn -0.8657 -0.5005 -0.0000
vn -0.8181 -0.5750 -0.0000
vn 0.7584 0.6518 -0.0000
vn 0.8429 0.5380 -0.0000
vn 0.8783 0.4780 -0.0000
vn -0.7682 0.0353 0.6392
vn -0.8948 0.0595 0.4426
vn -0.9715 0.0795 0.2235
vn 0.5960 0.7806 0.1883
vn 0.5578 0.7261 0.4019
vn 0.4798 0.6195 0.6213
vn 0.1283 0.4345 0.8915
vn -0.1732 0.3159 0.9328
vn -0.4434 0.1584 0.8822
vn 0.5494 0.2715 0.7902
vn 0.5212 0.3168 0.7925
vn 0.4645 0.3917 0.7942
vn -0.6226 -0.0953 0.7767
vn -0.6075 -0.1732 0.7752
vn -0.5850 -0.2231 0.7797
vn -0.9849 -0.1732 -0.0000
vn -0.9579 -0.2871 -0.0000
vn -0.9374 -0.3483 -0.0000
vn 0.8866 0.4625 -0.0000
vn 0.8572 0.5150 -0.0000
vn 0.7817 0.6237 -0.0000
vn -0.7522 -0.5750 -0.3218
vn -0.7384 -0.5228 -0.4259
vn -0.7148 -0.4678 -0.5199
vn -0.5964 0.3183 -0.7369
vn -0.5822 0.4169 -0.6980
vn -0.5607 0.5071 -0.6546
vn 0.7869 0.0940 -0.6099
vn 0.7897 -0.0024 -0.6135
vn 0.7833 -0.0997 -0.6136
vn 0.6888 0.4529 -0.5661
vn 0.7221 0.3780 -0.5794
vn 0.7514 0.2928 -0.5914
vn 0.7650 0.5310 -0.3644
vn 0.7292 0.5274 -0.4361
vn 0.6928 0.5231 -0.4963
vn 0.7382 -0.3017 -0.6033
vn 0.7071 -0.3796 -0.5965
vn 0.6843 -0.4234 -0.5936
vn 0.4369 -0.4718 -0.7659
vn 0.4746 -0.4533 -0.7545
vn 0.5552 -0.4180 -0.7190
vn -0.2445 0.6733 -0.6977
vn -0.3531 0.6478 -0.6751
vn -0.4533 0.6164 -0.6439
vn -0.6013 -0.0965 -0.7932
vn -0.6052 0.0061 -0.7961
vn -0.6069 0.1070 -0.7876
vn -0.6147 0.7580 -0.2181
vn -0.6069 0.7836 -0.1328
vn -0.5955 0.8011 -0.0598
vn 0.8017 -0.5881 -0.1072
vn 0.7839 -0.6190 -0.0490
vn 0.7772 -0.6289 -0.0230
vn -0.6031 -0.4228 -0.6764
vn -0.5902 -0.3831 -0.7106
vn -0.5902 -0.3077 -0.7463
vn -0.6637 -0.4700 -0.5820
vn -0.7268 -0.5904 -0.3511
vn -0.7422 -0.6529 -0.1514
vn -0.9343 0.2469 -0.2572
vn -0.9449 0.2724 -0.1814
vn -0.9515 0.2930 -0.0939
vn -0.1977 -0.1566 -0.9677
vn -0.3104 -0.1729 -0.9347
vn -0.4472 -0.1916 -0.8737
vn -0.2010 0.1578 -0.9668
vn -0.3150 0.1755 -0.9327
vn -0.4540 0.1960 -0.8692
vn 0.9475 -0.1585 -0.2777
vn 0.9147 -0.1744 -0.3645
vn 0.8610 -0.1909 -0.4714
vn 0.9479 0.1582 -0.2766
vn 0.9165 0.1726 -0.3610
vn 0.8656 0.1861 -0.4649
vn -0.4991 -0.3817 -0.7779
vn -0.3753 -0.3922 -0.8398
vn -0.2667 -0.4083 -0.8730
vn 0.0241 -0.5879 -0.8085
vn 0.0390 -0.5415 -0.8398
vn 0.0645 -0.5148 -0.8549
vn 0.4367 0.1736 -0.8827
vn 0.1591 0.1555 -0.9749
vn -0.0948 0.2619 -0.9604
vn -0.0693 0.6743 -0.7352
vn -0.0402 0.7008 -0.7122
vn -0.0665 0.7017 -0.7094
vn 0.2763 -0.1616 -0.9474
vn 0.2007 -0.1518 -0.9678
vn 0.1207 -0.1445 -0.9821
vn 0.0180 -0.1411 -0.9898
vn -0.0147 -0.1422 -0.9897
vn -0.0532 -0.1431 -0.9883
vn 0.2579 0.1714 -0.9509
vn 0.1899 0.1666 -0.9676
vn 0.1199 0.1600 -0.9798
vn 0.0237 0.1466 -0.9889
vn -0.0122 0.1424 -0.9897
vn -0.0544 0.1417 -0.9884
vn 0.0650 -0.2118 -0.9751
vn 0.0768 -0.2826 -0.9562
vn 0.0965 -0.3716 -0.9234
vn -0.1212 -0.2164 -0.9688
vn -0.1363 -0.2767 -0.9512
vn -0.1566 -0.3418 -0.9266
vn -0.2505 0.9501 -0.1860
vn -0.2623 0.9044 -0.3365
vn -0.2865 0.8032 -0.5224
vn -0.1167 0.9483 -0.2950
vn -0.1248 0.9038 -0.4094
vn -0.1340 0.8236 -0.5511
vn 0.0509 -0.6282 -0.7764
vn -0.0861 -0.6233 -0.7773
vn -0.1529 -0.5410 -0.8270
vn -0.0318 -0.7382 -0.6739
vn 0.0876 -0.7464 -0.6597
vn 0.1227 -0.6524 -0.7478
vn -0.0219 0.4033 -0.9148
vn 0.0475 0.3185 -0.9467
vn 0.0649 0.2372 -0.9693
vn -0.1394 0.5253 -0.8394
vn -0.1323 0.3691 -0.9199
vn -0.1229 0.2430 -0.9622
vn 0.0609 0.0731 -0.9955
vn 0.0586 0.0007 -0.9983
vn 0.0579 -0.0694 -0.9959
vn -0.1092 0.0686 -0.9916
vn -0.1068 -0.0022 -0.9943
vn -0.1075 -0.0730 -0.9915
vn -0.6516 -0.7577 -0.0360
vn -0.6783 -0.7330 -0.0519
vn -0.7181 -0.6899 -0.0912
vn 0.8263 0.5631 -0.0128
vn 0.8289 0.5556 -0.0654
vn 0.8224 0.5467 -0.1574
vn -0.5632 0.6234 -0.5424
vn -0.5864 0.6602 -0.4693
vn -0.6028 0.6944 -0.3930
vn 0.7567 -0.4546 -0.4698
vn 0.7732 -0.4823 -0.4118
vn 0.7989 -0.5043 -0.3277
vn -0.7288 -0.2091 -0.6520
vn -0.8245 -0.2011 -0.5289
vn -0.8816 -0.1875 -0.4332
vn -0.7385 0.2197 -0.6374
vn -0.8348 0.2184 -0.5054
vn -0.8920 0.2173 -0.3965
vn 0.9912 -0.1313 -0.0190
vn 0.9893 -0.1332 -0.0596
vn 0.9829 -0.1377 -0.1219
vn 0.9913 0.1306 -0.0190
vn 0.9894 0.1325 -0.0597
vn 0.9830 0.1373 -0.1221
vn 0.0503 0.9987 0.0043
vn 0.0268 0.9992 0.0311
vn -0.0389 0.9968 0.0696
vn -0.1057 0.9942 -0.0190
vn -0.1067 0.9924 -0.0611
vn -0.1083 0.9862 -0.1249
vn -0.1421 -0.9895 0.0252
vn -0.1151 -0.9876 0.1065
vn -0.0175 -0.9587 0.2837
vn 0.0925 -0.9956 0.0115
vn 0.0589 -0.9963 0.0624
vn -0.0561 -0.9817 0.1818
vn 0.0297 -0.9931 -0.1134
vn 0.0820 -0.9950 -0.0569
vn 0.1856 -0.9752 0.1210
vn -0.6899 -0.6442 0.3303
vn -0.6783 -0.7302 0.0823
vn -0.6940 -0.7152 -0.0830
vn -0.0538 0.9795 -0.1943
vn -0.0348 0.9830 -0.1803
vn -0.0641 0.9894 -0.1301
vn 0.6412 0.7589 -0.1139
vn 0.6310 0.7422 -0.2260
vn 0.7004 0.6630 -0.2642
vn 0.9798 0.0703 -0.1870
vn 0.9830 -0.0000 -0.1836
vn 0.9798 -0.0703 -0.1871
vn -0.7389 0.5903 -0.3248
vn -0.8322 0.4496 -0.3246
vn -0.8905 0.3252 -0.3183
vn -0.8787 -0.3029 -0.3691
vn -0.8450 -0.4184 -0.3330
vn -0.8046 -0.5254 -0.2766
vn -0.9314 0.1400 -0.3360
vn -0.9323 0.0492 -0.3582
vn -0.9247 -0.0538 -0.3768
vn -0.4686 0.8384 -0.2785
vn -0.3266 0.9128 -0.2452
vn -0.2046 0.9541 -0.2185
vn 0.1224 -0.7114 0.6921
vn -0.0027 -0.7310 0.6823
vn -0.1822 -0.7753 0.6047
vn 0.8743 0.4133 -0.2545
vn 0.9202 0.3131 -0.2349
vn 0.9501 0.2266 -0.2144
vn 0.9504 -0.2272 -0.2126
vn 0.9218 -0.3147 -0.2263
vn 0.8795 -0.4168 -0.2295
vn 0.1987 -0.4995 -0.8432
vn 0.2909 -0.4973 -0.8173
vn 0.3697 -0.4910 -0.7888
vn 0.6153 0.5322 -0.5815
vn 0.6167 0.5091 -0.6004
vn 0.6567 0.4236 -0.6239
vn 0.6261 -0.2050 -0.7523
vn 0.4804 -0.1966 -0.8547
vn 0.3737 -0.1839 -0.9091
vn 0.6343 0.1962 -0.7478
vn 0.4821 0.1903 -0.8552
vn 0.3663 0.1822 -0.9125
vn -0.1325 0.9142 0.3830
vn 0.0797 0.8517 0.5179
vn 0.3719 0.8140 0.4462
vn 0.7270 -0.6060 0.3227
vn 0.5005 -0.6721 0.5457
vn 0.2916 -0.6894 0.6631
vn 0.2716 -0.9622 0.0201
vn 0.2674 -0.9553 0.1259
vn 0.2494 -0.8952 0.3693
vn 0.2722 0.9618 0.0287
vn 0.3103 0.9476 0.0755
vn 0.4279 0.8944 0.1300
vn 0.2974 0.0842 -0.9510
vn 0.2969 -0.0001 -0.9549
vn 0.3043 -0.0835 -0.9489
vn 0.4903 0.3414 -0.8019
vn 0.3777 0.3293 -0.8654
vn 0.3262 0.2650 -0.9074
vn 0.8770 0.4614 -0.1338
vn 0.8952 0.3160 -0.3143
vn 0.8424 0.2636 -0.4700
vn 0.3480 -0.2601 -0.9007
vn 0.3784 -0.3390 -0.8613
vn 0.4037 -0.4113 -0.8172
vn 0.2527 -0.3439 -0.9044
vn 0.3478 -0.4916 -0.7984
vn 0.3992 -0.5289 -0.7489
vn 0.6554 0.1166 -0.7462
vn 0.4047 0.2323 -0.8845
vn -0.0545 0.4194 -0.9062
vn -0.5618 0.8240 0.0736
vn -0.6056 0.7727 -0.1900
vn -0.5784 0.6667 -0.4701
vn -0.1173 0.9051 0.4088
vn 0.3169 0.8325 0.4544
vn 0.6422 0.6668 0.3781
vn 0.9205 0.3906 -0.0070
vn 0.9296 0.2632 -0.2581
vn 0.8733 0.1505 -0.4634
vn -0.8206 0.3267 -0.4689
vn -0.7445 0.3320 -0.5792
vn -0.6431 0.3916 -0.6581
vn -0.7666 0.5848 0.2653
vn -0.6611 0.7001 0.2698
vn -0.4693 0.8562 0.2160
vn 0.7897 0.5338 0.3023
vn 0.8188 0.4584 0.3457
vn 0.8349 0.4450 0.3239
vn 0.7749 -0.0024 -0.6321
vn 0.7609 0.0041 -0.6489
vn 0.7444 0.0809 -0.6628
vn 0.1239 -0.4550 0.8818
vn 0.0955 -0.3614 0.9275
vn 0.0907 -0.4431 0.8919
vn -0.5979 -0.7970 0.0854
vn -0.6421 -0.7485 -0.1659
vn -0.5697 -0.7008 -0.4293
vn 0.5411 -0.2588 -0.8002
vn 0.3381 -0.1853 -0.9227
vn 0.2173 -0.1611 -0.9627
vn 0.0938 -0.2095 -0.9733
vn -0.0023 -0.2729 -0.9620
vn -0.1440 -0.3957 -0.9070
vn 0.7292 -0.6600 -0.1807
vn 0.6927 -0.7089 -0.1330
vn 0.7523 -0.6567 -0.0531
vn 0.8463 -0.3799 -0.3735
vn 0.8848 -0.3998 -0.2395
vn 0.8923 -0.4393 -0.1042
vn -0.0044 -0.7148 0.6993
vn -0.1842 -0.7160 0.6734
vn -0.4483 -0.6591 0.6039
vn 0.7370 -0.4722 0.4837
vn 0.4422 -0.6117 0.6560
vn 0.1841 -0.6736 0.7158
vn 0.0399 -0.9454 0.3235
vn 0.0218 -0.9860 -0.1656
vn 0.0547 -0.7975 -0.6008
vn -0.7701 -0.5986 0.2206
vn -0.7938 -0.6009 -0.0936
vn -0.7434 -0.5420 -0.3919
vn 0.7372 -0.3394 -0.5842
vn 0.4698 -0.4170 -0.7781
vn 0.2368 -0.4546 -0.8587
vn -0.0116 -0.5096 -0.8603
vn -0.1795 -0.5241 -0.8325
vn -0.4119 -0.5061 -0.7577
vn 0.9210 -0.2931 -0.2568
vn 0.9439 -0.3203 -0.0803
vn 0.9351 -0.3396 0.1012
vn -0.7310 -0.3879 0.5614
vn -0.7276 -0.3507 0.5895
vn -0.6554 -0.4993 0.5667
vn 0.8723 -0.2189 -0.4372
vn 0.8831 -0.2096 -0.4197
vn 0.8887 -0.2069 -0.4092
vn 0.9129 -0.2771 0.2996
vn 0.9174 -0.2860 0.2769
vn 0.9070 -0.3650 0.2101
vn -0.5943 -0.3295 -0.7337
vn -0.6841 -0.2507 -0.6850
vn -0.6896 -0.3054 -0.6566
vn 0.1174 -0.2283 -0.9665
vn 0.1102 -0.1117 -0.9876
vn 0.1099 -0.0919 -0.9897
vn 0.8050 -0.2487 -0.5386
vn 0.8555 -0.1888 -0.4822
vn 0.8767 -0.1599 -0.4537
vn 0.0066 -0.6603 0.7510
vn -0.1950 -0.5922 0.7818
vn -0.4174 -0.5245 0.7421
vn 0.8403 -0.4961 -0.2185
vn 0.7529 -0.5432 -0.3716
vn 0.6026 -0.5503 -0.5780
vn 0.0689 -0.2780 -0.9581
vn -0.1033 -0.1851 -0.9773
vn -0.2750 -0.1464 -0.9502
vn -0.9745 -0.2201 -0.0439
vn -0.9522 -0.2713 0.1402
vn -0.8531 -0.3442 0.3920
vn 0.1955 -0.4779 0.8564
vn -0.0163 -0.4702 0.8824
vn -0.2230 -0.4356 0.8721
vn 0.7121 -0.6822 -0.1655
vn 0.6759 -0.6125 -0.4098
vn 0.5430 -0.4694 -0.6963
vn 0.1722 -0.3642 -0.9153
vn -0.0374 -0.3860 -0.9217
vn -0.2399 -0.3785 -0.8939
vn -0.7160 -0.6910 0.0996
vn -0.6803 -0.6498 0.3389
vn -0.5651 -0.5320 0.6306
vn -0.4885 -0.0972 -0.8672
vn -0.4759 -0.1186 -0.8714
vn -0.4570 -0.2032 -0.8659
vn 0.4020 -0.1826 -0.8972
vn 0.4220 -0.1264 -0.8978
vn 0.4218 -0.1907 -0.8864
vn 0.4315 -0.3692 0.8231
vn 0.4410 -0.2588 0.8594
vn 0.4311 -0.3128 0.8463
vn -0.4456 -0.2370 0.8633
vn -0.4839 -0.1759 0.8573
vn -0.5592 -0.2317 0.7960
vn -0.5084 -0.2003 -0.8375
vn -0.5545 -0.2481 -0.7944
vn -0.6207 -0.3073 -0.7213
vn 0.5457 -0.6066 0.5782
vn 0.6498 -0.7051 0.2837
vn 0.6867 -0.7243 0.0625
vn -0.5656 -0.4953 -0.6593
vn -0.6772 -0.6279 -0.3836
vn -0.7142 -0.6838 -0.1491
vn 0.6267 -0.7145 0.3110
vn 0.7795 -0.6246 0.0471
vn 0.8441 -0.5212 -0.1260
vn -0.7329 -0.1420 -0.6653
vn -0.8926 -0.1453 -0.4267
vn -0.9565 -0.1558 -0.2466
vn -0.9217 -0.3861 -0.0369
vn -0.9804 -0.1891 -0.0544
vn -0.9875 -0.1310 -0.0878
vn 0.3493 -0.9367 -0.0223
vn -0.0124 -0.9999 -0.0116
vn -0.3707 -0.9287 -0.0145
vn 0.9519 -0.2789 -0.1268
vn 0.9583 -0.2690 -0.0963
vn 0.9040 -0.4215 -0.0713
vn -0.9324 -0.2746 -0.2352
vn -0.8694 -0.3434 -0.3552
vn -0.7785 -0.3789 -0.5004
vn -0.1779 -0.9839 0.0196
vn -0.0675 -0.9931 -0.0962
vn -0.0155 -0.9914 -0.1298
vn -0.0965 -0.4675 -0.8787
vn -0.0521 -0.5146 -0.8559
vn -0.0236 -0.5774 -0.8161
vn 0.0126 -0.9353 -0.3535
vn 0.0088 -0.8856 -0.4644
vn 0.0056 -0.7783 -0.6279
vn -0.0006 -0.9999 -0.0102
vn 0.0004 -0.9994 -0.0337
vn 0.0029 -0.9972 -0.0743
vn 0.0138 -0.9811 -0.1930
vn 0.0187 -0.9686 -0.2478
vn 0.0192 -0.9577 -0.2870
vn 0.0453 -0.9448 -0.3246
vn 0.1092 -0.9193 -0.3781
vn 0.2246 -0.8160 -0.5326
vn -0.1634 -0.8654 -0.4736
vn -0.0609 -0.9322 -0.3569
vn -0.0092 -0.9487 -0.3161
vn -0.5922 0.7262 0.3492
vn -0.6722 0.6555 0.3441
vn -0.7468 0.6004 0.2863
vn -0.5224 0.4552 -0.7210
vn -0.7340 0.3622 -0.5745
vn -0.8393 0.3122 -0.4450
vn -0.8734 0.4824 0.0673
vn -0.8998 0.4327 -0.0560
vn -0.9037 0.3869 -0.1832
vn -0.8959 -0.1695 -0.4106
vn -0.8057 -0.1825 -0.5635
vn -0.6340 -0.2271 -0.7393
vn -0.3018 0.9063 -0.2957
vn -0.2751 0.7950 -0.5406
vn -0.2829 0.6248 -0.7277
vn -0.2675 0.2961 -0.9170
vn -0.2799 0.0806 -0.9566
vn -0.3890 -0.1119 -0.9144
vn -0.6453 -0.4529 -0.6152
vn -0.6993 -0.5486 -0.4583
vn -0.7411 -0.6209 -0.2556
vn 0.5230 0.8080 -0.2714
vn 0.4350 0.7470 -0.5028
vn 0.2986 0.6457 -0.7028
vn -0.1314 0.2535 -0.9584
vn -0.3312 0.0188 -0.9434
vn -0.4751 -0.1790 -0.8615
vn -0.3131 0.4712 -0.8246
vn -0.2764 0.4895 -0.8270
vn -0.1494 0.5068 -0.8490
vn -0.5939 -0.3578 -0.7206
vn -0.5880 -0.3715 -0.7185
vn -0.5584 -0.3542 -0.7502
vn -0.7408 -0.3352 -0.5821
vn -0.8470 -0.3743 -0.3775
vn -0.9023 -0.3886 -0.1866
vn 0.8811 0.4410 -0.1709
vn 0.8423 0.4067 -0.3539
vn 0.7475 0.3492 -0.5650
vn 0.2692 0.1361 -0.9534
vn -0.0337 0.0011 -0.9994
vn -0.3158 -0.1335 -0.9394
vn 0.3441 0.3994 -0.8498
vn 0.4758 0.3219 -0.8186
vn 0.5333 0.2753 -0.7999
vn -0.5436 -0.2756 -0.7928
vn -0.5372 -0.2938 -0.7906
vn -0.5488 -0.3118 -0.7756
vn -0.7682 0.0353 -0.6392
vn -0.8948 0.0595 -0.4426
vn -0.9715 0.0795 -0.2235
vn 0.5960 0.7806 -0.1883
vn 0.5578 0.7261 -0.4019
vn 0.4798 0.6195 -0.6213
vn 0.1283 0.4345 -0.8915
vn -0.1732 0.3159 -0.9328
vn -0.4434 0.1584 -0.8822
vn 0.5494 0.2715 -0.7902
vn 0.5212 0.3168 -0.7925
vn 0.4645 0.3917 -0.7942
vn -0.6226 -0.0953 -0.7767
vn -0.6075 -0.1732 -0.7752
vn -0.5850 -0.2231 -0.7797
vn 0.8489 -0.4102 0.3334
vn 0.8898 -0.3256 0.3199
vn 0.9231 -0.2429 0.2981
vn 0.8065 -0.4166 0.4195
vn 0.8460 -0.3453 0.4062
vn 0.8845 -0.2644 0.3844
vn 0.7601 -0.4220 0.4941
vn 0.7886 -0.3663 0.4939
vn 0.8278 -0.2865 0.4824
vn -0.1896 -0.0768 0.9789
vn -0.1878 -0.0010 0.9822
vn -0.1917 0.0749 0.9786
vn -0.3008 -0.0836 0.9500
vn -0.2988 0.0006 0.9543
vn -0.3038 0.0846 0.9490
vn -0.4417 -0.0914 0.8925
vn -0.4416 0.0030 0.8972
vn -0.4462 0.0965 0.8897
vn 0.9234 0.2434 0.2967
vn 0.8880 0.3295 0.3209
vn 0.8379 0.4230 0.3450
vn 0.8880 0.2623 0.3777
vn 0.8497 0.3472 0.3968
vn 0.7990 0.4340 0.4163
vn 0.8365 0.2798 0.4712
vn 0.7998 0.3629 0.4781
vn 0.7563 0.4410 0.4832
vn -0.2147 0.2566 0.9424
vn -0.2295 0.3779 0.8970
vn -0.2409 0.5219 0.8183
vn -0.3296 0.2769 0.9026
vn -0.3427 0.3900 0.8546
vn -0.3502 0.5167 0.7813
vn -0.4617 0.2995 0.8350
vn -0.4649 0.4029 0.7884
vn -0.4586 0.5075 0.7295
vn 0.9643 -0.2208 0.1463
vn 0.9496 -0.3131 0.0167
vn 0.9427 -0.2849 0.1735
vn 0.9102 -0.2726 0.3120
vn 0.9385 -0.2091 0.2748
vn 0.9409 -0.1986 0.2744
vn 0.9446 -0.2046 0.2566
vn 0.9480 -0.2058 0.2427
vn 0.9710 -0.2160 0.1025
vn 0.9702 -0.2351 -0.0586
vn 0.9694 -0.2435 -0.0304
vn -0.2161 0.9247 0.3135
vn -0.3393 0.8773 0.3394
vn -0.4739 0.7998 0.3683
vn -0.2288 0.8762 0.4242
vn -0.3492 0.8277 0.4393
vn -0.4736 0.7549 0.4538
vn -0.2396 0.7965 0.5552
vn -0.3534 0.7551 0.5522
vn -0.4637 0.7003 0.5428
vn -0.2575 -0.3507 0.9004
vn -0.2345 -0.2954 0.9261
vn -0.2130 -0.2325 0.9490
vn -0.3724 -0.3704 0.8510
vn -0.3512 -0.3248 0.8782
vn -0.3279 -0.2578 0.9089
vn -0.4916 -0.3956 0.7758
vn -0.4743 -0.3569 0.8048
vn -0.4582 -0.2859 0.8416
vn -0.7932 0.3049 0.5272
vn -0.9123 -0.0254 0.4086
vn -0.9252 0.0958 0.3671
vn -0.9338 0.1852 0.3063
vn -0.9429 0.2414 0.2295
vn -0.9529 0.2804 0.1153
vn -0.8707 0.4405 0.2189
vn -0.5511 0.7610 0.3423
vn -0.4529 0.6537 0.6062
vn -0.3609 0.4586 0.8120
vn -0.3807 0.2154 0.8993
vn -0.4827 -0.0062 0.8758
vn -0.7699 0.0282 0.6375
vn -0.8183 -0.5197 0.2456
vn -0.8029 -0.5659 0.1873
vn -0.8491 -0.4491 0.2780
vn -0.8767 -0.3192 0.3600
vn -0.8216 -0.3660 0.4370
vn -0.7287 -0.4174 0.5429
vn -0.7715 -0.5483 0.3228
vn -0.7780 -0.6148 0.1296
vn -0.7932 -0.6002 0.1031
vn -0.7592 -0.6474 0.0677
vn -0.7824 -0.6094 0.1281
vn -0.9094 0.3362 0.2450
vn -0.8525 0.4619 0.2446
vn -0.7536 0.6124 0.2390
vn -0.9199 0.3538 0.1692
vn -0.8611 0.4809 0.1651
vn -0.7555 0.6366 0.1550
vn -0.9242 0.3717 0.0880
vn -0.8616 0.5005 0.0842
vn -0.7498 0.6573 0.0754
vn 0.9614 -0.0766 0.2644
vn 0.9656 -0.0001 0.2599
vn 0.9615 0.0763 0.2639
vn 0.9323 -0.0845 0.3517
vn 0.9379 -0.0005 0.3470
vn 0.9330 0.0833 0.3502
vn 0.8810 -0.0930 0.4639
vn 0.8877 -0.0013 0.4605
vn 0.8829 0.0899 0.4610
vn 0.3560 -0.4028 0.8432
vn 0.3295 -0.3240 0.8868
vn 0.3004 -0.2454 0.9217
vn 0.2710 -0.3919 0.8792
vn 0.2435 -0.3078 0.9198
vn 0.2187 -0.2309 0.9481
vn 0.1752 -0.3795 0.9084
vn 0.1501 -0.2926 0.9444
vn 0.1317 -0.2188 0.9668
vn -0.0131 -0.2917 0.9564
vn 0.0452 -0.3734 0.9266
vn 0.0268 -0.2805 0.9595
vn 0.0195 -0.2106 0.9774
vn -0.0152 -0.2116 0.9772
vn -0.0567 -0.2112 0.9758
vn -0.0643 -0.2728 0.9599
vn -0.0822 -0.3488 0.9336
vn -0.0364 -0.3772 0.9254
vn -0.0034 -0.4457 0.8952
vn 0.0171 -0.3911 0.9202
vn -0.5254 0.8469 0.0817
vn -0.5347 0.8052 0.2564
vn -0.5773 0.6897 0.4370
vn -0.7410 0.6715 -0.0058
vn -0.7620 0.6292 0.1533
vn -0.7860 0.5370 0.3064
vn -0.8500 0.5236 -0.0573
vn -0.8742 0.4790 0.0795
vn -0.8842 0.4152 0.2139
vn -0.0842 0.9647 0.2495
vn -0.0401 0.9612 0.2730
vn -0.0553 0.9573 0.2836
vn -0.0936 0.9235 0.3720
vn -0.0435 0.9212 0.3867
vn -0.0585 0.9159 0.3971
vn -0.0953 0.8409 0.5328
vn -0.0454 0.8431 0.5358
vn -0.0632 0.8375 0.5427
vn -0.7444 -0.6292 0.2236
vn -0.7789 -0.6234 0.0693
vn -0.8365 -0.5267 -0.1512
vn -0.7667 -0.5448 0.3398
vn -0.8301 -0.5178 0.2069
vn -0.9064 -0.4211 0.0330
vn -0.7760 -0.4631 0.4282
vn -0.8532 -0.4256 0.3015
vn -0.9263 -0.3391 0.1641
vn 0.2369 -0.9430 0.2336
vn 0.3599 -0.9327 -0.0229
vn 0.1554 -0.9799 0.1249
vn 0.0534 -0.9833 0.1739
vn 0.0688 -0.9679 0.2418
vn 0.0625 -0.9530 0.2965
vn 0.1685 -0.9286 0.3306
vn 0.3658 -0.8253 0.4302
vn 0.4865 -0.8152 0.3141
vn 0.6501 -0.7309 0.2080
vn 0.4928 -0.8624 0.1155
vn 0.2711 0.2522 0.9289
vn 0.3025 0.2987 0.9051
vn 0.3660 0.2838 0.8863
vn 0.1953 0.2429 0.9502
vn 0.1982 0.2831 0.9384
vn 0.1894 0.2591 0.9471
vn 0.1206 0.2380 0.9637
vn 0.1036 0.2914 0.9510
vn 0.0383 0.3060 0.9513
vn 0.0246 0.2371 0.9712
vn 0.0152 0.3447 0.9386
vn -0.0190 0.4811 0.8765
vn -0.0121 0.2365 0.9715
vn -0.0163 0.3592 0.9331
vn -0.0274 0.5187 0.8545
vn -0.0572 0.2371 0.9698
vn -0.0611 0.3646 0.9292
vn -0.0652 0.5267 0.8476
vn 0.2609 -0.0779 0.9622
vn 0.2539 0.0016 0.9672
vn 0.2532 0.0831 0.9638
vn 0.1903 -0.0730 0.9790
vn 0.1860 0.0028 0.9825
vn 0.1862 0.0813 0.9791
vn 0.1155 -0.0699 0.9908
vn 0.1143 0.0025 0.9934
vn 0.1160 0.0777 0.9902
vn 0.0182 -0.0706 0.9973
vn 0.0193 -0.0016 0.9998
vn 0.0211 0.0689 0.9974
vn -0.0140 -0.0718 0.9973
vn -0.0135 -0.0032 0.9999
vn -0.0130 0.0662 0.9977
vn -0.0516 -0.0721 0.9961
vn -0.0516 -0.0032 0.9987
vn -0.0526 0.0659 0.9964
vn -0.0802 -0.9967 -0.0125
vn -0.0367 -0.9993 -0.0000
vn -0.0110 -0.9999 0.0076
vn -0.0526 -0.9974 -0.0483
vn -0.0190 -0.9998 0.0001
vn -0.0044 -0.9997 0.0254
vn 0.0327 -0.9933 -0.1112
vn 0.0211 -0.9997 0.0129
vn 0.0096 -0.9982 0.0599
vn -0.3837 -0.9117 -0.1466
vn -0.5012 -0.8653 0.0076
vn -0.3534 -0.9353 -0.0187
vn -0.2291 -0.9729 -0.0304
vn -0.2130 -0.9646 -0.1553
vn -0.1391 -0.9007 -0.4116
vn -0.3031 -0.8400 -0.4500
vn -0.4981 -0.7563 -0.4241
vn -0.5379 -0.8247 -0.1750
vn -0.6113 -0.7911 -0.0214
vn -0.5352 -0.8444 -0.0256
vn 0.0177 0.9998 0.0099
vn -0.0129 0.9998 0.0173
vn -0.0507 0.9985 0.0191
vn 0.0050 0.9998 0.0209
vn -0.0176 0.9986 0.0495
vn -0.0515 0.9969 0.0589
vn -0.0268 0.9986 0.0450
vn -0.0261 0.9943 0.1037
vn -0.0527 0.9914 0.1196
vn 0.2158 0.9758 -0.0368
vn 0.1527 0.9877 -0.0345
vn 0.0940 0.9953 -0.0218
vn 0.2314 0.9654 -0.1199
vn 0.1412 0.9817 -0.1281
vn 0.0671 0.9935 -0.0919
vn 0.2874 0.9229 -0.2563
vn 0.1182 0.9468 -0.2994
vn -0.0035 0.9766 -0.2150
vn 0.9979 -0.0629 0.0180
vn 0.9998 -0.0000 0.0177
vn 0.9979 0.0629 0.0180
vn 0.9963 -0.0639 0.0567
vn 0.9985 -0.0000 0.0557
vn 0.9963 0.0639 0.0567
vn 0.9911 -0.0662 0.1156
vn 0.9935 -0.0000 0.1135
vn 0.9911 0.0662 0.1156
vn -0.7131 0.3278 0.6197
vn -0.6777 0.4308 0.5960
vn -0.6327 0.5282 0.5662
vn -0.8000 0.3275 0.5028
vn -0.7478 0.4398 0.4973
vn -0.6775 0.5525 0.4855
vn -0.8572 0.3237 0.4006
vn -0.7981 0.4441 0.4073
vn -0.7126 0.5716 0.4068
vn -0.6864 -0.4495 0.5716
vn -0.6871 -0.3990 0.6072
vn -0.7057 -0.3169 0.6337
vn -0.7402 -0.4738 0.4771
vn -0.7608 -0.4054 0.5068
vn -0.7923 -0.3138 0.5232
vn -0.7803 -0.4959 0.3811
vn -0.8133 -0.4084 0.4143
vn -0.8491 -0.3057 0.4308
vn -0.7460 -0.0954 0.6591
vn -0.7537 0.0101 0.6571
vn -0.7519 0.1127 0.6496
vn -0.8467 -0.0866 0.5249
vn -0.8560 0.0166 0.5167
vn -0.8527 0.1153 0.5095
vn -0.9027 -0.0724 0.4242
vn -0.9111 0.0281 0.4111
vn -0.9083 0.1215 0.4003
vn -0.1855 0.9824 0.0212
vn -0.2940 0.9554 0.0286
vn -0.4334 0.9002 0.0423
vn -0.1894 0.9796 0.0664
vn -0.3023 0.9498 0.0807
vn -0.4455 0.8892 0.1046
vn -0.1957 0.9713 0.1349
vn -0.3137 0.9366 0.1559
vn -0.4586 0.8689 0.1865
vn 0.4826 -0.8741 -0.0546
vn 0.3242 -0.9459 -0.0152
vn 0.4469 -0.8946 0.0016
vn 0.6117 -0.7909 0.0176
vn 0.6296 -0.7766 0.0228
vn 0.6800 -0.7301 0.0674
vn 0.6123 -0.7906 0.0052
vn 0.6495 -0.7518 -0.1135
vn 0.4845 -0.8366 -0.2557
vn 0.3260 -0.8788 -0.3485
vn 0.3283 -0.9373 -0.1168
vn 0.9783 0.2064 0.0200
vn 0.9551 0.2956 0.0202
vn 0.9120 0.4097 0.0179
vn 0.9759 0.2087 0.0642
vn 0.9525 0.2967 0.0681
vn 0.9106 0.4075 0.0691
vn 0.9676 0.2149 0.1323
vn 0.9424 0.3018 0.1440
vn 0.9000 0.4080 0.1535
vn 0.8910 -0.4535 0.0230
vn 0.9486 -0.3156 0.0220
vn 0.9770 -0.2124 0.0204
vn 0.8918 -0.4483 0.0605
vn 0.9469 -0.3150 0.0648
vn 0.9747 -0.2142 0.0633
vn 0.8919 -0.4336 0.1285
vn 0.9401 -0.3130 0.1348
vn 0.9672 -0.2182 0.1302
vn 0.1551 -0.9878 -0.0161
vn 0.2137 -0.9768 -0.0175
vn 0.2517 -0.9676 -0.0184
vn 0.1245 -0.9876 -0.0960
vn 0.1929 -0.9746 -0.1135
vn 0.2413 -0.9629 -0.1209
vn 0.0238 -0.9552 -0.2951
vn 0.1280 -0.9286 -0.3484
vn 0.2058 -0.9088 -0.3630
vn 0.6794 0.7337 0.0059
vn 0.5015 0.8651 -0.0029
vn 0.3556 0.9345 -0.0151
vn 0.6917 0.7201 0.0545
vn 0.5308 0.8470 0.0289
vn 0.3989 0.9168 -0.0177
vn 0.7021 0.6966 0.1477
vn 0.5794 0.8078 0.1080
vn 0.5033 0.8640 0.0110
vn 0.6334 -0.1010 0.7672
vn 0.6367 -0.0031 0.7711
vn 0.6373 0.0939 0.7649
vn 0.4750 -0.0966 0.8747
vn 0.4735 -0.0028 0.8808
vn 0.4762 0.0905 0.8747
vn 0.3596 -0.0897 0.9288
vn 0.3542 -0.0016 0.9352
vn 0.3566 0.0866 0.9302
vn 0.6263 0.2976 0.7206
vn 0.6161 0.3887 0.6851
vn 0.6089 0.4678 0.6406
vn 0.4918 0.2924 0.8202
vn 0.5134 0.3850 0.7669
vn 0.5575 0.4598 0.6912
vn 0.3874 0.2798 0.8784
vn 0.4362 0.3627 0.8235
vn 0.5349 0.4107 0.7384
vn 0.6873 0.6262 0.3681
vn 0.6675 0.6613 0.3422
vn 0.7460 0.6118 0.2630
vn 0.6686 0.5946 0.4466
vn 0.6802 0.5903 0.4346
vn 0.7819 0.4879 0.3881
vn 0.6425 0.5689 0.5133
vn 0.6630 0.5432 0.5152
vn 0.7474 0.4365 0.5009
vn 0.5821 -0.4244 0.6936
vn 0.6012 -0.3803 0.7028
vn 0.6147 -0.3036 0.7280
vn 0.4952 -0.4246 0.7580
vn 0.4962 -0.3698 0.7855
vn 0.4885 -0.2925 0.8221
vn 0.4369 -0.4189 0.7960
vn 0.4196 -0.3543 0.8357
vn 0.3955 -0.2759 0.8761
vn -0.3623 -0.4768 -0.8009
vn -0.1192 -0.4593 -0.8802
vn 0.0389 -0.4574 -0.8884
vn -0.4349 -0.3582 -0.8262
vn -0.1624 -0.3596 -0.9189
vn 0.0091 -0.3613 -0.9324
vn -0.4425 -0.4295 -0.7872
vn -0.1707 -0.4546 -0.8742
vn 0.0071 -0.4521 -0.8919
vn 0.7730 0.6332 -0.0382
vn 0.4471 0.8910 -0.0793
vn -0.0809 0.9945 -0.0667
vn 0.8157 0.4944 0.3002
vn 0.5043 0.7919 0.3445
vn -0.0805 0.9433 0.3222
vn 0.7616 0.3107 0.5687
vn 0.4903 0.5351 0.6880
vn -0.0458 0.7369 0.6745
vn 0.8898 0.1209 0.4401
vn 0.9492 0.1824 0.2564
vn 0.9490 0.3135 0.0337
vn 0.8998 0.0569 0.4325
vn 0.9634 0.1304 0.2340
vn 0.9662 0.2577 -0.0072
vn 0.9020 0.0582 0.4278
vn 0.9612 0.1454 0.2345
vn 0.9653 0.2612 -0.0022
vn -0.0253 0.6964 -0.7172
vn 0.4211 0.6847 -0.5949
vn 0.0327 0.7407 -0.6711
vn -0.2860 0.7997 -0.5280
vn -0.4235 0.7065 -0.5670
vn -0.5736 0.6533 -0.4941
vn -0.3842 0.7031 -0.5984
vn -0.2456 0.7785 -0.5776
vn 0.1497 0.7253 -0.6719
vn 0.5193 0.6184 -0.5899
vn 0.4579 0.6200 -0.6371
vn 0.0340 -0.0035 0.9994
vn -0.2760 0.1810 0.9440
vn 0.1092 0.0386 0.9933
vn 0.4764 0.0353 0.8785
vn 0.5057 -0.0358 0.8620
vn 0.5590 -0.0220 0.8289
vn 0.2455 0.0290 0.9690
vn -0.2134 0.2057 0.9551
vn -0.3951 0.1390 0.9081
vn -0.6359 0.1857 0.7491
vn -0.4540 0.1388 0.8801
vn 0.3831 -0.4249 0.8202
vn 0.2866 -0.3066 0.9077
vn 0.3548 -0.3146 0.8804
vn 0.4823 -0.3681 0.7949
vn 0.4307 -0.4524 0.7809
vn 0.4156 -0.4980 0.7611
vn 0.3670 -0.4490 0.8147
vn 0.0448 -0.6053 0.7947
vn 0.1364 -0.4902 0.8609
vn 0.2088 -0.4062 0.8896
vn 0.1617 -0.6811 0.7141
vn 0.2414 -0.6138 0.7516
vn 0.3081 -0.5488 0.7771
vn 0.2018 -0.6254 0.7537
vn 0.2870 -0.5961 0.7499
vn 0.3581 -0.5625 0.7452
vn 0.7396 -0.5848 0.3332
vn 0.7758 -0.4843 0.4045
vn 0.7951 -0.5213 0.3098
vn 0.7928 -0.5757 0.1999
vn 0.7285 -0.6349 0.2573
vn 0.7473 -0.5937 0.2984
vn 0.7493 -0.5436 0.3783
vn 0.1647 -0.9261 -0.3394
vn 0.4685 -0.8254 -0.3149
vn 0.7855 -0.5803 -0.2150
vn 0.1601 -0.9744 0.1579
vn 0.4809 -0.8670 0.1307
vn 0.8055 -0.5849 0.0946
vn 0.1946 -0.7748 0.6015
vn 0.4801 -0.6958 0.5343
vn 0.7791 -0.4947 0.3852
vn -0.4870 -0.8402 -0.2386
vn -0.2104 -0.9375 -0.2771
vn -0.0363 -0.9528 -0.3014
vn -0.5055 -0.8505 0.1456
vn -0.2249 -0.9605 0.1641
vn -0.0576 -0.9846 0.1653
vn -0.4665 -0.7358 0.4909
vn -0.2101 -0.8055 0.5542
vn -0.0428 -0.8127 0.5811
vn 0.0268 -0.1040 0.9942
vn -0.0991 -0.1357 0.9858
vn -0.2995 -0.2078 0.9312
vn 0.0084 -0.1195 0.9928
vn -0.1407 -0.1403 0.9801
vn -0.3789 -0.1843 0.9069
vn 0.0046 -0.2452 0.9695
vn -0.1579 -0.2648 0.9513
vn -0.3975 -0.2805 0.8737
vn -0.8195 -0.4198 0.3900
vn -0.8843 -0.4624 0.0651
vn -0.8412 -0.4844 -0.2403
vn -0.8908 -0.2984 0.3427
vn -0.9475 -0.3191 0.0219
vn -0.9010 -0.3335 -0.2774
vn -0.8786 -0.3407 0.3346
vn -0.9293 -0.3674 0.0372
vn -0.8931 -0.3708 -0.2545
vn 0.2320 -0.4548 -0.8598
vn 0.4659 -0.4563 -0.7581
vn 0.7457 -0.4268 -0.5116
vn 0.1996 -0.3612 -0.9109
vn 0.4311 -0.3596 -0.8275
vn 0.7304 -0.3354 -0.5949
vn 0.1911 -0.4332 -0.8808
vn 0.4219 -0.4101 -0.8086
vn 0.7159 -0.3488 -0.6049
vn 0.4522 -0.1354 0.8816
vn 0.5990 -0.1749 0.7815
vn 0.3687 -0.1197 0.9218
vn 0.2058 -0.0968 0.9738
vn 0.2309 -0.1146 0.9662
vn 0.2480 -0.2149 0.9446
vn 0.4629 -0.2102 0.8612
vn 0.7247 -0.2196 0.6531
vn 0.7099 -0.1942 0.6770
vn 0.7223 -0.1699 0.6704
vn 0.6596 -0.1413 0.7382
vn 0.1302 -0.1303 0.9829
vn -0.0643 -0.1045 0.9924
vn -0.2506 -0.0954 0.9634
vn 0.1465 -0.1049 0.9836
vn -0.0496 -0.1001 0.9937
vn -0.2368 -0.1044 0.9659
vn 0.1433 -0.1672 0.9755
vn -0.0437 -0.1761 0.9834
vn -0.2245 -0.1791 0.9579
vn 0.2655 -0.6512 0.7110
vn -0.0260 -0.7031 0.7106
vn -0.3059 -0.6607 0.6856
vn 0.3441 -0.8529 0.3927
vn -0.0149 -0.9260 0.3771
vn -0.3614 -0.8532 0.3761
vn 0.3599 -0.9229 0.1365
vn -0.0103 -0.9925 0.1216
vn -0.3722 -0.9190 0.1301
vn -0.3067 -0.2730 -0.9118
vn -0.0934 -0.3051 -0.9477
vn 0.1196 -0.3290 -0.9367
vn -0.2370 -0.1816 -0.9544
vn -0.0424 -0.1962 -0.9797
vn 0.1584 -0.2186 -0.9629
vn -0.2052 -0.2248 -0.9526
vn -0.0214 -0.2435 -0.9697
vn 0.1693 -0.2625 -0.9500
vn -0.7436 -0.1036 0.6605
vn -0.9093 -0.1095 0.4015
vn -0.9721 -0.1174 0.2029
vn -0.7361 -0.1424 0.6617
vn -0.9059 -0.1657 0.3898
vn -0.9676 -0.1801 0.1768
vn -0.7023 -0.2727 0.6576
vn -0.8560 -0.3436 0.3864
vn -0.9119 -0.3768 0.1627
vn 0.7577 -0.3852 -0.5268
vn 0.9125 -0.3643 -0.1860
vn 0.9469 -0.3179 0.0474
vn 0.7482 -0.3008 -0.5914
vn 0.9152 -0.3136 -0.2530
vn 0.9551 -0.2961 -0.0132
vn 0.7033 -0.3965 -0.5901
vn 0.8506 -0.4479 -0.2756
vn 0.8942 -0.4456 -0.0436
vn -0.4644 -0.3331 0.8206
vn -0.3916 -0.2861 0.8745
vn -0.3216 -0.2243 0.9199
vn -0.3422 -0.3927 0.8536
vn -0.2699 -0.3690 0.8894
vn -0.1784 -0.2979 0.9378
vn -0.2419 -0.4635 0.8524
vn -0.1702 -0.4879 0.8562
vn -0.0517 -0.4379 0.8975
vn -0.9182 -0.3846 -0.0946
vn -0.9780 -0.1944 -0.0763
vn -0.9883 -0.1482 -0.0349
vn -0.8683 -0.3623 -0.3389
vn -0.9284 -0.1932 -0.3174
vn -0.9513 -0.1679 -0.2585
vn -0.7074 -0.2997 -0.6402
vn -0.7568 -0.1833 -0.6275
vn -0.8082 -0.1946 -0.5558
vn 0.3383 -0.9380 -0.0759
vn -0.0160 -0.9962 -0.0852
vn -0.3706 -0.9241 -0.0939
vn 0.3197 -0.9016 -0.2913
vn -0.0177 -0.9524 -0.3042
vn -0.3559 -0.8770 -0.3227
vn 0.2639 -0.7547 -0.6007
vn -0.0174 -0.7771 -0.6291
vn -0.2964 -0.7154 -0.6328
vn 0.9029 -0.3871 0.1870
vn 0.9499 -0.2422 0.1973
vn 0.9407 -0.2766 0.1965
vn 0.8485 -0.3321 0.4120
vn 0.8909 -0.2076 0.4040
vn 0.8806 -0.2726 0.3875
vn 0.6804 -0.2496 0.6890
vn 0.7154 -0.1646 0.6791
vn 0.7210 -0.2465 0.6476
vn -0.8385 -0.2473 0.4856
vn -0.7669 -0.2979 0.5685
vn -0.8686 -0.2781 0.4100
vn -0.9230 -0.2302 0.3084
vn -0.8632 -0.2116 0.4584
vn -0.7144 -0.2052 0.6690
vn -0.7285 -0.2449 0.6398
vn 0.0295 -0.7571 0.6526
vn 0.0170 -0.8772 0.4799
vn 0.0024 -0.9317 0.3633
vn 0.0425 -0.7176 0.6951
vn 0.0218 -0.8486 0.5286
vn -0.0173 -0.9104 0.4134
vn 0.0681 -0.6822 0.7280
vn 0.0391 -0.8040 0.5934
vn -0.0446 -0.8481 0.5279
vn -0.0069 -0.9975 0.0708
vn 0.0010 -0.9995 0.0312
vn 0.0051 -0.9999 0.0096
vn -0.0276 -0.9988 0.0397
vn 0.0031 -0.9999 0.0143
vn 0.0176 -0.9998 0.0050
vn -0.0606 -0.9969 -0.0499
vn 0.0173 -0.9996 -0.0202
vn 0.0444 -0.9990 -0.0034
vn 0.0778 -0.7991 0.5962
vn 0.0495 -0.8931 0.4472
vn 0.0247 -0.9258 0.3771
vn -0.0294 -0.7418 0.6700
vn -0.0067 -0.8221 0.5693
vn 0.0003 -0.8676 0.4972
vn -0.0841 -0.6173 0.7822
vn -0.0443 -0.6854 0.7269
vn -0.0214 -0.7442 0.6676
vn -0.2633 -0.8911 0.3695
vn -0.0954 -0.9447 0.3137
vn -0.0171 -0.9564 0.2914
vn -0.3081 -0.9221 0.2339
vn -0.1100 -0.9618 0.2509
vn -0.0212 -0.9676 0.2514
vn -0.2754 -0.9567 0.0937
vn -0.0997 -0.9798 0.1735
vn -0.0209 -0.9806 0.1950
vn -0.8476 0.5241 -0.0836
vn -0.8858 0.4601 0.0615
vn -0.8845 0.4119 0.2193
vn -0.8147 0.5696 -0.1088
vn -0.8639 0.4985 0.0713
vn -0.8591 0.4358 0.2685
vn -0.7613 0.6403 -0.1025
vn -0.8092 0.5791 0.0994
vn -0.8058 0.5016 0.3149
vn -0.4484 -0.1863 0.8742
vn -0.3637 0.0002 0.9315
vn -0.3265 0.2251 0.9180
vn -0.5110 -0.2111 0.8333
vn -0.4352 -0.0173 0.9002
vn -0.3592 0.2264 0.9054
vn -0.5213 -0.2002 0.8295
vn -0.4270 -0.0012 0.9042
vn -0.3019 0.2457 0.9212
vn -0.4028 -0.1633 0.9006
vn -0.1971 0.0233 0.9801
vn 0.0704 0.2265 0.9715
vn -0.3469 -0.1539 0.9252
vn -0.0976 0.0140 0.9951
vn 0.1979 0.1838 0.9628
vn -0.3194 -0.1457 0.9364
vn -0.0476 0.0034 0.9989
vn 0.2544 0.1507 0.9553
vn -0.7041 -0.6873 0.1785
vn -0.6933 -0.6178 0.3710
vn -0.6481 -0.5048 0.5702
vn -0.6871 -0.6955 0.2101
vn -0.6767 -0.6181 0.4001
vn -0.6465 -0.5083 0.5689
vn -0.7002 -0.6728 0.2390
vn -0.6785 -0.5926 0.4341
vn -0.6453 -0.4864 0.5891
vn -0.2790 0.6831 0.6749
vn -0.2487 0.8391 0.4839
vn -0.2356 0.9368 0.2588
vn -0.2031 0.7120 0.6721
vn -0.1440 0.8680 0.4752
vn -0.0987 0.9624 0.2530
vn -0.0056 0.7191 0.6948
vn 0.1079 0.8601 0.4986
vn 0.1902 0.9443 0.2686
vn -0.3285 -0.1101 0.9381
vn -0.0440 0.0154 0.9989
vn 0.2583 0.1455 0.9550
vn -0.3513 -0.0642 0.9341
vn -0.0724 0.0576 0.9957
vn 0.2267 0.1867 0.9559
vn -0.3757 0.0189 0.9266
vn -0.1162 0.1473 0.9822
vn 0.1726 0.2681 0.9478
vn -0.7933 -0.5531 0.2543
vn -0.7337 -0.4988 0.4615
vn -0.6535 -0.4204 0.6294
vn -0.8401 -0.4878 0.2373
vn -0.7737 -0.4526 0.4433
vn -0.6751 -0.3919 0.6250
vn -0.8763 -0.4327 0.2119
vn -0.8132 -0.4115 0.4116
vn -0.7068 -0.3644 0.6063
vn 0.5438 0.5128 0.6643
vn 0.6637 0.5844 0.4669
vn 0.7332 0.6324 0.2498
vn 0.6654 0.4143 0.6210
vn 0.7697 0.4768 0.4245
vn 0.8244 0.5206 0.2222
vn 0.7220 0.3638 0.5885
vn 0.8194 0.4234 0.3865
vn 0.8646 0.4630 0.1951
vn -0.5777 0.3020 0.7583
vn -0.2279 0.5442 0.8074
vn 0.1627 0.6533 0.7394
vn -0.7089 0.4300 0.5590
vn -0.2717 0.7566 0.5948
vn 0.2140 0.8306 0.5141
vn -0.7979 0.5241 0.2977
vn -0.3021 0.8996 0.3153
vn 0.2456 0.9346 0.2573
vn -0.9231 -0.3459 0.1680
vn -0.8747 -0.3342 0.3511
vn -0.7714 -0.2993 0.5615
vn -0.9449 -0.2854 0.1604
vn -0.8990 -0.2758 0.3403
vn -0.7964 -0.2448 0.5530
vn -0.9698 -0.1728 0.1723
vn -0.9178 -0.1680 0.3597
vn -0.8128 -0.1536 0.5619
vn 0.7507 0.3663 0.5498
vn 0.8444 0.4225 0.3294
vn 0.8786 0.4527 0.1522
vn 0.7265 0.4178 0.5455
vn 0.8193 0.4768 0.3184
vn 0.8507 0.5060 0.1425
vn 0.6623 0.5065 0.5521
vn 0.7433 0.5799 0.3334
vn 0.7749 0.6141 0.1498
vn 0.8489 -0.4102 -0.3334
vn 0.8065 -0.4166 -0.4195
vn 0.7601 -0.4220 -0.4941
vn 0.8898 -0.3256 -0.3199
vn 0.8460 -0.3453 -0.4062
vn 0.7886 -0.3663 -0.4939
vn 0.9231 -0.2429 -0.2981
vn 0.8845 -0.2644 -0.3844
vn 0.8278 -0.2865 -0.4824
vn -0.1896 -0.0768 -0.9789
vn -0.3008 -0.0836 -0.9500
vn -0.4417 -0.0914 -0.8925
vn -0.1878 -0.0010 -0.9822
vn -0.2988 0.0006 -0.9543
vn -0.4416 0.0030 -0.8972
vn -0.1917 0.0749 -0.9786
vn -0.3038 0.0846 -0.9490
vn -0.4462 0.0965 -0.8897
vn 0.9234 0.2434 -0.2967
vn 0.8880 0.2623 -0.3777
vn 0.8365 0.2798 -0.4712
vn 0.8880 0.3295 -0.3209
vn 0.8497 0.3472 -0.3968
vn 0.7998 0.3629 -0.4781
vn 0.8379 0.4230 -0.3450
vn 0.7990 0.4340 -0.4163
vn 0.7563 0.4410 -0.4832
vn -0.2147 0.2566 -0.9424
vn -0.3296 0.2769 -0.9026
vn -0.4617 0.2995 -0.8350
vn -0.2295 0.3779 -0.8970
vn -0.3427 0.3900 -0.8546
vn -0.4649 0.4029 -0.7884
vn -0.2409 0.5219 -0.8183
vn -0.3502 0.5167 -0.7813
vn -0.4586 0.5075 -0.7295
vn 0.9643 -0.2208 -0.1463
vn 0.9496 -0.3131 -0.0167
vn 0.9694 -0.2435 0.0304
vn 0.9702 -0.2351 0.0586
vn 0.9710 -0.2160 -0.1025
vn 0.9480 -0.2058 -0.2427
vn 0.9446 -0.2046 -0.2566
vn 0.9409 -0.1986 -0.2744
vn 0.9385 -0.2091 -0.2748
vn 0.9102 -0.2726 -0.3120
vn 0.9427 -0.2849 -0.1735
vn -0.2161 0.9247 -0.3135
vn -0.2288 0.8762 -0.4242
vn -0.2396 0.7965 -0.5552
vn -0.3393 0.8773 -0.3394
vn -0.3492 0.8277 -0.4393
vn -0.3534 0.7551 -0.5522
vn -0.4739 0.7998 -0.3683
vn -0.4736 0.7549 -0.4538
vn -0.4637 0.7003 -0.5428
vn -0.2574 -0.3507 -0.9004
vn -0.3724 -0.3704 -0.8510
vn -0.4916 -0.3956 -0.7758
vn -0.2345 -0.2954 -0.9261
vn -0.3512 -0.3248 -0.8782
vn -0.4743 -0.3569 -0.8048
vn -0.2130 -0.2325 -0.9490
vn -0.3279 -0.2578 -0.9089
vn -0.4582 -0.2859 -0.8416
vn -0.7932 0.3049 -0.5271
vn -0.9123 -0.0254 -0.4086
vn -0.7699 0.0282 -0.6375
vn -0.4827 -0.0062 -0.8758
vn -0.3807 0.2154 -0.8993
vn -0.3610 0.4586 -0.8120
vn -0.4529 0.6537 -0.6062
vn -0.5511 0.7610 -0.3423
vn -0.8707 0.4405 -0.2189
vn -0.9529 0.2804 -0.1153
vn -0.9429 0.2414 -0.2295
vn -0.9338 0.1852 -0.3063
vn -0.9252 0.0958 -0.3671
vn -0.8183 -0.5197 -0.2456
vn -0.8029 -0.5659 -0.1873
vn -0.7824 -0.6094 -0.1281
vn -0.7592 -0.6474 -0.0677
vn -0.7932 -0.6002 -0.1031
vn -0.7780 -0.6148 -0.1296
vn -0.7715 -0.5483 -0.3228
vn -0.7287 -0.4175 -0.5429
vn -0.8216 -0.3660 -0.4370
vn -0.8767 -0.3192 -0.3600
vn -0.8491 -0.4491 -0.2780
vn -0.9094 0.3362 -0.2450
vn -0.9199 0.3538 -0.1692
vn -0.9242 0.3717 -0.0880
vn -0.8525 0.4619 -0.2446
vn -0.8611 0.4809 -0.1652
vn -0.8616 0.5005 -0.0842
vn -0.7536 0.6124 -0.2390
vn -0.7555 0.6366 -0.1550
vn -0.7498 0.6573 -0.0754
vn 0.9614 -0.0766 -0.2644
vn 0.9323 -0.0845 -0.3517
vn 0.8810 -0.0930 -0.4639
vn 0.9656 -0.0001 -0.2599
vn 0.9379 -0.0005 -0.3470
vn 0.8877 -0.0013 -0.4605
vn 0.9615 0.0763 -0.2639
vn 0.9330 0.0833 -0.3502
vn 0.8829 0.0899 -0.4610
vn 0.3560 -0.4028 -0.8432
vn 0.2710 -0.3919 -0.8792
vn 0.1752 -0.3795 -0.9084
vn 0.3295 -0.3240 -0.8868
vn 0.2435 -0.3078 -0.9198
vn 0.1501 -0.2926 -0.9444
vn 0.3004 -0.2454 -0.9217
vn 0.2187 -0.2309 -0.9481
vn 0.1317 -0.2188 -0.9668
vn -0.0131 -0.2917 -0.9564
vn 0.0452 -0.3734 -0.9266
vn 0.0171 -0.3911 -0.9202
vn -0.0034 -0.4457 -0.8952
vn -0.0364 -0.3772 -0.9254
vn -0.0822 -0.3488 -0.9336
vn -0.0643 -0.2728 -0.9599
vn -0.0567 -0.2112 -0.9758
vn -0.0152 -0.2116 -0.9772
vn 0.0195 -0.2106 -0.9774
vn 0.0268 -0.2805 -0.9595
vn -0.5254 0.8469 -0.0817
vn -0.7410 0.6715 0.0058
vn -0.8500 0.5236 0.0573
vn -0.5347 0.8052 -0.2564
vn -0.7620 0.6292 -0.1533
vn -0.8742 0.4790 -0.0795
vn -0.5773 0.6897 -0.4370
vn -0.7860 0.5370 -0.3064
vn -0.8842 0.4152 -0.2139
vn -0.0842 0.9647 -0.2495
vn -0.0936 0.9235 -0.3720
vn -0.0953 0.8409 -0.5328
vn -0.0401 0.9612 -0.2730
vn -0.0435 0.9212 -0.3867
vn -0.0454 0.8431 -0.5358
vn -0.0553 0.9573 -0.2836
vn -0.0585 0.9159 -0.3971
vn -0.0632 0.8375 -0.5427
vn -0.7444 -0.6292 -0.2236
vn -0.7667 -0.5448 -0.3398
vn -0.7760 -0.4631 -0.4282
vn -0.7789 -0.6234 -0.0693
vn -0.8301 -0.5178 -0.2069
vn -0.8532 -0.4256 -0.3015
vn -0.8365 -0.5267 0.1512
vn -0.9064 -0.4211 -0.0330
vn -0.9263 -0.3391 -0.1641
vn 0.2369 -0.9430 -0.2336
vn 0.3599 -0.9327 0.0229
vn 0.4928 -0.8624 -0.1155
vn 0.6501 -0.7309 -0.2080
vn 0.4865 -0.8152 -0.3141
vn 0.3658 -0.8253 -0.4302
vn 0.1685 -0.9286 -0.3306
vn 0.0625 -0.9530 -0.2965
vn 0.0688 -0.9679 -0.2418
vn 0.0534 -0.9833 -0.1739
vn 0.1554 -0.9799 -0.1249
vn 0.2711 0.2522 -0.9289
vn 0.1953 0.2429 -0.9502
vn 0.1206 0.2380 -0.9637
vn 0.3025 0.2987 -0.9051
vn 0.1982 0.2831 -0.9384
vn 0.1036 0.2914 -0.9510
vn 0.3660 0.2838 -0.8863
vn 0.1894 0.2591 -0.9471
vn 0.0383 0.3060 -0.9513
vn 0.0246 0.2371 -0.9712
vn -0.0121 0.2365 -0.9715
vn -0.0572 0.2371 -0.9698
vn 0.0152 0.3447 -0.9386
vn -0.0163 0.3592 -0.9331
vn -0.0611 0.3646 -0.9292
vn -0.0190 0.4811 -0.8765
vn -0.0274 0.5187 -0.8545
vn -0.0652 0.5267 -0.8476
vn 0.2609 -0.0779 -0.9622
vn 0.1903 -0.0730 -0.9790
vn 0.1155 -0.0699 -0.9908
vn 0.2539 0.0016 -0.9672
vn 0.1860 0.0028 -0.9825
vn 0.1143 0.0025 -0.9934
vn 0.2532 0.0831 -0.9638
vn 0.1862 0.0813 -0.9791
vn 0.1160 0.0777 -0.9902
vn 0.0182 -0.0706 -0.9973
vn -0.0140 -0.0718 -0.9973
vn -0.0516 -0.0721 -0.9961
vn 0.0193 -0.0016 -0.9998
vn -0.0135 -0.0032 -0.9999
vn -0.0516 -0.0032 -0.9987
vn 0.0211 0.0689 -0.9974
vn -0.0130 0.0662 -0.9977
vn -0.0526 0.0659 -0.9964
vn -0.0802 -0.9967 0.0125
vn -0.0526 -0.9974 0.0483
vn 0.0327 -0.9933 0.1112
vn -0.0190 -0.9998 -0.0001
vn 0.0211 -0.9997 -0.0129
vn -0.0110 -0.9999 -0.0076
vn -0.0044 -0.9997 -0.0254
vn 0.0096 -0.9982 -0.0599
vn -0.3837 -0.9117 0.1466
vn -0.5012 -0.8653 -0.0076
vn -0.5352 -0.8444 0.0256
vn -0.6113 -0.7911 0.0214
vn -0.5379 -0.8247 0.1750
vn -0.4981 -0.7563 0.4241
vn -0.3031 -0.8400 0.4500
vn -0.1391 -0.9007 0.4116
vn -0.2130 -0.9646 0.1553
vn -0.2291 -0.9729 0.0304
vn -0.3534 -0.9353 0.0187
vn 0.0177 0.9998 -0.0099
vn 0.0050 0.9998 -0.0209
vn -0.0268 0.9986 -0.0450
vn -0.0129 0.9998 -0.0173
vn -0.0176 0.9986 -0.0495
vn -0.0261 0.9943 -0.1037
vn -0.0507 0.9985 -0.0191
vn -0.0515 0.9969 -0.0589
vn -0.0527 0.9914 -0.1196
vn 0.2158 0.9758 0.0368
vn 0.2314 0.9654 0.1199
vn 0.2874 0.9229 0.2563
vn 0.1527 0.9877 0.0345
vn 0.1412 0.9817 0.1281
vn 0.1182 0.9468 0.2994
vn 0.0940 0.9953 0.0218
vn 0.0671 0.9935 0.0919
vn -0.0035 0.9766 0.2150
vn 0.9979 -0.0629 -0.0180
vn 0.9963 -0.0639 -0.0567
vn 0.9911 -0.0662 -0.1156
vn 0.9998 -0.0000 -0.0177
vn 0.9985 -0.0000 -0.0557
vn 0.9935 -0.0000 -0.1135
vn 0.9979 0.0629 -0.0180
vn 0.9963 0.0639 -0.0567
vn 0.9911 0.0662 -0.1156
vn -0.7131 0.3278 -0.6197
vn -0.8000 0.3275 -0.5028
vn -0.8572 0.3237 -0.4006
vn -0.6777 0.4308 -0.5960
vn -0.7478 0.4398 -0.4973
vn -0.7981 0.4441 -0.4073
vn -0.6327 0.5282 -0.5662
vn -0.6775 0.5525 -0.4855
vn -0.7126 0.5716 -0.4068
vn -0.6864 -0.4495 -0.5716
vn -0.7402 -0.4738 -0.4771
vn -0.7803 -0.4959 -0.3811
vn -0.6871 -0.3990 -0.6072
vn -0.7608 -0.4054 -0.5068
vn -0.8133 -0.4084 -0.4143
vn -0.7057 -0.3169 -0.6337
vn -0.7923 -0.3138 -0.5232
vn -0.8491 -0.3057 -0.4308
vn -0.7460 -0.0954 -0.6591
vn -0.8467 -0.0866 -0.5249
vn -0.9027 -0.0724 -0.4242
vn -0.7537 0.0101 -0.6571
vn -0.8560 0.0166 -0.5167
vn -0.9111 0.0281 -0.4111
vn -0.7519 0.1127 -0.6496
vn -0.8527 0.1153 -0.5095
vn -0.9083 0.1215 -0.4003
vn -0.1855 0.9824 -0.0212
vn -0.1894 0.9796 -0.0664
vn -0.1957 0.9713 -0.1349
vn -0.2940 0.9554 -0.0286
vn -0.3023 0.9498 -0.0807
vn -0.3137 0.9366 -0.1559
vn -0.4334 0.9002 -0.0423
vn -0.4455 0.8892 -0.1046
vn -0.4586 0.8689 -0.1865
vn 0.4826 -0.8741 0.0546
vn 0.3242 -0.9459 0.0152
vn 0.3283 -0.9373 0.1168
vn 0.3260 -0.8788 0.3485
vn 0.4845 -0.8366 0.2557
vn 0.6495 -0.7518 0.1135
vn 0.6123 -0.7906 -0.0052
vn 0.6800 -0.7301 -0.0674
vn 0.6296 -0.7766 -0.0228
vn 0.6117 -0.7909 -0.0176
vn 0.4470 -0.8946 -0.0016
vn 0.9783 0.2064 -0.0200
vn 0.9759 0.2087 -0.0642
vn 0.9676 0.2149 -0.1323
vn 0.9551 0.2956 -0.0202
vn 0.9525 0.2967 -0.0681
vn 0.9424 0.3018 -0.1440
vn 0.9120 0.4097 -0.0179
vn 0.9106 0.4075 -0.0691
vn 0.9000 0.4080 -0.1535
vn 0.8910 -0.4535 -0.0230
vn 0.8918 -0.4483 -0.0605
vn 0.8919 -0.4336 -0.1285
vn 0.9486 -0.3156 -0.0220
vn 0.9469 -0.3150 -0.0648
vn 0.9401 -0.3130 -0.1348
vn 0.9770 -0.2124 -0.0204
vn 0.9747 -0.2142 -0.0633
vn 0.9672 -0.2182 -0.1302
vn 0.1551 -0.9878 0.0161
vn 0.1245 -0.9876 0.0960
vn 0.0238 -0.9552 0.2951
vn 0.2137 -0.9768 0.0175
vn 0.1929 -0.9746 0.1135
vn 0.1280 -0.9286 0.3484
vn 0.2517 -0.9676 0.0184
vn 0.2413 -0.9629 0.1209
vn 0.2058 -0.9088 0.3630
vn 0.6794 0.7337 -0.0059
vn 0.6917 0.7201 -0.0545
vn 0.7021 0.6966 -0.1477
vn 0.5015 0.8651 0.0029
vn 0.5308 0.8470 -0.0289
vn 0.5794 0.8078 -0.1080
vn 0.3556 0.9345 0.0151
vn 0.3989 0.9168 0.0177
vn 0.5033 0.8640 -0.0110
vn 0.6334 -0.1010 -0.7672
vn 0.4750 -0.0966 -0.8747
vn 0.3596 -0.0897 -0.9288
vn 0.6367 -0.0031 -0.7711
vn 0.4735 -0.0028 -0.8808
vn 0.3542 -0.0016 -0.9352
vn 0.6373 0.0939 -0.7649
vn 0.4762 0.0905 -0.8747
vn 0.3566 0.0866 -0.9302
vn 0.6263 0.2976 -0.7205
vn 0.4918 0.2924 -0.8202
vn 0.3874 0.2798 -0.8784
vn 0.6161 0.3887 -0.6851
vn 0.5134 0.3850 -0.7669
vn 0.4362 0.3627 -0.8235
vn 0.6089 0.4678 -0.6406
vn 0.5575 0.4598 -0.6912
vn 0.5349 0.4107 -0.7384
vn 0.6873 0.6262 -0.3681
vn 0.6686 0.5946 -0.4466
vn 0.6425 0.5689 -0.5133
vn 0.6675 0.6613 -0.3422
vn 0.6802 0.5903 -0.4346
vn 0.6630 0.5432 -0.5152
vn 0.7460 0.6118 -0.2630
vn 0.7819 0.4879 -0.3881
vn 0.7474 0.4365 -0.5009
vn 0.5821 -0.4244 -0.6936
vn 0.4952 -0.4246 -0.7580
vn 0.4369 -0.4189 -0.7960
vn 0.6012 -0.3803 -0.7028
vn 0.4962 -0.3698 -0.7855
vn 0.4196 -0.3543 -0.8357
vn 0.6147 -0.3036 -0.7280
vn 0.4885 -0.2925 -0.8221
vn 0.3955 -0.2759 -0.8761
vn -0.3623 -0.4768 0.8009
vn -0.4349 -0.3582 0.8262
vn -0.4425 -0.4295 0.7872
vn -0.1192 -0.4593 0.8802
vn -0.1624 -0.3596 0.9189
vn -0.1707 -0.4546 0.8742
vn 0.0389 -0.4574 0.8884
vn 0.0091 -0.3613 0.9324
vn 0.0071 -0.4521 0.8919
vn 0.7730 0.6332 0.0382
vn 0.8157 0.4944 -0.3002
vn 0.7616 0.3107 -0.5687
vn 0.4471 0.8910 0.0793
vn 0.5043 0.7919 -0.3445
vn 0.4903 0.5351 -0.6880
vn -0.0809 0.9945 0.0667
vn -0.0805 0.9433 -0.3222
vn -0.0458 0.7369 -0.6745
vn 0.8898 0.1209 -0.4401
vn 0.8998 0.0569 -0.4325
vn 0.9020 0.0582 -0.4278
vn 0.9492 0.1824 -0.2564
vn 0.9634 0.1304 -0.2340
vn 0.9612 0.1454 -0.2345
vn 0.9490 0.3135 -0.0337
vn 0.9662 0.2577 0.0072
vn 0.9653 0.2612 0.0022
vn -0.0253 0.6964 0.7172
vn 0.4211 0.6847 0.5949
vn 0.4579 0.6200 0.6371
vn 0.5193 0.6184 0.5899
vn 0.1497 0.7253 0.6719
vn -0.2456 0.7785 0.5776
vn -0.3842 0.7031 0.5984
vn -0.5736 0.6533 0.4941
vn -0.4235 0.7065 0.5670
vn -0.2860 0.7997 0.5280
vn 0.0327 0.7407 0.6711
vn 0.0340 -0.0035 -0.9994
vn -0.2760 0.1810 -0.9440
vn -0.4540 0.1388 -0.8801
vn -0.6359 0.1857 -0.7491
vn -0.3951 0.1390 -0.9081
vn -0.2134 0.2057 -0.9551
vn 0.2455 0.0290 -0.9690
vn 0.5590 -0.0220 -0.8289
vn 0.5057 -0.0358 -0.8620
vn 0.4764 0.0353 -0.8785
vn 0.1092 0.0386 -0.9933
vn 0.3831 -0.4249 -0.8202
vn 0.2866 -0.3066 -0.9077
vn 0.3670 -0.4490 -0.8147
vn 0.4156 -0.4980 -0.7611
vn 0.4307 -0.4524 -0.7809
vn 0.4823 -0.3681 -0.7949
vn 0.3548 -0.3146 -0.8804
vn 0.0448 -0.6053 -0.7947
vn 0.1617 -0.6811 -0.7141
vn 0.2018 -0.6254 -0.7537
vn 0.1364 -0.4902 -0.8609
vn 0.2414 -0.6138 -0.7516
vn 0.2870 -0.5961 -0.7499
vn 0.2088 -0.4062 -0.8896
vn 0.3081 -0.5488 -0.7771
vn 0.3581 -0.5625 -0.7452
vn 0.7396 -0.5848 -0.3332
vn 0.7758 -0.4843 -0.4045
vn 0.7493 -0.5436 -0.3783
vn 0.7473 -0.5937 -0.2984
vn 0.7285 -0.6349 -0.2573
vn 0.7928 -0.5757 -0.1999
vn 0.7951 -0.5213 -0.3098
vn 0.1647 -0.9261 0.3394
vn 0.1601 -0.9744 -0.1579
vn 0.1946 -0.7748 -0.6015
vn 0.4685 -0.8254 0.3149
vn 0.4809 -0.8670 -0.1307
vn 0.4801 -0.6958 -0.5343
vn 0.7855 -0.5803 0.2150
vn 0.8055 -0.5849 -0.0946
vn 0.7791 -0.4947 -0.3852
vn -0.4870 -0.8402 0.2386
vn -0.5055 -0.8505 -0.1456
vn -0.4665 -0.7358 -0.4909
vn -0.2104 -0.9375 0.2771
vn -0.2249 -0.9605 -0.1641
vn -0.2101 -0.8055 -0.5542
vn -0.0363 -0.9528 0.3014
vn -0.0576 -0.9846 -0.1653
vn -0.0428 -0.8127 -0.5811
vn 0.0268 -0.1040 -0.9942
vn 0.0084 -0.1195 -0.9928
vn 0.0046 -0.2452 -0.9695
vn -0.0991 -0.1357 -0.9858
vn -0.1407 -0.1403 -0.9801
vn -0.1579 -0.2648 -0.9513
vn -0.2995 -0.2078 -0.9312
vn -0.3789 -0.1843 -0.9069
vn -0.3975 -0.2805 -0.8737
vn -0.8195 -0.4198 -0.3900
vn -0.8908 -0.2984 -0.3427
vn -0.8786 -0.3407 -0.3346
vn -0.8843 -0.4624 -0.0651
vn -0.9475 -0.3191 -0.0219
vn -0.9293 -0.3674 -0.0372
vn -0.8412 -0.4844 0.2403
vn -0.9010 -0.3335 0.2774
vn -0.8931 -0.3708 0.2545
vn 0.2320 -0.4548 0.8598
vn 0.1996 -0.3612 0.9109
vn 0.1911 -0.4332 0.8808
vn 0.4659 -0.4563 0.7581
vn 0.4311 -0.3596 0.8275
vn 0.4219 -0.4101 0.8086
vn 0.7457 -0.4268 0.5116
vn 0.7304 -0.3354 0.5949
vn 0.7159 -0.3488 0.6049
vn 0.4522 -0.1354 -0.8816
vn 0.5990 -0.1749 -0.7815
vn 0.6596 -0.1413 -0.7382
vn 0.7223 -0.1699 -0.6704
vn 0.7099 -0.1942 -0.6770
vn 0.7247 -0.2196 -0.6531
vn 0.4629 -0.2102 -0.8612
vn 0.2480 -0.2149 -0.9446
vn 0.2309 -0.1146 -0.9662
vn 0.2058 -0.0968 -0.9738
vn 0.3687 -0.1197 -0.9218
vn 0.1302 -0.1303 -0.9829
vn 0.1465 -0.1049 -0.9836
vn 0.1433 -0.1672 -0.9755
vn -0.0643 -0.1045 -0.9924
vn -0.0496 -0.1001 -0.9937
vn -0.0437 -0.1761 -0.9834
vn -0.2506 -0.0954 -0.9634
vn -0.2368 -0.1044 -0.9659
vn -0.2245 -0.1791 -0.9579
vn 0.2655 -0.6512 -0.7110
vn 0.3441 -0.8529 -0.3927
vn 0.3599 -0.9229 -0.1365
vn -0.0260 -0.7031 -0.7106
vn -0.0149 -0.9260 -0.3771
vn -0.0103 -0.9925 -0.1216
vn -0.3059 -0.6607 -0.6856
vn -0.3614 -0.8532 -0.3761
vn -0.3722 -0.9190 -0.1301
vn -0.3067 -0.2730 0.9118
vn -0.2370 -0.1816 0.9544
vn -0.2052 -0.2248 0.9526
vn -0.0934 -0.3051 0.9477
vn -0.0424 -0.1962 0.9797
vn -0.0214 -0.2435 0.9697
vn 0.1196 -0.3290 0.9367
vn 0.1584 -0.2186 0.9629
vn 0.1693 -0.2625 0.9500
vn -0.7436 -0.1036 -0.6605
vn -0.7361 -0.1424 -0.6617
vn -0.7023 -0.2727 -0.6576
vn -0.9093 -0.1095 -0.4015
vn -0.9059 -0.1657 -0.3898
vn -0.8560 -0.3436 -0.3864
vn -0.9721 -0.1174 -0.2029
vn -0.9676 -0.1801 -0.1768
vn -0.9119 -0.3768 -0.1627
vn 0.7577 -0.3852 0.5268
vn 0.7482 -0.3008 0.5914
vn 0.7033 -0.3965 0.5901
vn 0.9125 -0.3643 0.1860
vn 0.9152 -0.3136 0.2530
vn 0.8506 -0.4479 0.2756
vn 0.9469 -0.3179 -0.0474
vn 0.9551 -0.2961 0.0132
vn 0.8942 -0.4456 0.0436
vn -0.4644 -0.3331 -0.8206
vn -0.3422 -0.3927 -0.8536
vn -0.2419 -0.4635 -0.8524
vn -0.3916 -0.2861 -0.8745
vn -0.2699 -0.3690 -0.8894
vn -0.1702 -0.4879 -0.8562
vn -0.3216 -0.2243 -0.9199
vn -0.1784 -0.2979 -0.9378
vn -0.0517 -0.4379 -0.8975
vn -0.9182 -0.3846 0.0946
vn -0.8683 -0.3623 0.3389
vn -0.7074 -0.2997 0.6402
vn -0.9780 -0.1944 0.0763
vn -0.9284 -0.1932 0.3174
vn -0.7568 -0.1833 0.6275
vn -0.9883 -0.1482 0.0349
vn -0.9513 -0.1679 0.2585
vn -0.8082 -0.1946 0.5558
vn 0.3383 -0.9380 0.0759
vn 0.3197 -0.9016 0.2913
vn 0.2639 -0.7547 0.6007
vn -0.0160 -0.9962 0.0852
vn -0.0177 -0.9524 0.3042
vn -0.0174 -0.7771 0.6291
vn -0.3706 -0.9241 0.0939
vn -0.3559 -0.8770 0.3227
vn -0.2964 -0.7154 0.6328
vn 0.9029 -0.3871 -0.1870
vn 0.8485 -0.3321 -0.4120
vn 0.6804 -0.2496 -0.6890
vn 0.9499 -0.2422 -0.1973
vn 0.8909 -0.2076 -0.4040
vn 0.7154 -0.1646 -0.6791
vn 0.9407 -0.2766 -0.1965
vn 0.8806 -0.2726 -0.3875
vn 0.7210 -0.2465 -0.6476
vn -0.8385 -0.2473 -0.4856
vn -0.7669 -0.2979 -0.5685
vn -0.7285 -0.2449 -0.6398
vn -0.7144 -0.2052 -0.6690
vn -0.8632 -0.2116 -0.4584
vn -0.9230 -0.2302 -0.3084
vn -0.8686 -0.2781 -0.4100
vn 0.0295 -0.7571 -0.6526
vn 0.0425 -0.7176 -0.6951
vn 0.0681 -0.6822 -0.7280
vn 0.0170 -0.8772 -0.4799
vn 0.0218 -0.8486 -0.5286
vn 0.0391 -0.8040 -0.5934
vn 0.0024 -0.9317 -0.3633
vn -0.0173 -0.9104 -0.4134
vn -0.0446 -0.8481 -0.5279
vn -0.0069 -0.9975 -0.0708
vn -0.0276 -0.9988 -0.0397
vn -0.0606 -0.9969 0.0499
vn 0.0010 -0.9995 -0.0312
vn 0.0031 -0.9999 -0.0143
vn 0.0173 -0.9996 0.0202
vn 0.0051 -0.9999 -0.0096
vn 0.0176 -0.9998 -0.0050
vn 0.0444 -0.9990 0.0034
vn 0.0778 -0.7991 -0.5962
vn -0.0294 -0.7418 -0.6700
vn -0.0841 -0.6173 -0.7822
vn 0.0495 -0.8931 -0.4472
vn -0.0067 -0.8221 -0.5693
vn -0.0443 -0.6854 -0.7269
vn 0.0247 -0.9258 -0.3771
vn 0.0003 -0.8676 -0.4972
vn -0.0214 -0.7442 -0.6676
vn -0.2633 -0.8911 -0.3695
vn -0.3081 -0.9221 -0.2339
vn -0.2754 -0.9567 -0.0937
vn -0.0954 -0.9447 -0.3137
vn -0.1100 -0.9618 -0.2509
vn -0.0997 -0.9798 -0.1735
vn -0.0171 -0.9564 -0.2914
vn -0.0212 -0.9676 -0.2514
vn -0.0209 -0.9806 -0.1950
vn -0.8476 0.5241 0.0836
vn -0.8147 0.5696 0.1088
vn -0.7613 0.6403 0.1025
vn -0.8858 0.4601 -0.0615
vn -0.8639 0.4985 -0.0713
vn -0.8092 0.5791 -0.0994
vn -0.8845 0.4119 -0.2193
vn -0.8591 0.4358 -0.2685
vn -0.8058 0.5016 -0.3149
vn -0.4484 -0.1863 -0.8742
vn -0.5110 -0.2111 -0.8333
vn -0.5213 -0.2002 -0.8295
vn -0.3637 0.0002 -0.9315
vn -0.4352 -0.0173 -0.9002
vn -0.4270 -0.0012 -0.9042
vn -0.3265 0.2251 -0.9180
vn -0.3592 0.2264 -0.9054
vn -0.3019 0.2457 -0.9212
vn -0.4028 -0.1633 -0.9006
vn -0.3469 -0.1539 -0.9252
vn -0.3194 -0.1457 -0.9364
vn -0.1971 0.0233 -0.9801
vn -0.0976 0.0140 -0.9951
vn -0.0475 0.0034 -0.9989
vn 0.0704 0.2265 -0.9715
vn 0.1979 0.1838 -0.9628
vn 0.2544 0.1507 -0.9553
vn -0.7041 -0.6873 -0.1785
vn -0.6871 -0.6955 -0.2101
vn -0.7002 -0.6728 -0.2390
vn -0.6933 -0.6178 -0.3710
vn -0.6767 -0.6181 -0.4001
vn -0.6785 -0.5926 -0.4341
vn -0.6481 -0.5048 -0.5702
vn -0.6465 -0.5083 -0.5689
vn -0.6453 -0.4864 -0.5891
vn -0.2790 0.6831 -0.6750
vn -0.2031 0.7120 -0.6721
vn -0.0056 0.7191 -0.6948
vn -0.2487 0.8391 -0.4839
vn -0.1440 0.8680 -0.4752
vn 0.1079 0.8601 -0.4986
vn -0.2356 0.9368 -0.2588
vn -0.0987 0.9624 -0.2530
vn 0.1902 0.9443 -0.2686
vn -0.3285 -0.1101 -0.9381
vn -0.3513 -0.0642 -0.9341
vn -0.3757 0.0189 -0.9266
vn -0.0440 0.0154 -0.9989
vn -0.0724 0.0576 -0.9957
vn -0.1162 0.1473 -0.9822
vn 0.2583 0.1455 -0.9550
vn 0.2267 0.1867 -0.9559
vn 0.1726 0.2681 -0.9478
vn -0.7933 -0.5531 -0.2543
vn -0.8401 -0.4878 -0.2373
vn -0.8763 -0.4327 -0.2119
vn -0.7337 -0.4988 -0.4615
vn -0.7737 -0.4526 -0.4433
vn -0.8132 -0.4115 -0.4116
vn -0.6535 -0.4204 -0.6294
vn -0.6751 -0.3919 -0.6250
vn -0.7068 -0.3644 -0.6063
vn 0.5438 0.5128 -0.6643
vn 0.6654 0.4143 -0.6210
vn 0.7220 0.3638 -0.5885
vn 0.6637 0.5844 -0.4669
vn 0.7697 0.4768 -0.4245
vn 0.8194 0.4234 -0.3865
vn 0.7332 0.6324 -0.2498
vn 0.8244 0.5206 -0.2222
vn 0.8646 0.4630 -0.1951
vn -0.5777 0.3020 -0.7584
vn -0.7089 0.4300 -0.5590
vn -0.7979 0.5241 -0.2977
vn -0.2279 0.5442 -0.8074
vn -0.2717 0.7566 -0.5948
vn -0.3021 0.8996 -0.3153
vn 0.1627 0.6533 -0.7394
vn 0.2140 0.8306 -0.5141
vn 0.2456 0.9346 -0.2573
vn -0.9231 -0.3459 -0.1680
vn -0.9449 -0.2854 -0.1604
vn -0.9698 -0.1728 -0.1723
vn -0.8747 -0.3342 -0.3511
vn -0.8990 -0.2758 -0.3403
vn -0.9178 -0.1680 -0.3597
vn -0.7714 -0.2993 -0.5615
vn -0.7964 -0.2448 -0.5530
vn -0.8128 -0.1536 -0.5619
vn 0.7507 0.3663 -0.5498
vn 0.7265 0.4178 -0.5455
vn 0.6623 0.5065 -0.5521
vn 0.8444 0.4225 -0.3294
vn 0.8193 0.4768 -0.3184
vn 0.7433 0.5799 -0.3334
vn 0.8786 0.4527 -0.1522
vn 0.8507 0.5060 -0.1425
vn 0.7749 0.6141 -0.1498
vt 0.208442 0.731450
vt 0.210858 0.717065
vt 0.224887 0.714053
vt 0.221553 0.728199
vt 0.213136 0.700125
vt 0.227872 0.697646
vt 0.237953 0.711323
vt 0.233970 0.725645
vt 0.241505 0.695274
vt 0.194345 0.746011
vt 0.195358 0.734493
vt 0.206178 0.742776
vt 0.196809 0.719707
vt 0.198359 0.702225
vt 0.199672 0.682622
vt 0.214961 0.681122
vt 0.230217 0.679320
vt 0.244315 0.677537
vt 0.256128 0.676090
vt 0.252962 0.693461
vt 0.249013 0.709268
vt 0.244794 0.723832
vt 0.229141 0.738103
vt 0.240463 0.740530
vt 0.217931 0.739666
vt 0.600538 0.226849
vt 0.600257 0.205220
vt 0.621542 0.204957
vt 0.621696 0.225900
vt 0.599325 0.183838
vt 0.620465 0.184218
vt 0.639008 0.204937
vt 0.639049 0.225385
vt 0.637829 0.184690
vt 0.575233 0.250144
vt 0.575235 0.228108
vt 0.600127 0.248035
vt 0.574834 0.205774
vt 0.574096 0.183782
vt 0.573086 0.162769
vt 0.597781 0.163390
vt 0.618494 0.164409
vt 0.635533 0.165399
vt 0.649208 0.165932
vt 0.651726 0.185024
vt 0.652976 0.205116
vt 0.652935 0.225428
vt 0.637927 0.245280
vt 0.651583 0.245179
vt 0.620900 0.246323
vt 0.212809 0.577069
vt 0.210515 0.559311
vt 0.224621 0.561737
vt 0.227556 0.578704
vt 0.208248 0.544049
vt 0.221719 0.547346
vt 0.237503 0.564010
vt 0.241153 0.580112
vt 0.233730 0.550737
vt 0.199434 0.595889
vt 0.198001 0.575626
vt 0.214729 0.596728
vt 0.196271 0.557262
vt 0.194517 0.541415
vt 0.193006 0.528703
vt 0.206438 0.531867
vt 0.219613 0.536032
vt 0.231177 0.540818
vt 0.238951 0.544886
vt 0.243177 0.552848
vt 0.248150 0.565344
vt 0.252521 0.580841
vt 0.244078 0.598337
vt 0.255867 0.598541
vt 0.229988 0.597638
vt 0.595746 0.144514
vt 0.593665 0.127630
vt 0.612803 0.130016
vt 0.615758 0.146198
vt 0.592071 0.113104
vt 0.610341 0.116219
vt 0.628467 0.132297
vt 0.632241 0.147766
vt 0.624970 0.119436
vt 0.571906 0.143335
vt 0.570816 0.125921
vt 0.570113 0.110931
vt 0.570094 0.098767
vt 0.591526 0.101293
vt 0.609322 0.105093
vt 0.623285 0.109543
vt 0.660621 0.708136
vt 0.668524 0.704692
vt 0.671845 0.713857
vt 0.667745 0.719111
vt 0.636106 0.121220
vt 0.640977 0.133477
vt 0.645509 0.148571
vt 0.214747 0.776478
vt 0.223488 0.770229
vt 0.226794 0.783871
vt 0.217305 0.788657
vt 0.231933 0.762027
vt 0.233743 0.772784
vt 0.236316 0.779623
vt 0.233454 0.787957
vt 0.231847 0.799309
vt 0.225698 0.799823
vt 0.218657 0.801155
vt 0.203549 0.771033
vt 0.211321 0.766751
vt 0.207219 0.780712
vt 0.220043 0.760562
vt 0.210158 0.792104
vt 0.239044 0.756701
vt 0.229102 0.752137
vt 0.238807 0.768326
vt 0.239036 0.778768
vt 0.238779 0.781594
vt 0.238991 0.776132
vt 0.237833 0.788708
vt 0.235261 0.806311
vt 0.231385 0.809399
vt 0.236555 0.798566
vt 0.225518 0.811279
vt 0.214618 0.809883
vt 0.212621 0.802835
vt 0.219192 0.811252
vt 0.702024 0.672707
vt 0.703534 0.692526
vt 0.689300 0.690820
vt 0.687049 0.671754
vt 0.704546 0.709575
vt 0.691070 0.707043
vt 0.675953 0.689776
vt 0.672857 0.671437
vt 0.678782 0.704889
vt 0.716276 0.650183
vt 0.716841 0.673685
vt 0.700929 0.649956
vt 0.717766 0.694156
vt 0.718267 0.711745
vt 0.717560 0.726604
vt 0.704123 0.724032
vt 0.691165 0.720680
vt 0.679722 0.716954
vt 0.664307 0.690404
vt 0.660382 0.672400
vt 0.670443 0.649890
vt 0.657397 0.650939
vt 0.685303 0.649710
vt 0.597551 0.301892
vt 0.598077 0.286248
vt 0.617042 0.283170
vt 0.614810 0.298783
vt 0.599110 0.268079
vt 0.619213 0.265557
vt 0.632726 0.281256
vt 0.629418 0.296979
vt 0.635697 0.263976
vt 0.579868 0.317834
vt 0.577443 0.305554
vt 0.597283 0.314731
vt 0.575461 0.289953
vt 0.574976 0.271142
vt 0.648973 0.263721
vt 0.645474 0.280931
vt 0.641531 0.296905
vt 0.625932 0.310725
vt 0.637432 0.312972
vt 0.612652 0.312022
vt 0.427680 0.591700
vt 0.430246 0.568562
vt 0.446939 0.560925
vt 0.438440 0.588036
vt 0.433102 0.547785
vt 0.449494 0.540686
vt 0.467263 0.533294
vt 0.466835 0.545030
vt 0.384617 0.890828
vt 0.387588 0.903738
vt 0.382480 0.912843
vt 0.379166 0.892987
vt 0.662947 0.912123
vt 0.667392 0.920203
vt 0.652420 0.914813
vt 0.654801 0.908575
vt 0.678302 0.933410
vt 0.671562 0.935707
vt 0.415483 0.618219
vt 0.414453 0.596299
vt 0.427886 0.614689
vt 0.415616 0.574436
vt 0.438121 0.610607
vt 0.421320 0.535616
vt 0.436310 0.529683
vt 0.417974 0.553984
vt 0.452164 0.523739
vt 0.485878 0.516331
vt 0.485457 0.530044
vt 0.468821 0.518588
vt 0.485096 0.540834
vt 0.388236 0.874818
vt 0.389037 0.888299
vt 0.383662 0.874802
vt 0.391346 0.899295
vt 0.378210 0.874731
vt 0.667494 0.909337
vt 0.670250 0.913488
vt 0.662571 0.907327
vt 0.675889 0.920691
vt 0.394794 0.905905
vt 0.392546 0.909748
vt 0.694543 0.942207
vt 0.690752 0.948508
vt 0.684759 0.930785
vt 0.686645 0.954007
vt 0.442208 0.676040
vt 0.437648 0.656559
vt 0.452431 0.652817
vt 0.455414 0.676023
vt 0.431864 0.636175
vt 0.442675 0.631305
vt 0.449607 0.623282
vt 0.458462 0.636445
vt 0.470427 0.643282
vt 0.469007 0.659284
vt 0.469518 0.677564
vt 0.433472 0.692398
vt 0.429674 0.676294
vt 0.445150 0.693592
vt 0.424686 0.658309
vt 0.457359 0.694671
vt 0.419374 0.638945
vt 0.702695 0.953051
vt 0.701102 0.963004
vt 0.453985 0.614168
vt 0.462146 0.623788
vt 0.444491 0.606406
vt 0.483442 0.631073
vt 0.483596 0.645192
vt 0.472278 0.629345
vt 0.483742 0.660964
vt 0.484157 0.696097
vt 0.470481 0.695650
vt 0.483912 0.678469
vt 0.440055 0.514365
vt 0.443925 0.501988
vt 0.458059 0.498094
vt 0.455106 0.509464
vt 0.725428 0.750904
vt 0.728577 0.740577
vt 0.741926 0.741306
vt 0.739611 0.751628
vt 0.472351 0.495409
vt 0.470595 0.505674
vt 0.755196 0.741477
vt 0.753925 0.751713
vt 0.425526 0.519792
vt 0.429995 0.506788
vt 0.711412 0.749193
vt 0.715114 0.738941
vt 0.730709 0.728164
vt 0.743509 0.728905
vt 0.756074 0.729129
vt 0.768516 0.729137
vt 0.768419 0.741452
vt 0.768295 0.751631
vt 0.486711 0.494401
vt 0.486294 0.504128
vt 0.216063 0.660585
vt 0.216391 0.639195
vt 0.232068 0.638743
vt 0.231635 0.659464
vt 0.215945 0.617669
vt 0.231519 0.617890
vt 0.246549 0.638176
vt 0.246021 0.658292
vt 0.245902 0.617941
vt 0.200468 0.661493
vt 0.200692 0.639523
vt 0.200347 0.617419
vt 0.257930 0.617685
vt 0.258659 0.637503
vt 0.258058 0.657228
vt 0.427334 0.305340
vt 0.424167 0.290464
vt 0.433808 0.291821
vt 0.436381 0.307069
vt 0.421029 0.272956
vt 0.431144 0.273830
vt 0.446457 0.293213
vt 0.447894 0.308730
vt 0.444509 0.274724
vt 0.422555 0.314811
vt 0.419409 0.303544
vt 0.430162 0.316941
vt 0.415844 0.289092
vt 0.412322 0.272070
vt 0.409306 0.253091
vt 0.418320 0.253473
vt 0.428756 0.253824
vt 0.442491 0.254132
vt 0.461406 0.254385
vt 0.462969 0.275671
vt 0.463799 0.294690
vt 0.463220 0.310322
vt 0.449170 0.320740
vt 0.462413 0.322243
vt 0.438726 0.318945
vt 0.482826 0.312066
vt 0.487045 0.296477
vt 0.517548 0.300058
vt 0.503080 0.315262
vt 0.487653 0.276596
vt 0.516687 0.276635
vt 0.546842 0.274308
vt 0.549031 0.294016
vt 0.554914 0.309315
vt 0.533550 0.314189
vt 0.518512 0.321107
vt 0.478680 0.323520
vt 0.495404 0.325229
vt 0.486578 0.254475
vt 0.515874 0.253909
vt 0.546379 0.252307
vt 0.560939 0.320689
vt 0.542978 0.323712
vt 0.519318 0.329800
vt 0.509695 0.327766
vt 0.528549 0.327203
vt 0.698526 0.534738
vt 0.683619 0.538806
vt 0.681230 0.529355
vt 0.693714 0.525902
vt 0.668772 0.538715
vt 0.668403 0.529504
vt 0.678435 0.523001
vt 0.688900 0.520317
vt 0.667632 0.523417
vt 0.719846 0.539358
vt 0.702100 0.549315
vt 0.710358 0.526211
vt 0.685107 0.553359
vt 0.668727 0.553268
vt 0.653478 0.547729
vt 0.656829 0.533869
vt 0.657843 0.526021
vt 0.963723 0.565050
vt 0.961403 0.575633
vt 0.955750 0.571487
vt 0.958514 0.562916
vt 0.952017 0.568121
vt 0.952971 0.561526
vt 0.961201 0.552102
vt 0.955018 0.552019
vt 0.963723 0.541492
vt 0.957622 0.542679
vt 0.696416 0.515432
vt 0.684834 0.515896
vt 0.691297 0.513586
vt 0.702996 0.519214
vt 0.702593 0.571513
vt 0.701693 0.597628
vt 0.684973 0.599029
vt 0.685361 0.574192
vt 0.700915 0.624439
vt 0.684733 0.624925
vt 0.668962 0.599753
vt 0.668856 0.574699
vt 0.669285 0.625480
vt 0.719138 0.567860
vt 0.717768 0.595855
vt 0.716656 0.623796
vt 0.655744 0.626428
vt 0.655006 0.600308
vt 0.654547 0.574152
vt 0.425035 0.704075
vt 0.426746 0.715310
vt 0.417956 0.714008
vt 0.414848 0.702964
vt 0.427254 0.725527
vt 0.419946 0.724393
vt 0.409908 0.713997
vt 0.405474 0.703374
vt 0.412993 0.724356
vt 0.435547 0.706169
vt 0.421911 0.691127
vt 0.435821 0.717846
vt 0.434538 0.728006
vt 0.432771 0.737885
vt 0.427144 0.735679
vt 0.421083 0.734829
vt 0.414921 0.734927
vt 0.408988 0.735564
vt 0.406805 0.725172
vt 0.403288 0.715389
vt 0.398088 0.706150
vt 0.400030 0.691434
vt 0.389975 0.696304
vt 0.410653 0.690477
vt 0.890874 0.220615
vt 0.892911 0.207996
vt 0.905342 0.211004
vt 0.899672 0.221915
vt 0.893791 0.192886
vt 0.905252 0.193484
vt 0.915995 0.192701
vt 0.916904 0.208215
vt 0.919376 0.221516
vt 0.911541 0.222569
vt 0.905907 0.226321
vt 0.880065 0.236426
vt 0.880543 0.221590
vt 0.889376 0.230319
vt 0.881403 0.207251
vt 0.896757 0.229194
vt 0.882333 0.176312
vt 0.894148 0.177021
vt 0.881972 0.192009
vt 0.905432 0.177255
vt 0.925536 0.175706
vt 0.925621 0.191479
vt 0.915978 0.176713
vt 0.926239 0.207066
vt 0.929108 0.236776
vt 0.921845 0.231817
vt 0.927534 0.221816
vt 0.915268 0.230439
vt 0.930556 0.357690
vt 0.926844 0.355859
vt 0.930589 0.351023
vt 0.934300 0.355082
vt 0.902631 0.230621
vt 0.909928 0.231209
vt 0.416924 0.152310
vt 0.418495 0.135226
vt 0.430471 0.132874
vt 0.428437 0.150373
vt 0.419776 0.118472
vt 0.432193 0.115898
vt 0.445482 0.130628
vt 0.443141 0.148469
vt 0.447318 0.113552
vt 0.406068 0.172014
vt 0.407206 0.154239
vt 0.415596 0.170542
vt 0.408490 0.137700
vt 0.409295 0.121583
vt 0.408825 0.103205
vt 0.420703 0.101049
vt 0.432976 0.098888
vt 0.447240 0.097067
vt 0.466376 0.094264
vt 0.466588 0.111650
vt 0.464786 0.128625
vt 0.462455 0.146658
vt 0.441154 0.167591
vt 0.460461 0.166138
vt 0.426745 0.169063
vt 0.487142 0.145031
vt 0.489056 0.127025
vt 0.516431 0.125915
vt 0.515310 0.143779
vt 0.490825 0.110831
vt 0.517670 0.110345
vt 0.544453 0.125426
vt 0.544409 0.143128
vt 0.544768 0.110170
vt 0.485581 0.164751
vt 0.492666 0.097249
vt 0.519032 0.097665
vt 0.545416 0.097802
vt 0.544600 0.162868
vt 0.514530 0.163595
vt 0.416378 0.232698
vt 0.415275 0.211413
vt 0.426045 0.210821
vt 0.427012 0.232560
vt 0.415013 0.190425
vt 0.425932 0.189393
vt 0.440127 0.210172
vt 0.440956 0.232353
vt 0.440146 0.188335
vt 0.407171 0.232803
vt 0.405953 0.211985
vt 0.405602 0.191451
vt 0.459443 0.187233
vt 0.459382 0.209429
vt 0.460097 0.232041
vt 0.485521 0.231561
vt 0.484884 0.208567
vt 0.514544 0.207610
vt 0.515118 0.230750
vt 0.484845 0.186096
vt 0.514299 0.185041
vt 0.545484 0.206623
vt 0.545982 0.229512
vt 0.544989 0.184215
vt 0.844928 0.225398
vt 0.844917 0.208147
vt 0.857355 0.207712
vt 0.857336 0.224388
vt 0.845016 0.191173
vt 0.857516 0.191230
vt 0.869554 0.207306
vt 0.869256 0.222986
vt 0.869860 0.191467
vt 0.832133 0.243582
vt 0.832262 0.225772
vt 0.845104 0.243082
vt 0.832361 0.208347
vt 0.832439 0.191180
vt 0.832506 0.174145
vt 0.845172 0.174335
vt 0.857753 0.174831
vt 0.870168 0.175527
vt 0.868982 0.238890
vt 0.857529 0.241482
vt 0.845139 0.295635
vt 0.845719 0.279146
vt 0.860731 0.278736
vt 0.858153 0.296315
vt 0.845472 0.261219
vt 0.858182 0.259205
vt 0.868813 0.255035
vt 0.870553 0.269453
vt 0.875487 0.279521
vt 0.871377 0.287690
vt 0.446224 0.708775
vt 0.457785 0.711143
vt 0.456053 0.727881
vt 0.445024 0.721673
vt 0.484522 0.712166
vt 0.470833 0.712005
vt 0.831449 0.295670
vt 0.831738 0.279394
vt 0.831962 0.261718
vt 0.876768 0.251781
vt 0.876932 0.264510
vt 0.441359 0.732089
vt 0.437539 0.741747
vt 0.879642 0.274504
vt 0.757535 0.562774
vt 0.757038 0.591393
vt 0.745070 0.592618
vt 0.746084 0.564139
vt 0.756610 0.621031
vt 0.744228 0.621865
vt 0.732154 0.594144
vt 0.733545 0.565710
vt 0.731046 0.622877
vt 0.768404 0.536986
vt 0.768473 0.562165
vt 0.757990 0.537567
vt 0.768538 0.590878
vt 0.768594 0.620683
vt 0.768630 0.649141
vt 0.756371 0.649318
vt 0.743779 0.649698
vt 0.730525 0.650061
vt 0.735124 0.539814
vt 0.747097 0.538788
vt 0.758425 0.489841
vt 0.758455 0.502078
vt 0.748358 0.502318
vt 0.748236 0.489483
vt 0.758308 0.517560
vt 0.747931 0.518373
vt 0.737824 0.502282
vt 0.737326 0.488898
vt 0.736964 0.518847
vt 0.768166 0.479881
vt 0.768223 0.489954
vt 0.758263 0.479580
vt 0.768280 0.501923
vt 0.768340 0.517147
vt 0.725843 0.517585
vt 0.727113 0.501544
vt 0.725817 0.488401
vt 0.736198 0.477958
vt 0.720880 0.477337
vt 0.747829 0.478845
vt 0.158653 0.662474
vt 0.158638 0.639869
vt 0.171982 0.639830
vt 0.171927 0.662365
vt 0.158529 0.617132
vt 0.171803 0.617164
vt 0.185904 0.639726
vt 0.185770 0.662069
vt 0.185648 0.617250
vt 0.145785 0.684279
vt 0.145664 0.662490
vt 0.158573 0.684253
vt 0.145582 0.639874
vt 0.145540 0.617127
vt 0.145540 0.594944
vt 0.158329 0.594959
vt 0.171391 0.595063
vt 0.185002 0.595343
vt 0.185243 0.683580
vt 0.171635 0.684072
vt 0.655898 0.148117
vt 0.650704 0.132806
vt 0.658146 0.130737
vt 0.663834 0.146533
vt 0.672770 0.735023
vt 0.677213 0.726628
vt 0.688747 0.732044
vt 0.684624 0.741576
vt 0.398644 0.530890
vt 0.403531 0.517948
vt 0.416386 0.512217
vt 0.411620 0.525354
vt 0.701631 0.736114
vt 0.697669 0.746182
vt 0.659866 0.165655
vt 0.644284 0.120052
vt 0.407218 0.541166
vt 0.394230 0.546390
vt 0.382628 0.551455
vt 0.386956 0.536291
vt 0.394505 0.677101
vt 0.389101 0.661077
vt 0.400141 0.659612
vt 0.405566 0.675948
vt 0.384188 0.643840
vt 0.395067 0.641868
vt 0.412120 0.659024
vt 0.417402 0.676018
vt 0.406918 0.640548
vt 0.384604 0.680252
vt 0.379389 0.664332
vt 0.659486 0.264983
vt 0.655653 0.282392
vt 0.662299 0.246142
vt 0.380437 0.625563
vt 0.391229 0.622946
vt 0.403029 0.620777
vt 0.378437 0.606486
vt 0.378209 0.587270
vt 0.389385 0.583240
vt 0.389359 0.603151
vt 0.379641 0.568676
vt 0.391059 0.564065
vt 0.401928 0.579169
vt 0.401460 0.600003
vt 0.403911 0.559307
vt 0.663765 0.226047
vt 0.663834 0.205391
vt 0.662525 0.184990
vt 0.756381 0.674315
vt 0.756481 0.695807
vt 0.744107 0.695666
vt 0.743845 0.674366
vt 0.756451 0.714007
vt 0.744137 0.713784
vt 0.731277 0.695183
vt 0.730757 0.674219
vt 0.731468 0.713112
vt 0.768642 0.674256
vt 0.768627 0.695809
vt 0.768585 0.714027
vt 0.846165 0.059503
vt 0.846395 0.048365
vt 0.861421 0.049978
vt 0.858787 0.062118
vt 0.845556 0.037071
vt 0.858145 0.037085
vt 0.869250 0.035820
vt 0.872031 0.044962
vt 0.877248 0.052676
vt 0.871701 0.058520
vt 0.869081 0.066971
vt 0.832612 0.069214
vt 0.832566 0.058736
vt 0.845724 0.070051
vt 0.832490 0.047830
vt 0.857873 0.072515
vt 0.832131 0.026266
vt 0.844575 0.026398
vt 0.832355 0.036824
vt 0.856681 0.026526
vt 0.879708 0.026915
vt 0.879557 0.034808
vt 0.868259 0.026465
vt 0.880986 0.042264
vt 0.888815 0.054935
vt 0.882787 0.059046
vt 0.884485 0.048965
vt 0.878805 0.064800
vt 0.876281 0.080590
vt 0.868206 0.076354
vt 0.876897 0.072216
vt 0.158045 0.574037
vt 0.157715 0.555015
vt 0.170002 0.555268
vt 0.170764 0.574214
vt 0.157381 0.538534
vt 0.169202 0.538864
vt 0.182773 0.555947
vt 0.183996 0.574693
vt 0.181501 0.539737
vt 0.145584 0.574012
vt 0.145670 0.554978
vt 0.145797 0.538482
vt 0.145961 0.525163
vt 0.157085 0.525232
vt 0.168461 0.525643
vt 0.180348 0.526699
vt 0.158508 0.737989
vt 0.158346 0.722642
vt 0.170725 0.722311
vt 0.170644 0.737587
vt 0.158424 0.704521
vt 0.171153 0.704266
vt 0.183458 0.721422
vt 0.182824 0.736518
vt 0.184378 0.703573
vt 0.146629 0.750012
vt 0.146365 0.738049
vt 0.159079 0.749939
vt 0.146135 0.722690
vt 0.145942 0.704558
vt 0.182815 0.748251
vt 0.171202 0.749470
vt 0.845530 0.100511
vt 0.845457 0.089937
vt 0.857588 0.092169
vt 0.857979 0.102625
vt 0.845495 0.080011
vt 0.857527 0.082341
vt 0.868393 0.095160
vt 0.869568 0.105330
vt 0.867979 0.085672
vt 0.832700 0.111630
vt 0.832701 0.099665
vt 0.845603 0.112416
vt 0.832683 0.089068
vt 0.832651 0.079148
vt 0.876225 0.089221
vt 0.876986 0.098142
vt 0.879148 0.107653
vt 0.870892 0.116809
vt 0.884226 0.119235
vt 0.858357 0.114352
vt 0.757228 0.454556
vt 0.757673 0.461867
vt 0.746920 0.461450
vt 0.746214 0.454469
vt 0.758013 0.470273
vt 0.747415 0.469570
vt 0.167866 0.515957
vt 0.167475 0.509011
vt 0.178978 0.510004
vt 0.179471 0.517132
vt 0.735789 0.469024
vt 0.735400 0.461509
vt 0.146162 0.515398
vt 0.156866 0.515486
vt 0.767942 0.454717
vt 0.768037 0.462141
vt 0.768108 0.470614
vt 0.722619 0.469278
vt 0.722772 0.462733
vt 0.191607 0.512124
vt 0.191987 0.519365
vt 0.379644 0.233891
vt 0.378291 0.214133
vt 0.387237 0.213271
vt 0.388571 0.233239
vt 0.378210 0.194544
vt 0.387017 0.193518
vt 0.396595 0.212581
vt 0.397888 0.232933
vt 0.396268 0.192484
vt 0.266917 0.656398
vt 0.264853 0.675221
vt 0.267559 0.636736
vt 0.266772 0.617023
vt 0.264550 0.598048
vt 0.379366 0.175908
vt 0.387853 0.174779
vt 0.396840 0.173452
vt 0.400216 0.252731
vt 0.391078 0.252622
vt 0.382303 0.253033
vt 0.381593 0.158955
vt 0.384183 0.144202
vt 0.391524 0.142580
vt 0.389570 0.157733
vt 0.386281 0.132059
vt 0.392928 0.129443
vt 0.399591 0.140270
vt 0.398140 0.156100
vt 0.400477 0.125734
vt 0.260901 0.580553
vt 0.255896 0.565109
vt 0.249566 0.552185
vt 0.241592 0.541951
vt 0.244946 0.537843
vt 0.254260 0.549593
vt 0.248813 0.532253
vt 0.258404 0.545794
vt 0.254296 0.522272
vt 0.262719 0.541487
vt 0.205464 0.522944
vt 0.205464 0.515867
vt 0.219683 0.521314
vt 0.218951 0.527869
vt 0.206667 0.508773
vt 0.221672 0.514412
vt 0.233178 0.528519
vt 0.231290 0.534107
vt 0.236114 0.522008
vt 0.192061 0.505209
vt 0.194188 0.495402
vt 0.210156 0.499648
vt 0.225120 0.505163
vt 0.239701 0.512236
vt 0.396443 0.301702
vt 0.391069 0.287167
vt 0.399124 0.286953
vt 0.403792 0.300960
vt 0.386226 0.270880
vt 0.394727 0.270686
vt 0.407492 0.287763
vt 0.411541 0.301833
vt 0.403551 0.271208
vt 0.396725 0.321451
vt 0.389413 0.303911
vt 0.402089 0.313817
vt 0.383558 0.288604
vt 0.378416 0.272128
vt 0.261475 0.692536
vt 0.415203 0.312831
vt 0.408269 0.312051
vt 0.569183 0.886958
vt 0.569873 0.878895
vt 0.579744 0.880744
vt 0.578894 0.887581
vt 0.569923 0.870713
vt 0.580093 0.873267
vt 0.589297 0.882116
vt 0.587806 0.888073
vt 0.590144 0.875148
vt 0.558219 0.897325
vt 0.560971 0.885934
vt 0.567843 0.893987
vt 0.561681 0.876492
vt 0.561507 0.867585
vt 0.560976 0.858938
vt 0.569686 0.862691
vt 0.580183 0.865734
vt 0.590593 0.867961
vt 0.599042 0.869263
vt 0.598243 0.876254
vt 0.596839 0.883019
vt 0.594429 0.888565
vt 0.830681 0.390582
vt 0.829082 0.395026
vt 0.821969 0.392395
vt 0.824889 0.389845
vt 0.839475 0.390966
vt 0.838111 0.396176
vt 0.577686 0.893089
vt 0.240260 0.445066
vt 0.241874 0.440888
vt 0.250899 0.441689
vt 0.248897 0.445984
vt 0.674300 0.487452
vt 0.673237 0.491414
vt 0.664639 0.492325
vt 0.665287 0.488362
vt 0.258410 0.446293
vt 0.256182 0.450381
vt 0.657426 0.494540
vt 0.657782 0.490959
vt 0.231178 0.452322
vt 0.231195 0.448003
vt 0.237460 0.452029
vt 0.684790 0.484609
vt 0.684028 0.488385
vt 0.675750 0.484054
vt 0.682097 0.492247
vt 0.680047 0.495225
vt 0.673432 0.495675
vt 0.665193 0.496810
vt 0.658096 0.498480
vt 0.653840 0.500045
vt 0.652420 0.498017
vt 0.418960 0.027676
vt 0.422766 0.026266
vt 0.425080 0.032945
vt 0.421651 0.035426
vt 0.415156 0.031726
vt 0.417591 0.039013
vt 0.252995 0.457339
vt 0.261086 0.458007
vt 0.257697 0.461356
vt 0.245628 0.453592
vt 0.243132 0.497668
vt 0.230092 0.492359
vt 0.235747 0.477988
vt 0.246618 0.481907
vt 0.217093 0.487370
vt 0.225035 0.473976
vt 0.241117 0.464576
vt 0.249906 0.468010
vt 0.232166 0.461792
vt 0.254540 0.501579
vt 0.206485 0.482613
vt 0.216533 0.469930
vt 0.225151 0.459086
vt 0.257386 0.470257
vt 0.256120 0.484309
vt 0.966057 0.829687
vt 0.953993 0.828265
vt 0.953993 0.815622
vt 0.964424 0.817965
vt 0.715773 0.513362
vt 0.706786 0.509541
vt 0.704721 0.497452
vt 0.716453 0.499833
vt 0.698904 0.508424
vt 0.696664 0.500948
vt 0.690290 0.495422
vt 0.693879 0.491327
vt 0.964138 0.807521
vt 0.958071 0.804246
vt 0.189698 0.487869
vt 0.201107 0.477755
vt 0.714556 0.488377
vt 0.211951 0.465766
vt 0.691071 0.509059
vt 0.688752 0.503257
vt 0.684294 0.498324
vt 0.221947 0.455233
vt 0.693978 0.486079
vt 0.444094 0.081625
vt 0.432416 0.081401
vt 0.430841 0.062191
vt 0.440895 0.068057
vt 0.421577 0.082581
vt 0.421459 0.064894
vt 0.419820 0.050091
vt 0.425225 0.046681
vt 0.428677 0.041901
vt 0.433619 0.051303
vt 0.439590 0.057955
vt 0.454466 0.080994
vt 0.448162 0.070200
vt 0.412465 0.082775
vt 0.413944 0.065493
vt 0.263012 0.469159
vt 0.414345 0.051382
vt 0.427327 0.032013
vt 0.430371 0.037171
vt 0.434694 0.044397
vt 0.952360 0.576013
vt 0.948144 0.569820
vt 0.444593 0.061375
vt 0.439313 0.050999
vt 0.419464 0.331333
vt 0.413307 0.327634
vt 0.414896 0.324358
vt 0.419546 0.326073
vt 0.407752 0.322130
vt 0.412143 0.319785
vt 0.418015 0.320515
vt 0.426511 0.341990
vt 0.418999 0.338833
vt 0.426552 0.334276
vt 0.412192 0.334624
vt 0.426203 0.328549
vt 0.405549 0.328836
vt 0.424878 0.322682
vt 0.453857 0.341404
vt 0.443681 0.339429
vt 0.442444 0.333458
vt 0.452356 0.335437
vt 0.434610 0.336990
vt 0.433813 0.331098
vt 0.440769 0.327257
vt 0.450695 0.329167
vt 0.432345 0.325045
vt 0.466557 0.350722
vt 0.454564 0.349116
vt 0.465324 0.342494
vt 0.444391 0.347126
vt 0.435005 0.344731
vt 0.462667 0.330618
vt 0.463817 0.336790
vt 0.222652 0.747973
vt 0.215427 0.755321
vt 0.211349 0.753272
vt 0.214182 0.748127
vt 0.207365 0.760668
vt 0.204514 0.756289
vt 0.204487 0.750795
vt 0.199232 0.764575
vt 0.889758 0.041102
vt 0.892571 0.046688
vt 0.194192 0.754028
vt 0.889744 0.035197
vt 0.944715 0.638802
vt 0.944926 0.633640
vt 0.952553 0.633386
vt 0.952896 0.638309
vt 0.945377 0.629261
vt 0.952203 0.629155
vt 0.959734 0.632289
vt 0.960650 0.636975
vt 0.958570 0.628546
vt 0.937155 0.644735
vt 0.937435 0.638384
vt 0.944643 0.644904
vt 0.938095 0.632948
vt 0.939390 0.628546
vt 0.212957 0.813239
vt 0.218821 0.817563
vt 0.225628 0.818266
vt 0.232082 0.815353
vt 0.237069 0.808517
vt 0.419651 0.400928
vt 0.416195 0.398127
vt 0.415436 0.390779
vt 0.418424 0.392130
vt 0.424250 0.401877
vt 0.422951 0.392903
vt 0.430224 0.401936
vt 0.429121 0.393379
vt 0.953135 0.644261
vt 0.961228 0.642932
vt 0.945146 0.664763
vt 0.944701 0.658820
vt 0.953049 0.658532
vt 0.952752 0.664891
vt 0.944573 0.651866
vt 0.953184 0.651301
vt 0.961091 0.657600
vt 0.960126 0.664013
vt 0.961437 0.650161
vt 0.817444 0.387011
vt 0.823070 0.385242
vt 0.938722 0.664146
vt 0.937457 0.658542
vt 0.937048 0.651744
vt 0.437510 0.401732
vt 0.436704 0.393630
vt 0.445083 0.400860
vt 0.444515 0.393328
vt 0.451774 0.398645
vt 0.451193 0.392169
vt 0.822043 0.371036
vt 0.815984 0.371845
vt 0.819636 0.364849
vt 0.823203 0.365888
vt 0.821818 0.378277
vt 0.815402 0.379684
vt 0.435288 0.355717
vt 0.444549 0.357870
vt 0.444423 0.370363
vt 0.435610 0.368782
vt 0.453782 0.359848
vt 0.452618 0.371822
vt 0.444333 0.382721
vt 0.436068 0.382081
vt 0.451616 0.383015
vt 0.426685 0.353224
vt 0.461590 0.362356
vt 0.459046 0.373845
vt 0.457043 0.383977
vt 0.455384 0.390615
vt 0.428063 0.381016
vt 0.427207 0.366861
vt 0.850183 0.362371
vt 0.850262 0.372218
vt 0.839840 0.374401
vt 0.839556 0.365681
vt 0.850206 0.382482
vt 0.839931 0.383332
vt 0.830110 0.376478
vt 0.829933 0.368774
vt 0.830637 0.384176
vt 0.860839 0.348848
vt 0.860347 0.359301
vt 0.849466 0.354613
vt 0.860118 0.370125
vt 0.860182 0.381582
vt 0.860839 0.394521
vt 0.849652 0.391535
vt 0.829259 0.362696
vt 0.838634 0.358784
vt 0.569424 0.855054
vt 0.568856 0.848229
vt 0.579797 0.852378
vt 0.580211 0.858661
vt 0.567564 0.842616
vt 0.578509 0.847155
vt 0.590472 0.855483
vt 0.590881 0.861303
vt 0.588887 0.850711
vt 0.560420 0.850535
vt 0.559626 0.843052
vt 0.558219 0.837167
vt 0.197560 0.773859
vt 0.201924 0.783479
vt 0.205429 0.794648
vt 0.208787 0.805189
vt 0.596861 0.853017
vt 0.599073 0.857475
vt 0.599557 0.862924
vt 0.406644 0.340309
vt 0.412495 0.345990
vt 0.413479 0.361617
vt 0.408397 0.352219
vt 0.419150 0.350221
vt 0.419977 0.364509
vt 0.421432 0.379712
vt 0.416582 0.378911
vt 0.413832 0.379701
vt 0.411512 0.367999
vt 0.408912 0.360207
vt 0.402387 0.338077
vt 0.243298 0.759080
vt 0.242078 0.770791
vt 0.239927 0.797789
vt 0.241065 0.786316
vt 0.240668 0.778630
vt 0.597420 0.361746
vt 0.606963 0.362138
vt 0.606987 0.373893
vt 0.598496 0.373581
vt 0.615809 0.362802
vt 0.615311 0.374244
vt 0.607027 0.384431
vt 0.599453 0.383913
vt 0.614633 0.384229
vt 0.583485 0.350062
vt 0.596406 0.350326
vt 0.588897 0.362309
vt 0.607166 0.350740
vt 0.616405 0.351352
vt 0.623600 0.352335
vt 0.622970 0.363716
vt 0.622286 0.374817
vt 0.620964 0.384130
vt 0.619321 0.389971
vt 0.614335 0.391818
vt 0.607113 0.392737
vt 0.599942 0.391767
vt 0.593233 0.383726
vt 0.595045 0.389886
vt 0.591281 0.373926
vt 0.951857 0.965080
vt 0.943884 0.965080
vt 0.943333 0.960927
vt 0.952243 0.961069
vt 0.936201 0.964515
vt 0.934792 0.960443
vt 0.942904 0.955748
vt 0.952306 0.955924
vt 0.933917 0.955302
vt 0.599436 0.396879
vt 0.593110 0.392621
vt 0.607313 0.398208
vt 0.615203 0.396687
vt 0.621518 0.392418
vt 0.394726 0.782138
vt 0.395235 0.775749
vt 0.399241 0.776711
vt 0.398826 0.784002
vt 0.404362 0.777031
vt 0.403974 0.784625
vt 0.410132 0.776954
vt 0.409786 0.784634
vt 0.933448 0.949488
vt 0.942567 0.949885
vt 0.952133 0.950017
vt 0.960486 0.955722
vt 0.960499 0.949764
vt 0.959959 0.960882
vt 0.958596 0.964794
vt 0.058405 0.882894
vt 0.058312 0.892749
vt 0.048144 0.894876
vt 0.048175 0.885705
vt 0.058323 0.903894
vt 0.048338 0.904422
vt 0.038658 0.895936
vt 0.038916 0.887673
vt 0.039264 0.904218
vt 0.068214 0.871323
vt 0.067835 0.878483
vt 0.058379 0.875394
vt 0.067386 0.888748
vt 0.067186 0.901820
vt 0.068214 0.917394
vt 0.058354 0.913909
vt 0.048470 0.912510
vt 0.039881 0.910996
vt 0.034387 0.909300
vt 0.032317 0.904107
vt 0.031098 0.896448
vt 0.031782 0.888706
vt 0.039122 0.880986
vt 0.033486 0.883343
vt 0.048049 0.878310
vt 0.394736 0.747810
vt 0.399326 0.747339
vt 0.399563 0.757860
vt 0.395030 0.758265
vt 0.404534 0.746919
vt 0.404847 0.757606
vt 0.399512 0.767825
vt 0.395253 0.767744
vt 0.404719 0.767830
vt 0.628382 0.353732
vt 0.627827 0.364884
vt 0.394164 0.737276
vt 0.398609 0.736952
vt 0.403549 0.736348
vt 0.410149 0.746426
vt 0.410556 0.757302
vt 0.410465 0.767656
vt 0.625246 0.385320
vt 0.627075 0.375848
vt 0.913372 0.360277
vt 0.919297 0.361735
vt 0.918513 0.370738
vt 0.913372 0.369509
vt 0.925047 0.362903
vt 0.924304 0.371500
vt 0.918253 0.379406
vt 0.913585 0.377871
vt 0.924003 0.380243
vt 0.066784 0.924189
vt 0.057973 0.919859
vt 0.913906 0.352389
vt 0.921100 0.354084
vt 0.930471 0.363276
vt 0.930342 0.371634
vt 0.930224 0.380483
vt 0.930092 0.387780
vt 0.923872 0.387338
vt 0.918159 0.386203
vt 0.913700 0.384021
vt 0.039351 0.915338
vt 0.032436 0.911486
vt 0.048222 0.917649
vt 0.622317 0.321863
vt 0.619427 0.331527
vt 0.608994 0.332007
vt 0.610657 0.322777
vt 0.617518 0.341059
vt 0.607824 0.340930
vt 0.596533 0.333181
vt 0.596930 0.324820
vt 0.596248 0.341144
vt 0.630734 0.323492
vt 0.627082 0.332472
vt 0.624844 0.341921
vt 0.583056 0.341236
vt 0.582490 0.334444
vt 0.581538 0.327102
vt 0.416285 0.767365
vt 0.416340 0.756916
vt 0.421828 0.756727
vt 0.421681 0.767031
vt 0.415960 0.745917
vt 0.421668 0.745769
vt 0.426661 0.757156
vt 0.426192 0.766895
vt 0.426954 0.746445
vt 0.416036 0.776725
vt 0.431508 0.748445
vt 0.047390 0.873647
vt 0.058042 0.870799
vt 0.038042 0.876863
vt 0.031128 0.881494
vt 0.421484 0.776188
vt 0.425891 0.775178
vt 0.951900 0.943817
vt 0.942319 0.943753
vt 0.942265 0.937906
vt 0.951505 0.937953
vt 0.933213 0.943464
vt 0.933514 0.937804
vt 0.942534 0.932882
vt 0.950939 0.933032
vt 0.934585 0.933055
vt 0.960315 0.943534
vt 0.415805 0.784446
vt 0.421455 0.783723
vt 0.426176 0.781902
vt 0.027261 0.888433
vt 0.026266 0.896792
vt 0.028055 0.905005
vt 0.959652 0.937722
vt 0.958212 0.933025
vt 0.936289 0.380306
vt 0.936308 0.371058
vt 0.941972 0.369911
vt 0.941754 0.379520
vt 0.935879 0.362085
vt 0.941604 0.360062
vt 0.947052 0.368469
vt 0.946235 0.378058
vt 0.947536 0.357841
vt 0.936082 0.387863
vt 0.940015 0.352047
vt 0.947058 0.348848
vt 0.583579 0.364729
vt 0.578218 0.355619
vt 0.586501 0.375471
vt 0.589178 0.385237
vt 0.941369 0.387138
vt 0.945553 0.385173
vt 0.394193 0.711850
vt 0.398686 0.718162
vt 0.396190 0.721200
vt 0.392861 0.719071
vt 0.401678 0.726521
vt 0.397346 0.727595
vt 0.393249 0.727550
vt 0.388670 0.708713
vt 0.634453 0.328850
vt 0.631428 0.335275
vt 0.629504 0.343648
vt 0.946692 0.158882
vt 0.941006 0.158636
vt 0.941346 0.144037
vt 0.947368 0.144476
vt 0.934016 0.159420
vt 0.934345 0.144912
vt 0.941523 0.129892
vt 0.947541 0.129447
vt 0.934786 0.131272
vt 0.519920 0.333478
vt 0.506281 0.333197
vt 0.946215 0.172469
vt 0.940804 0.173535
vt 0.933865 0.174621
vt 0.925739 0.160514
vt 0.926182 0.146257
vt 0.926888 0.133122
vt 0.928097 0.120409
vt 0.935389 0.118622
vt 0.941431 0.116774
vt 0.476847 0.331555
vt 0.476932 0.337371
vt 0.491872 0.332334
vt 0.870493 0.159698
vt 0.858006 0.158527
vt 0.858243 0.142694
vt 0.870832 0.144364
vt 0.845335 0.157600
vt 0.845479 0.141366
vt 0.858415 0.127807
vt 0.871117 0.129936
vt 0.845582 0.126136
vt 0.882703 0.160820
vt 0.832571 0.157223
vt 0.832629 0.140822
vt 0.832674 0.125453
vt 0.883608 0.132270
vt 0.883126 0.146010
vt 0.934702 0.221194
vt 0.934271 0.205942
vt 0.941158 0.204097
vt 0.940994 0.219617
vt 0.933957 0.190272
vt 0.940958 0.188692
vt 0.567297 0.335365
vt 0.551624 0.336089
vt 0.548582 0.330746
vt 0.564970 0.329021
vt 0.946628 0.186028
vt 0.947077 0.200753
vt 0.568947 0.345948
vt 0.568571 0.340784
vt 0.533632 0.332446
vt 0.917434 0.135097
vt 0.916750 0.147381
vt 0.906263 0.147816
vt 0.906889 0.135811
vt 0.916257 0.161431
vt 0.905776 0.161859
vt 0.894991 0.147281
vt 0.895590 0.134672
vt 0.894524 0.161613
vt 0.918024 0.125838
vt 0.896669 0.125198
vt 0.907646 0.127033
vt 0.682097 0.510802
vt 0.672349 0.512577
vt 0.669417 0.507086
vt 0.679355 0.505322
vt 0.948734 0.551956
vt 0.947223 0.561567
vt 0.941684 0.561594
vt 0.942849 0.551931
vt 0.666901 0.501771
vt 0.675993 0.500234
vt 0.660378 0.508391
vt 0.658827 0.503161
vt 0.951943 0.542559
vt 0.943238 0.570093
vt 0.938559 0.568125
vt 0.937048 0.560681
vt 0.652983 0.503842
vt 0.689346 0.926331
vt 0.681593 0.918389
vt 0.685149 0.913834
vt 0.692114 0.920118
vt 0.675295 0.912000
vt 0.678665 0.908278
vt 0.687014 0.907508
vt 0.693362 0.912467
vt 0.680825 0.902914
vt 0.697288 0.934865
vt 0.669930 0.907244
vt 0.672719 0.903743
vt 0.675043 0.899050
vt 0.676191 0.893006
vt 0.681609 0.896089
vt 0.687405 0.899760
vt 0.693363 0.903684
vt 0.699548 0.917386
vt 0.699264 0.907527
vt 0.698923 0.926545
vt 0.692336 0.894019
vt 0.686484 0.890872
vt 0.684407 0.880999
vt 0.690331 0.883520
vt 0.680826 0.887923
vt 0.678681 0.878622
vt 0.681328 0.870268
vt 0.687352 0.872184
vt 0.675481 0.868417
vt 0.698139 0.897060
vt 0.675604 0.885477
vt 0.673500 0.876674
vt 0.670290 0.866893
vt 0.666388 0.856431
vt 0.671534 0.857535
vt 0.677403 0.858800
vt 0.683404 0.860010
vt 0.693076 0.873904
vt 0.688945 0.860945
vt 0.696108 0.885897
vt 0.473694 0.616619
vt 0.464826 0.612127
vt 0.466767 0.600925
vt 0.474653 0.604622
vt 0.457309 0.604810
vt 0.459905 0.595189
vt 0.468102 0.589870
vt 0.475260 0.592959
vt 0.461838 0.585204
vt 0.483264 0.618122
vt 0.703992 0.942860
vt 0.451652 0.595375
vt 0.454515 0.587929
vt 0.456884 0.579375
vt 0.705222 0.921867
vt 0.704845 0.910975
vt 0.463175 0.574751
vt 0.468964 0.578649
vt 0.475618 0.581239
vt 0.482891 0.594076
vt 0.482736 0.582179
vt 0.483074 0.605923
vt 0.398257 0.903082
vt 0.395450 0.896067
vt 0.399865 0.893506
vt 0.402439 0.900635
vt 0.393490 0.886236
vt 0.398026 0.884629
vt 0.404300 0.891376
vt 0.406847 0.898126
vt 0.402459 0.883400
vt 0.664520 0.903843
vt 0.392775 0.874826
vt 0.397330 0.874828
vt 0.401750 0.874816
vt 0.405889 0.874781
vt 0.406603 0.882505
vt 0.408462 0.889726
vt 0.411043 0.895917
vt 0.669939 0.896203
vt 0.671404 0.890776
vt 0.667344 0.900390
vt 0.678598 0.847215
vt 0.672857 0.846859
vt 0.668190 0.835256
vt 0.673464 0.834902
vt 0.667197 0.846310
vt 0.663036 0.835494
vt 0.663932 0.824850
vt 0.668663 0.824242
vt 0.659557 0.825910
vt 0.683753 0.847196
vt 0.662255 0.845678
vt 0.658542 0.835409
vt 0.655883 0.826541
vt 0.654631 0.820623
vt 0.656740 0.818203
vt 0.660453 0.816137
vt 0.664976 0.815683
vt 0.672643 0.823231
vt 0.668721 0.816533
vt 0.678070 0.834068
vt 0.475821 0.569064
vt 0.469480 0.566937
vt 0.469750 0.554373
vt 0.475924 0.556020
vt 0.463994 0.563696
vt 0.464427 0.551776
vt 0.469871 0.540583
vt 0.475970 0.541692
vt 0.464617 0.538696
vt 0.482623 0.569827
vt 0.703608 0.899724
vt 0.701387 0.887892
vt 0.698065 0.875223
vt 0.693526 0.861458
vt 0.464709 0.524163
vt 0.469936 0.525193
vt 0.476005 0.525662
vt 0.482519 0.542055
vt 0.482516 0.525772
vt 0.482553 0.556596
vt 0.897799 0.874553
vt 0.892031 0.870922
vt 0.891689 0.863563
vt 0.897250 0.866747
vt 0.885315 0.868554
vt 0.885234 0.861533
vt 0.891676 0.854602
vt 0.897145 0.857431
vt 0.885336 0.852840
vt 0.671081 0.883771
vt 0.899017 0.880350
vt 0.892866 0.876200
vt 0.885666 0.873467
vt 0.877950 0.872426
vt 0.878133 0.867655
vt 0.878340 0.860769
vt 0.878568 0.852183
vt 0.878815 0.842311
vt 0.885534 0.842911
vt 0.891827 0.844517
vt 0.897257 0.847108
vt 0.901300 0.861287
vt 0.901389 0.850662
vt 0.901461 0.870968
vt 0.669190 0.875375
vt 0.663016 0.809074
vt 0.658007 0.809440
vt 0.656553 0.804763
vt 0.662156 0.804246
vt 0.315378 0.905518
vt 0.310473 0.905378
vt 0.310950 0.900485
vt 0.316615 0.900470
vt 0.321521 0.900385
vt 0.317418 0.894492
vt 0.322708 0.894489
vt 0.311286 0.894543
vt 0.668733 0.812466
vt 0.654275 0.812649
vt 0.652420 0.818101
vt 0.305839 0.905255
vt 0.305445 0.900554
vt 0.305308 0.894644
vt 0.305298 0.888128
vt 0.311424 0.888061
vt 0.317703 0.888039
vt 0.323117 0.888070
vt 0.476465 0.462154
vt 0.476635 0.455585
vt 0.483031 0.454469
vt 0.482839 0.461134
vt 0.470708 0.465016
vt 0.470798 0.458830
vt 0.466141 0.469261
vt 0.466010 0.464049
vt 0.476065 0.507919
vt 0.470032 0.508223
vt 0.470211 0.491267
vt 0.476164 0.490078
vt 0.464846 0.508261
vt 0.465165 0.492596
vt 0.470478 0.476268
vt 0.476302 0.474158
vt 0.465718 0.479074
vt 0.482541 0.507733
vt 0.687781 0.846696
vt 0.460896 0.507608
vt 0.461367 0.493233
vt 0.462303 0.481059
vt 0.674883 0.820554
vt 0.482694 0.473359
vt 0.482598 0.489577
vt 0.897371 0.836369
vt 0.891995 0.833869
vt 0.892106 0.823550
vt 0.897314 0.826177
vt 0.885752 0.832272
vt 0.885967 0.821796
vt 0.892140 0.814517
vt 0.897012 0.817554
vt 0.886170 0.812445
vt 0.901461 0.839662
vt 0.879077 0.831662
vt 0.879346 0.821118
vt 0.879618 0.811654
vt 0.879883 0.804246
vt 0.886373 0.805167
vt 0.892216 0.807654
vt 0.896824 0.811406
vt 0.900518 0.820593
vt 0.899576 0.815083
vt 0.901237 0.829274
vt 0.084591 0.731450
vt 0.071734 0.728199
vt 0.068028 0.714053
vt 0.081791 0.717065
vt 0.059665 0.725645
vt 0.055304 0.711323
vt 0.064688 0.697646
vt 0.079153 0.700125
vt 0.051398 0.695274
vt 0.098961 0.746011
vt 0.087239 0.742776
vt 0.097513 0.734493
vt 0.075701 0.739666
vt 0.064831 0.738103
vt 0.054063 0.740530
vt 0.049253 0.723832
vt 0.044648 0.709268
vt 0.040348 0.693461
vt 0.036884 0.676090
vt 0.048283 0.677537
vt 0.062035 0.679320
vt 0.077018 0.681122
vt 0.093734 0.702225
vt 0.092109 0.682622
vt 0.095653 0.719707
vt 0.088586 0.175988
vt 0.068795 0.169195
vt 0.074448 0.148989
vt 0.094541 0.155153
vt 0.052682 0.163708
vt 0.058096 0.143950
vt 0.081051 0.129119
vt 0.101174 0.134623
vt 0.064673 0.124580
vt 0.106740 0.205254
vt 0.083530 0.196471
vt 0.112413 0.184058
vt 0.064313 0.189040
vt 0.048655 0.183127
vt 0.036123 0.178895
vt 0.039889 0.159556
vt 0.045194 0.139904
vt 0.051806 0.120694
vt 0.059493 0.102679
vt 0.072189 0.106322
vt 0.088385 0.110281
vt 0.108261 0.115057
vt 0.125273 0.141403
vt 0.131994 0.121151
vt 0.118668 0.162573
vt 0.078807 0.577069
vt 0.064349 0.578704
vt 0.067454 0.561737
vt 0.081275 0.559311
vt 0.051102 0.580112
vt 0.054904 0.564010
vt 0.070576 0.547346
vt 0.083776 0.544049
vt 0.058857 0.550737
vt 0.091872 0.595889
vt 0.076788 0.596728
vt 0.093399 0.575626
vt 0.061815 0.597638
vt 0.048079 0.598337
vt 0.036702 0.598541
vt 0.040132 0.580841
vt 0.044626 0.565344
vt 0.049718 0.552848
vt 0.054024 0.544886
vt 0.061623 0.540818
vt 0.072943 0.536032
vt 0.085866 0.531867
vt 0.097292 0.541415
vt 0.099092 0.528703
vt 0.095300 0.557262
vt 0.115520 0.097037
vt 0.096147 0.093086
vt 0.103702 0.077806
vt 0.122428 0.080839
vt 0.080336 0.089831
vt 0.088471 0.075475
vt 0.110281 0.064588
vt 0.128396 0.066657
vt 0.095735 0.063493
vt 0.138575 0.102368
vt 0.067965 0.086554
vt 0.076711 0.072779
vt 0.085052 0.061822
vt 0.091290 0.054907
vt 0.100580 0.053808
vt 0.114919 0.053434
vt 0.132810 0.054670
vt 0.149917 0.070516
vt 0.153945 0.058023
vt 0.144672 0.085393
vt 0.080262 0.776478
vt 0.077968 0.788657
vt 0.068427 0.783871
vt 0.071425 0.770229
vt 0.076853 0.801155
vt 0.069796 0.799823
vt 0.063705 0.799309
vt 0.061926 0.787957
vt 0.058958 0.779623
vt 0.061367 0.772784
vt 0.062920 0.762027
vt 0.091323 0.771033
vt 0.087939 0.780712
vt 0.083401 0.766751
vt 0.085244 0.792104
vt 0.074574 0.760562
vt 0.081119 0.809883
vt 0.076530 0.811252
vt 0.082981 0.802835
vt 0.070202 0.811279
vt 0.060485 0.806311
vt 0.059077 0.798566
vt 0.064350 0.809399
vt 0.057650 0.788708
vt 0.056275 0.778768
vt 0.056277 0.776132
vt 0.056580 0.781594
vt 0.056333 0.768326
vt 0.065428 0.752137
vt 0.055868 0.756701
vt 0.835056 0.672707
vt 0.849886 0.671754
vt 0.847590 0.690820
vt 0.833501 0.692526
vt 0.863881 0.671437
vt 0.860747 0.689776
vt 0.845713 0.707043
vt 0.832378 0.709575
vt 0.857833 0.704888
vt 0.820888 0.650183
vt 0.836137 0.649956
vt 0.820339 0.673685
vt 0.851620 0.649710
vt 0.866282 0.649889
vt 0.879066 0.650939
vt 0.876102 0.672400
vt 0.872154 0.690404
vt 0.867885 0.704692
vt 0.864509 0.713857
vt 0.856747 0.716954
vt 0.845445 0.720680
vt 0.832619 0.724032
vt 0.818764 0.711745
vt 0.819295 0.726604
vt 0.819372 0.694156
vt 0.072735 0.248414
vt 0.057277 0.240551
vt 0.058885 0.225184
vt 0.075995 0.233466
vt 0.044171 0.234519
vt 0.044765 0.218767
vt 0.061113 0.207868
vt 0.079470 0.215908
vt 0.046126 0.201571
vt 0.085729 0.268341
vt 0.069971 0.260576
vt 0.090929 0.257438
vt 0.056205 0.253618
vt 0.044218 0.248449
vt 0.033263 0.246948
vt 0.033157 0.230683
vt 0.033188 0.214538
vt 0.034009 0.197283
vt 0.101699 0.225412
vt 0.096594 0.243191
vt 0.541373 0.591700
vt 0.530265 0.588036
vt 0.522571 0.560925
vt 0.539550 0.568562
vt 0.777993 0.934741
vt 0.788870 0.921177
vt 0.803861 0.915368
vt 0.784293 0.937010
vt 0.793549 0.912863
vt 0.802233 0.908931
vt 0.384617 0.858862
vt 0.379166 0.856590
vt 0.382480 0.837167
vt 0.387588 0.846155
vt 0.503551 0.533294
vt 0.521160 0.540686
vt 0.503210 0.545030
vt 0.537569 0.547785
vt 0.553328 0.618219
vt 0.540599 0.614689
vt 0.554892 0.596299
vt 0.530026 0.610607
vt 0.554407 0.574436
vt 0.762420 0.943818
vt 0.771717 0.932210
vt 0.765951 0.950140
vt 0.780391 0.921879
vt 0.769540 0.955722
vt 0.789026 0.910166
vt 0.794198 0.907947
vt 0.786095 0.914465
vt 0.800555 0.904835
vt 0.389037 0.861394
vt 0.391346 0.850533
vt 0.502872 0.518588
vt 0.519429 0.523739
vt 0.550326 0.535616
vt 0.552833 0.553984
vt 0.535262 0.529683
vt 0.525844 0.676040
vt 0.512493 0.676023
vt 0.515196 0.652817
vt 0.530309 0.656559
vt 0.498322 0.677564
vt 0.498498 0.659284
vt 0.496781 0.643282
vt 0.508820 0.636445
vt 0.517840 0.623282
vt 0.525113 0.631305
vt 0.536249 0.636175
vt 0.534993 0.692398
vt 0.523219 0.693592
vt 0.538601 0.676294
vt 0.510983 0.694671
vt 0.543581 0.658308
vt 0.497843 0.695650
vt 0.494621 0.629345
vt 0.504816 0.623788
vt 0.518950 0.601539
vt 0.523264 0.606406
vt 0.513117 0.614168
vt 0.549074 0.638945
vt 0.532397 0.514365
vt 0.517372 0.509464
vt 0.515297 0.498094
vt 0.529416 0.501988
vt 0.501952 0.505674
vt 0.501047 0.495409
vt 0.810969 0.750904
vt 0.796883 0.751628
vt 0.794850 0.741306
vt 0.808125 0.740577
vt 0.782638 0.751713
vt 0.781626 0.741477
vt 0.546972 0.519792
vt 0.780948 0.729129
vt 0.793483 0.728905
vt 0.806228 0.728164
vt 0.821491 0.738941
vt 0.824871 0.749193
vt 0.543388 0.506788
vt 0.075678 0.660585
vt 0.060382 0.659464
vt 0.059792 0.638743
vt 0.075191 0.639195
vt 0.046345 0.658292
vt 0.045663 0.638176
vt 0.060269 0.617890
vt 0.075560 0.617669
vt 0.046240 0.617941
vt 0.091074 0.661493
vt 0.034727 0.657228
vt 0.033975 0.637503
vt 0.034631 0.617685
vt 0.090953 0.617419
vt 0.090688 0.639523
vt 0.236176 0.296177
vt 0.226803 0.295655
vt 0.232942 0.281906
vt 0.242799 0.282937
vt 0.215101 0.294391
vt 0.220212 0.280089
vt 0.239942 0.265484
vt 0.250129 0.267105
vt 0.226648 0.263000
vt 0.238842 0.306090
vt 0.230752 0.306332
vt 0.244508 0.296322
vt 0.221788 0.306186
vt 0.211095 0.305320
vt 0.197818 0.303403
vt 0.199786 0.292020
vt 0.202980 0.277080
vt 0.208472 0.259192
vt 0.215347 0.239228
vt 0.233787 0.243821
vt 0.247286 0.246967
vt 0.257644 0.249179
vt 0.258984 0.268324
vt 0.266660 0.250968
vt 0.251411 0.283588
vt 0.180363 0.288620
vt 0.160029 0.286367
vt 0.149716 0.268202
vt 0.180034 0.272769
vt 0.143780 0.287820
vt 0.130912 0.277358
vt 0.111559 0.267076
vt 0.120908 0.254141
vt 0.127882 0.235952
vt 0.156323 0.246128
vt 0.184352 0.253682
vt 0.181736 0.300429
vt 0.165168 0.297689
vt 0.141092 0.295671
vt 0.132752 0.290852
vt 0.150806 0.296319
vt 0.119654 0.283787
vt 0.103125 0.276160
vt 0.133871 0.215022
vt 0.162833 0.224596
vt 0.190966 0.232795
vt 0.838353 0.534738
vt 0.843289 0.525902
vt 0.855666 0.529355
vt 0.853143 0.538806
vt 0.848247 0.520317
vt 0.858623 0.523001
vt 0.868398 0.529504
vt 0.867850 0.538715
vt 0.869352 0.523417
vt 0.817021 0.539358
vt 0.826607 0.526211
vt 0.834713 0.549315
vt 0.834114 0.519214
vt 0.840831 0.515432
vt 0.846043 0.513586
vt 0.852466 0.515896
vt 0.937048 0.454469
vt 0.943374 0.455908
vt 0.946059 0.465035
vt 0.939642 0.464810
vt 0.948228 0.474408
vt 0.942489 0.475503
vt 0.949296 0.480970
vt 0.945479 0.484143
vt 0.937048 0.477247
vt 0.939664 0.487967
vt 0.878903 0.526021
vt 0.879666 0.533869
vt 0.867774 0.553268
vt 0.882719 0.547728
vt 0.851581 0.553359
vt 0.834245 0.571513
vt 0.851343 0.574192
vt 0.851804 0.599029
vt 0.835224 0.597628
vt 0.867647 0.574699
vt 0.867613 0.599753
vt 0.852128 0.624925
vt 0.836089 0.624439
vt 0.867376 0.625480
vt 0.817776 0.567860
vt 0.881672 0.574152
vt 0.881297 0.600307
vt 0.880651 0.626428
vt 0.820442 0.623796
vt 0.819237 0.595855
vt 0.543856 0.704075
vt 0.554261 0.702964
vt 0.551236 0.714008
vt 0.542370 0.715310
vt 0.563939 0.703374
vt 0.559445 0.713997
vt 0.549293 0.724393
vt 0.542024 0.725527
vt 0.556298 0.724356
vt 0.546781 0.691127
vt 0.533262 0.706169
vt 0.558388 0.690477
vt 0.569461 0.691434
vt 0.580099 0.696304
vt 0.571617 0.706150
vt 0.566232 0.715389
vt 0.562573 0.725172
vt 0.560217 0.735564
vt 0.554249 0.734927
vt 0.548106 0.734829
vt 0.542165 0.735678
vt 0.534927 0.728006
vt 0.536805 0.737885
vt 0.533364 0.717846
vt 0.773821 0.220616
vt 0.765031 0.221916
vt 0.759153 0.211004
vt 0.771705 0.207997
vt 0.758870 0.226321
vt 0.753009 0.222569
vt 0.744950 0.221517
vt 0.747380 0.208216
vt 0.748339 0.192701
vt 0.759254 0.193484
vt 0.770863 0.192886
vt 0.784710 0.236426
vt 0.775555 0.230319
vt 0.784134 0.221590
vt 0.768236 0.229194
vt 0.783286 0.207252
vt 0.235293 0.879864
vt 0.231523 0.877209
vt 0.235015 0.873222
vt 0.238930 0.878091
vt 0.755051 0.231210
vt 0.749510 0.230439
vt 0.762432 0.230621
vt 0.735140 0.236776
vt 0.736554 0.221817
vt 0.742712 0.231818
vt 0.737851 0.207067
vt 0.738724 0.175707
vt 0.748449 0.176714
vt 0.738539 0.191480
vt 0.759165 0.177256
vt 0.782538 0.176312
vt 0.782792 0.192010
vt 0.770602 0.177021
vt 0.286155 0.151224
vt 0.275360 0.146517
vt 0.278396 0.128706
vt 0.289543 0.133922
vt 0.261509 0.140980
vt 0.264355 0.122741
vt 0.281601 0.111476
vt 0.293151 0.116990
vt 0.267528 0.105338
vt 0.291326 0.173225
vt 0.282308 0.169503
vt 0.295240 0.155435
vt 0.271746 0.165332
vt 0.258064 0.160290
vt 0.239685 0.153954
vt 0.243221 0.134293
vt 0.246158 0.115844
vt 0.249441 0.098454
vt 0.254988 0.080999
vt 0.272333 0.089062
vt 0.285625 0.094548
vt 0.297188 0.099584
vt 0.302780 0.122436
vt 0.308750 0.104169
vt 0.298789 0.138711
vt 0.219745 0.126338
vt 0.192869 0.117782
vt 0.196957 0.099789
vt 0.223097 0.108006
vt 0.165015 0.109495
vt 0.170097 0.091940
vt 0.200494 0.083830
vt 0.226266 0.091326
vt 0.174442 0.076529
vt 0.215727 0.146119
vt 0.188075 0.137451
vt 0.159305 0.128834
vt 0.177905 0.063643
vt 0.203361 0.070446
vt 0.228895 0.076954
vt 0.264866 0.229704
vt 0.254447 0.226967
vt 0.261098 0.206199
vt 0.271528 0.209413
vt 0.240882 0.223269
vt 0.247516 0.202039
vt 0.266957 0.185407
vt 0.277414 0.189086
vt 0.253355 0.180817
vt 0.273939 0.232017
vt 0.222369 0.218075
vt 0.229003 0.196400
vt 0.234895 0.174822
vt 0.286438 0.192346
vt 0.280587 0.212210
vt 0.197886 0.211030
vt 0.169523 0.202521
vt 0.176154 0.180305
vt 0.204542 0.188970
vt 0.140122 0.193201
vt 0.146616 0.171207
vt 0.182435 0.158448
vt 0.210601 0.167153
vt 0.153095 0.149572
vt 0.819602 0.225398
vt 0.807223 0.224389
vt 0.807370 0.207712
vt 0.819806 0.208147
vt 0.795359 0.222986
vt 0.795166 0.207306
vt 0.807348 0.191230
vt 0.819859 0.191173
vt 0.794971 0.191467
vt 0.819173 0.243082
vt 0.806809 0.241483
vt 0.795500 0.238890
vt 0.794781 0.175527
vt 0.807238 0.174832
vt 0.819837 0.174335
vt 0.817748 0.295635
vt 0.804694 0.296316
vt 0.802823 0.278736
vt 0.817765 0.279146
vt 0.522660 0.708775
vt 0.524425 0.721673
vt 0.513946 0.727881
vt 0.511231 0.711143
vt 0.788332 0.279521
vt 0.793462 0.269454
vt 0.791956 0.287690
vt 0.795453 0.255035
vt 0.805848 0.259206
vt 0.818467 0.261219
vt 0.498217 0.712005
vt 0.532488 0.741747
vt 0.528491 0.732089
vt 0.724017 0.356871
vt 0.722255 0.367114
vt 0.716366 0.359439
vt 0.717740 0.348848
vt 0.787873 0.251781
vt 0.787536 0.264510
vt 0.779411 0.562774
vt 0.790864 0.564139
vt 0.792003 0.592618
vt 0.780039 0.591393
vt 0.803397 0.565710
vt 0.804899 0.594144
vt 0.792951 0.621865
vt 0.780577 0.621031
vt 0.806107 0.622877
vt 0.778821 0.537567
vt 0.789724 0.538788
vt 0.801715 0.539814
vt 0.806696 0.650061
vt 0.793471 0.649698
vt 0.780889 0.649318
vt 0.778022 0.489841
vt 0.788227 0.489483
vt 0.788227 0.502318
vt 0.778109 0.502078
vt 0.799189 0.488898
vt 0.798822 0.502282
vt 0.788770 0.518373
vt 0.778376 0.517560
vt 0.799783 0.518847
vt 0.778070 0.479580
vt 0.788508 0.478845
vt 0.800164 0.477958
vt 0.815556 0.477337
vt 0.810832 0.488401
vt 0.809665 0.501544
vt 0.811002 0.517585
vt 0.132679 0.662474
vt 0.119428 0.662365
vt 0.119209 0.639830
vt 0.132529 0.639869
vt 0.105648 0.662069
vt 0.105351 0.639726
vt 0.119305 0.617164
vt 0.132555 0.617132
vt 0.105526 0.617250
vt 0.133000 0.684253
vt 0.119961 0.684072
vt 0.106416 0.683580
vt 0.106174 0.595343
vt 0.119718 0.595063
vt 0.132756 0.594959
vt 0.586394 0.536291
vt 0.574269 0.530890
vt 0.570224 0.517948
vt 0.582214 0.523608
vt 0.561021 0.525354
vt 0.557126 0.512217
vt 0.863164 0.735023
vt 0.851416 0.741576
vt 0.847613 0.732044
vt 0.859028 0.726628
vt 0.838492 0.746182
vt 0.834856 0.736113
vt 0.050059 0.098916
vt 0.058846 0.082683
vt 0.589950 0.551455
vt 0.577886 0.546390
vt 0.564599 0.541166
vt 0.868415 0.719111
vt 0.068274 0.068884
vt 0.078184 0.057903
vt 0.575062 0.677101
vt 0.563467 0.675948
vt 0.568972 0.659612
vt 0.580579 0.661077
vt 0.551200 0.676018
vt 0.556526 0.659024
vt 0.574238 0.641868
vt 0.585690 0.643840
vt 0.561918 0.640548
vt 0.585610 0.680252
vt 0.566150 0.620777
vt 0.578398 0.622946
vt 0.589751 0.625563
vt 0.595927 0.647394
vt 0.599887 0.629462
vt 0.590973 0.664332
vt 0.592196 0.606486
vt 0.580733 0.603151
vt 0.581294 0.583240
vt 0.592986 0.587270
vt 0.568215 0.600003
vt 0.568374 0.579169
vt 0.580305 0.564065
vt 0.592212 0.568676
vt 0.567117 0.559307
vt 0.026266 0.176352
vt 0.030016 0.156649
vt 0.042159 0.117143
vt 0.035395 0.136648
vt 0.780901 0.674315
vt 0.793426 0.674366
vt 0.793130 0.695666
vt 0.780770 0.695807
vt 0.806484 0.674219
vt 0.805925 0.695183
vt 0.793008 0.713784
vt 0.780714 0.714007
vt 0.805635 0.713112
vt 0.818973 0.059503
vt 0.806409 0.062118
vt 0.803607 0.049979
vt 0.818589 0.048365
vt 0.796292 0.066971
vt 0.793593 0.058520
vt 0.787945 0.052677
vt 0.792889 0.044962
vt 0.795358 0.035820
vt 0.806537 0.037085
vt 0.819151 0.037071
vt 0.819504 0.070051
vt 0.807406 0.072515
vt 0.789470 0.080591
vt 0.788810 0.072216
vt 0.797230 0.076354
vt 0.786844 0.064800
vt 0.776589 0.054936
vt 0.780562 0.048965
vt 0.782770 0.059046
vt 0.783795 0.042264
vt 0.784323 0.026915
vt 0.795902 0.026465
vt 0.784917 0.034808
vt 0.807550 0.026526
vt 0.819683 0.026399
vt 0.133127 0.574037
vt 0.120433 0.574214
vt 0.121365 0.555268
vt 0.133628 0.555015
vt 0.107269 0.574693
vt 0.108662 0.555947
vt 0.122411 0.538864
vt 0.134213 0.538534
vt 0.110175 0.539737
vt 0.111631 0.526699
vt 0.123467 0.525643
vt 0.134834 0.525232
vt 0.134226 0.737989
vt 0.122108 0.737587
vt 0.121571 0.722311
vt 0.133929 0.722642
vt 0.109964 0.736518
vt 0.108893 0.721422
vt 0.120758 0.704266
vt 0.133464 0.704521
vt 0.107594 0.703573
vt 0.134187 0.749939
vt 0.122072 0.749470
vt 0.110459 0.748251
vt 0.819872 0.100511
vt 0.807451 0.102625
vt 0.807817 0.092169
vt 0.819911 0.089937
vt 0.795964 0.105330
vt 0.797141 0.095160
vt 0.807824 0.082341
vt 0.819811 0.080011
vt 0.797516 0.085672
vt 0.819794 0.112416
vt 0.807053 0.114352
vt 0.794576 0.116809
vt 0.781415 0.119236
vt 0.786639 0.107654
vt 0.788830 0.098142
vt 0.789569 0.089222
vt 0.778654 0.454556
vt 0.789655 0.454469
vt 0.789139 0.461450
vt 0.778398 0.461867
vt 0.124441 0.515957
vt 0.112864 0.517132
vt 0.113766 0.510004
vt 0.125270 0.509011
vt 0.788793 0.469570
vt 0.778199 0.470273
vt 0.800634 0.461509
vt 0.800412 0.469024
vt 0.135448 0.515486
vt 0.100446 0.519365
vt 0.101198 0.512124
vt 0.813211 0.462733
vt 0.813553 0.469278
vt 0.301222 0.239353
vt 0.292326 0.236801
vt 0.298859 0.217849
vt 0.307719 0.220608
vt 0.283101 0.234354
vt 0.289697 0.215018
vt 0.304375 0.198709
vt 0.313055 0.201593
vt 0.295408 0.195572
vt 0.301791 0.259727
vt 0.293738 0.257060
vt 0.309398 0.242007
vt 0.284929 0.254777
vt 0.275768 0.252779
vt 0.300087 0.176816
vt 0.308717 0.180171
vt 0.317055 0.183077
vt 0.026266 0.617023
vt 0.028481 0.598048
vt 0.315922 0.223204
vt 0.321167 0.204061
vt 0.319686 0.165812
vt 0.311877 0.162937
vt 0.314427 0.147365
vt 0.321486 0.150488
vt 0.303735 0.159392
vt 0.306952 0.143294
vt 0.317103 0.133774
vt 0.323168 0.137732
vt 0.310500 0.128480
vt 0.032188 0.580553
vt 0.315211 0.115763
vt 0.320705 0.122653
vt 0.325677 0.127915
vt 0.043669 0.552185
vt 0.051628 0.541951
vt 0.037277 0.565109
vt 0.087154 0.522944
vt 0.073900 0.527869
vt 0.073480 0.521314
vt 0.087490 0.515867
vt 0.061783 0.534107
vt 0.060211 0.528519
vt 0.071800 0.514412
vt 0.086630 0.508773
vt 0.057602 0.522008
vt 0.048613 0.537843
vt 0.045133 0.532253
vt 0.040145 0.522272
vt 0.054301 0.512236
vt 0.068611 0.505163
vt 0.083452 0.499648
vt 0.101157 0.505209
vt 0.099544 0.495402
vt 0.268107 0.299680
vt 0.260788 0.297425
vt 0.268661 0.285388
vt 0.276813 0.287307
vt 0.252782 0.296514
vt 0.260063 0.284266
vt 0.276886 0.271080
vt 0.285481 0.273088
vt 0.267919 0.269563
vt 0.263548 0.317876
vt 0.259701 0.309709
vt 0.274916 0.303103
vt 0.253824 0.306730
vt 0.246664 0.305910
vt 0.293320 0.275763
vt 0.284297 0.290102
vt 0.494694 0.887038
vt 0.484736 0.887880
vt 0.484051 0.880899
vt 0.494184 0.878819
vt 0.475601 0.888568
vt 0.474250 0.882490
vt 0.483747 0.873378
vt 0.494185 0.870588
vt 0.473434 0.875491
vt 0.505686 0.897380
vt 0.495642 0.894400
vt 0.503331 0.885651
vt 0.485595 0.893683
vt 0.476828 0.893315
vt 0.471222 0.892768
vt 0.468669 0.889326
vt 0.466353 0.883699
vt 0.464963 0.876917
vt 0.464134 0.869946
vt 0.472957 0.868321
vt 0.483634 0.865858
vt 0.494403 0.862574
vt 0.502993 0.867119
vt 0.503500 0.858485
vt 0.502777 0.876070
vt 0.054099 0.445066
vt 0.045514 0.445984
vt 0.043726 0.441689
vt 0.052702 0.440888
vt 0.038362 0.450381
vt 0.036344 0.446293
vt 0.863536 0.487452
vt 0.872531 0.488362
vt 0.873219 0.492325
vt 0.864640 0.491414
vt 0.879924 0.490959
vt 0.880329 0.494540
vt 0.063042 0.452322
vt 0.056728 0.452029
vt 0.063182 0.448003
vt 0.048611 0.453592
vt 0.041388 0.457339
vt 0.036850 0.461356
vt 0.033637 0.458007
vt 0.321474 0.033371
vt 0.316821 0.040130
vt 0.313667 0.035765
vt 0.318714 0.028599
vt 0.311003 0.032475
vt 0.315386 0.026266
vt 0.309189 0.030889
vt 0.311380 0.026701
vt 0.879636 0.498480
vt 0.872632 0.496810
vt 0.864417 0.495675
vt 0.855717 0.492247
vt 0.857773 0.495225
vt 0.853730 0.488385
vt 0.062486 0.444071
vt 0.051036 0.497668
vt 0.047632 0.481907
vt 0.058281 0.477988
vt 0.063817 0.492359
vt 0.044396 0.468010
vt 0.053006 0.464576
vt 0.068929 0.473976
vt 0.076731 0.487370
vt 0.061904 0.461792
vt 0.040036 0.501579
vt 0.038480 0.484309
vt 0.037188 0.470257
vt 0.069020 0.459086
vt 0.077573 0.469930
vt 0.087500 0.482613
vt 0.558219 0.973734
vt 0.559840 0.962942
vt 0.570095 0.959988
vt 0.570095 0.971516
vt 0.560136 0.953422
vt 0.566038 0.949858
vt 0.847390 0.495422
vt 0.840849 0.500948
vt 0.832599 0.497452
vt 0.843705 0.491327
vt 0.838463 0.508424
vt 0.830424 0.509541
vt 0.821240 0.513362
vt 0.820551 0.499833
vt 0.093350 0.477755
vt 0.104712 0.487869
vt 0.082526 0.465766
vt 0.822349 0.488377
vt 0.072482 0.455233
vt 0.852860 0.484609
vt 0.843493 0.486079
vt 0.853445 0.498324
vt 0.848851 0.503257
vt 0.846386 0.509059
vt 0.279631 0.074772
vt 0.286378 0.062407
vt 0.297473 0.059499
vt 0.290892 0.077670
vt 0.290415 0.052871
vt 0.297727 0.048181
vt 0.304979 0.040374
vt 0.307044 0.045907
vt 0.311589 0.050412
vt 0.306079 0.064327
vt 0.301316 0.081395
vt 0.270253 0.071026
vt 0.279273 0.062150
vt 0.953362 0.482888
vt 0.949150 0.488959
vt 0.292784 0.045970
vt 0.298783 0.040971
vt 0.285118 0.054478
vt 0.304820 0.035148
vt 0.319187 0.044083
vt 0.316948 0.052714
vt 0.313687 0.066405
vt 0.310645 0.083432
vt 0.238299 0.322128
vt 0.239437 0.317171
vt 0.244458 0.316654
vt 0.245275 0.320105
vt 0.242179 0.312376
vt 0.248231 0.313031
vt 0.252106 0.316215
vt 0.228747 0.330543
vt 0.230607 0.323190
vt 0.236892 0.329393
vt 0.232253 0.317923
vt 0.244656 0.327025
vt 0.234825 0.312823
vt 0.252722 0.323045
vt 0.202277 0.323039
vt 0.204930 0.317994
vt 0.215083 0.318610
vt 0.212606 0.323800
vt 0.207797 0.312715
vt 0.217994 0.313358
vt 0.224128 0.318499
vt 0.222044 0.323774
vt 0.226846 0.313295
vt 0.188173 0.328180
vt 0.190977 0.321047
vt 0.199857 0.330046
vt 0.729144 0.118622
vt 0.722817 0.116774
vt 0.723218 0.105209
vt 0.728365 0.107127
vt 0.716823 0.115218
vt 0.717789 0.103111
vt 0.195779 0.311063
vt 0.219782 0.331015
vt 0.210097 0.330874
vt 0.071533 0.747973
vt 0.079733 0.748127
vt 0.082758 0.753272
vt 0.078897 0.755321
vt 0.774543 0.035197
vt 0.774832 0.041102
vt 0.767912 0.041022
vt 0.764839 0.037506
vt 0.772257 0.046688
vt 0.763997 0.044846
vt 0.099553 0.754028
vt 0.089287 0.750795
vt 0.087052 0.760668
vt 0.095309 0.764575
vt 0.873357 0.943149
vt 0.865223 0.942657
vt 0.865529 0.937733
vt 0.873108 0.937986
vt 0.857264 0.941316
vt 0.858149 0.936629
vt 0.865700 0.933497
vt 0.872486 0.933603
vt 0.859168 0.932882
vt 0.880611 0.949076
vt 0.873397 0.949251
vt 0.880352 0.942726
vt 0.864948 0.948608
vt 0.856656 0.947272
vt 0.210362 0.386656
vt 0.213199 0.379105
vt 0.219335 0.380205
vt 0.216178 0.388127
vt 0.224007 0.380552
vt 0.220929 0.388355
vt 0.227387 0.379898
vt 0.225085 0.386474
vt 0.063837 0.815353
vt 0.058789 0.808517
vt 0.070310 0.818266
vt 0.077115 0.817563
vt 0.082939 0.813239
vt 0.879656 0.937288
vt 0.878227 0.932882
vt 0.872568 0.969101
vt 0.864973 0.969228
vt 0.864867 0.962875
vt 0.873189 0.963163
vt 0.857433 0.968345
vt 0.856640 0.961936
vt 0.864837 0.955646
vt 0.873414 0.956212
vt 0.856393 0.954500
vt 0.156628 0.912165
vt 0.158408 0.907686
vt 0.164086 0.909261
vt 0.159598 0.914531
vt 0.159642 0.900766
vt 0.166115 0.901958
vt 0.159437 0.893423
vt 0.165554 0.894017
vt 0.158318 0.888105
vt 0.161944 0.886840
vt 0.190543 0.377738
vt 0.192372 0.372022
vt 0.198384 0.375005
vt 0.196335 0.381703
vt 0.205797 0.377382
vt 0.203378 0.384560
vt 0.880681 0.956084
vt 0.880199 0.962880
vt 0.878802 0.968480
vt 0.216688 0.341500
vt 0.212993 0.354001
vt 0.204115 0.353186
vt 0.207216 0.341132
vt 0.209173 0.366632
vt 0.201076 0.365046
vt 0.195987 0.352306
vt 0.197933 0.340496
vt 0.194129 0.363282
vt 0.225683 0.341306
vt 0.221639 0.354312
vt 0.217204 0.367671
vt 0.188895 0.369281
vt 0.188937 0.362522
vt 0.189584 0.352278
vt 0.190080 0.340571
vt 0.131328 0.884642
vt 0.141939 0.888012
vt 0.141632 0.896848
vt 0.131221 0.894624
vt 0.151541 0.891184
vt 0.151343 0.898995
vt 0.141567 0.905715
vt 0.131306 0.904813
vt 0.150839 0.906636
vt 0.120747 0.870799
vt 0.132133 0.876526
vt 0.121125 0.881714
vt 0.142933 0.880822
vt 0.152276 0.884857
vt 0.150850 0.912853
vt 0.142089 0.913123
vt 0.131944 0.913582
vt 0.121290 0.904069
vt 0.120747 0.916626
vt 0.121325 0.892687
vt 0.494609 0.854976
vt 0.483554 0.858822
vt 0.483851 0.852631
vt 0.495042 0.848257
vt 0.472618 0.861700
vt 0.472927 0.855958
vt 0.484904 0.847598
vt 0.496060 0.842866
vt 0.474321 0.851340
vt 0.503988 0.850129
vt 0.463576 0.863639
vt 0.463983 0.858247
vt 0.466062 0.853895
vt 0.087000 0.805189
vt 0.090187 0.794648
vt 0.093466 0.783479
vt 0.097544 0.773859
vt 0.504613 0.842780
vt 0.505686 0.837167
vt 0.248774 0.333737
vt 0.244017 0.344732
vt 0.236483 0.352634
vt 0.241456 0.337860
vt 0.241509 0.352239
vt 0.236908 0.359133
vt 0.231655 0.369783
vt 0.229027 0.368464
vt 0.224016 0.368080
vt 0.229309 0.353861
vt 0.233812 0.340310
vt 0.253790 0.332399
vt 0.053241 0.770791
vt 0.051877 0.759080
vt 0.054708 0.778630
vt 0.054491 0.786316
vt 0.055804 0.797789
vt 0.058750 0.304839
vt 0.054649 0.315955
vt 0.046346 0.314060
vt 0.049416 0.302741
vt 0.051069 0.325638
vt 0.043601 0.324179
vt 0.038306 0.312145
vt 0.040803 0.300982
vt 0.036390 0.321927
vt 0.075355 0.297108
vt 0.067004 0.307451
vt 0.062624 0.294160
vt 0.061670 0.318039
vt 0.057241 0.326974
vt 0.053921 0.332413
vt 0.048647 0.333001
vt 0.041463 0.332071
vt 0.034797 0.329238
vt 0.030559 0.326068
vt 0.030468 0.320030
vt 0.031611 0.310708
vt 0.033853 0.299810
vt 0.043195 0.289796
vt 0.036209 0.288668
vt 0.052144 0.291735
vt 0.955740 0.717423
vt 0.956113 0.721591
vt 0.947202 0.721741
vt 0.947766 0.717436
vt 0.956164 0.726803
vt 0.946761 0.726978
vt 0.938664 0.722049
vt 0.940085 0.717847
vt 0.937777 0.727238
vt 0.055236 0.335411
vt 0.047996 0.337888
vt 0.962483 0.717516
vt 0.963834 0.721568
vt 0.964348 0.726799
vt 0.964348 0.732783
vt 0.955977 0.732725
vt 0.946410 0.732851
vt 0.937295 0.733057
vt 0.565110 0.784625
vt 0.559272 0.784634
vt 0.558556 0.776954
vt 0.564356 0.777031
vt 0.570328 0.784002
vt 0.569568 0.776711
vt 0.574568 0.782138
vt 0.573752 0.775749
vt 0.032891 0.333526
vt 0.027978 0.327694
vt 0.040053 0.337106
vt 0.732650 0.362916
vt 0.742273 0.367566
vt 0.740478 0.376610
vt 0.730731 0.372659
vt 0.751091 0.371208
vt 0.749721 0.379393
vt 0.738557 0.385936
vt 0.728672 0.383595
vt 0.747638 0.387400
vt 0.725439 0.349644
vt 0.734404 0.355467
vt 0.744031 0.360258
vt 0.752340 0.364547
vt 0.757499 0.367900
vt 0.758070 0.373513
vt 0.757244 0.381260
vt 0.754667 0.388541
vt 0.751764 0.393227
vt 0.745962 0.393888
vt 0.737145 0.393793
vt 0.727042 0.393353
vt 0.719973 0.380001
vt 0.716366 0.395022
vt 0.574581 0.747810
vt 0.574036 0.758265
vt 0.569299 0.757860
vt 0.569783 0.747339
vt 0.573678 0.767744
vt 0.569219 0.767825
vt 0.563914 0.757606
vt 0.564470 0.746919
vt 0.563914 0.767830
vt 0.029146 0.299409
vt 0.031517 0.288505
vt 0.026993 0.310202
vt 0.026266 0.319839
vt 0.558135 0.767656
vt 0.558170 0.757302
vt 0.558813 0.746426
vt 0.565713 0.736348
vt 0.570765 0.736952
vt 0.575419 0.737276
vt 0.252665 0.882668
vt 0.252766 0.891882
vt 0.247476 0.893051
vt 0.246596 0.884054
vt 0.252663 0.900223
vt 0.247855 0.901703
vt 0.241644 0.893736
vt 0.240831 0.885143
vt 0.242056 0.902465
vt 0.726820 0.399130
vt 0.717402 0.401721
vt 0.736830 0.398779
vt 0.746013 0.398160
vt 0.753541 0.395667
vt 0.252754 0.906350
vt 0.248184 0.908476
vt 0.242425 0.909536
vt 0.236197 0.909894
vt 0.235836 0.902620
vt 0.235620 0.893786
vt 0.235439 0.885440
vt 0.244618 0.876401
vt 0.251902 0.874799
vt 0.044942 0.260014
vt 0.055573 0.264292
vt 0.054975 0.273446
vt 0.045300 0.270012
vt 0.067995 0.270118
vt 0.066494 0.278020
vt 0.053949 0.282206
vt 0.044742 0.279631
vt 0.064965 0.285529
vt 0.036831 0.258988
vt 0.082056 0.276524
vt 0.079589 0.283025
vt 0.077653 0.289085
vt 0.037693 0.278324
vt 0.037975 0.268641
vt 0.552319 0.767365
vt 0.546999 0.767031
vt 0.546976 0.756727
vt 0.552389 0.756916
vt 0.542675 0.766895
vt 0.542327 0.757156
vt 0.547345 0.745768
vt 0.552995 0.745917
vt 0.542225 0.746445
vt 0.552652 0.776725
vt 0.547270 0.776188
vt 0.543031 0.775178
vt 0.760406 0.366458
vt 0.754488 0.360614
vt 0.745921 0.355701
vt 0.736030 0.350898
vt 0.537982 0.748445
vt 0.955731 0.738922
vt 0.955325 0.744737
vt 0.946084 0.744770
vt 0.946149 0.738975
vt 0.954751 0.749523
vt 0.946346 0.749653
vt 0.937337 0.744681
vt 0.937048 0.739070
vt 0.938402 0.749304
vt 0.964151 0.739019
vt 0.963476 0.744792
vt 0.962029 0.749381
vt 0.759011 0.390132
vt 0.762266 0.382411
vt 0.762869 0.374008
vt 0.547648 0.783723
vt 0.543055 0.781902
vt 0.553250 0.784446
vt 0.229794 0.902359
vt 0.224401 0.901494
vt 0.224104 0.891898
vt 0.229688 0.893127
vt 0.220074 0.899961
vt 0.219197 0.890376
vt 0.224403 0.882070
vt 0.230059 0.884174
vt 0.218648 0.879758
vt 0.230216 0.909894
vt 0.224979 0.909094
vt 0.220913 0.907065
vt 0.060979 0.329294
vt 0.066151 0.320533
vt 0.071852 0.310860
vt 0.079530 0.303355
vt 0.218903 0.870799
vt 0.225814 0.874100
vt 0.575665 0.711850
vt 0.577018 0.719071
vt 0.573501 0.721200
vt 0.570946 0.718162
vt 0.576531 0.727550
vt 0.572226 0.727595
vt 0.567782 0.726521
vt 0.581561 0.708713
vt 0.581530 0.718435
vt 0.033034 0.278510
vt 0.033365 0.269923
vt 0.717134 0.158883
vt 0.716496 0.144477
vt 0.722785 0.144038
vt 0.723040 0.158637
vt 0.716366 0.129448
vt 0.722683 0.129893
vt 0.729980 0.144913
vt 0.730198 0.159421
vt 0.729655 0.131273
vt 0.153015 0.302151
vt 0.139806 0.298832
vt 0.167105 0.305122
vt 0.181806 0.308300
vt 0.736859 0.120410
vt 0.737777 0.133122
vt 0.738313 0.146258
vt 0.738629 0.160515
vt 0.730241 0.174622
vt 0.723144 0.173535
vt 0.717546 0.172470
vt 0.794577 0.159698
vt 0.794368 0.144364
vt 0.806992 0.142694
vt 0.807111 0.158527
vt 0.794223 0.129937
vt 0.806925 0.127808
vt 0.819774 0.141366
vt 0.819802 0.157600
vt 0.819763 0.126136
vt 0.782285 0.160820
vt 0.782003 0.146010
vt 0.781713 0.132270
vt 0.729132 0.221194
vt 0.722572 0.219618
vt 0.722540 0.204097
vt 0.729633 0.205942
vt 0.716546 0.216873
vt 0.716366 0.200753
vt 0.722871 0.188693
vt 0.730042 0.190273
vt 0.716997 0.186029
vt 0.728856 0.235669
vt 0.723265 0.234612
vt 0.097439 0.282803
vt 0.093955 0.287937
vt 0.112781 0.288772
vt 0.126805 0.294285
vt 0.747450 0.135098
vt 0.758189 0.135812
vt 0.758590 0.147817
vt 0.747924 0.147381
vt 0.769640 0.134673
vt 0.770019 0.147281
vt 0.758931 0.161860
vt 0.748278 0.161431
vt 0.770339 0.161614
vt 0.747212 0.125838
vt 0.757789 0.127034
vt 0.768909 0.125199
vt 0.855366 0.510802
vt 0.858268 0.505322
vt 0.868162 0.507086
vt 0.865061 0.512577
vt 0.861767 0.500234
vt 0.870824 0.501771
vt 0.952584 0.465291
vt 0.958716 0.465598
vt 0.959980 0.475096
vt 0.954202 0.474747
vt 0.878801 0.503161
vt 0.877101 0.508391
vt 0.883779 0.500045
vt 0.884515 0.503842
vt 0.964830 0.474511
vt 0.963388 0.481862
vt 0.958508 0.483490
vt 0.949281 0.456096
vt 0.767285 0.927796
vt 0.764663 0.921569
vt 0.771360 0.915143
vt 0.774778 0.919679
vt 0.763521 0.913867
vt 0.769634 0.908781
vt 0.777808 0.909395
vt 0.781070 0.913089
vt 0.775798 0.904006
vt 0.759848 0.936445
vt 0.758329 0.928076
vt 0.757754 0.918855
vt 0.758016 0.908927
vt 0.763555 0.905013
vt 0.769324 0.900966
vt 0.775121 0.897123
vt 0.780748 0.893822
vt 0.781784 0.899911
vt 0.783959 0.904620
vt 0.786642 0.908105
vt 0.764524 0.895272
vt 0.766392 0.884689
vt 0.772185 0.882040
vt 0.770222 0.892000
vt 0.769176 0.873257
vt 0.775087 0.871207
vt 0.777952 0.879490
vt 0.775905 0.888881
vt 0.780988 0.869181
vt 0.759042 0.898389
vt 0.760908 0.887146
vt 0.763726 0.875054
vt 0.767610 0.861973
vt 0.772896 0.860964
vt 0.778799 0.859623
vt 0.784734 0.858181
vt 0.790116 0.856873
vt 0.786408 0.867451
vt 0.783355 0.877335
vt 0.781342 0.886225
vt 0.492856 0.616619
vt 0.491529 0.604622
vt 0.499517 0.600925
vt 0.501799 0.612127
vt 0.490570 0.592959
vt 0.497861 0.589870
vt 0.506545 0.595189
vt 0.509457 0.604810
vt 0.504324 0.585204
vt 0.489911 0.581239
vt 0.496722 0.578649
vt 0.502738 0.574751
vt 0.507531 0.569889
vt 0.509526 0.579375
vt 0.512163 0.587929
vt 0.515339 0.595375
vt 0.398257 0.846852
vt 0.402439 0.849262
vt 0.399865 0.856265
vt 0.395450 0.853728
vt 0.406847 0.851716
vt 0.404300 0.858354
vt 0.398026 0.865058
vt 0.393490 0.863456
vt 0.402459 0.866257
vt 0.792445 0.904432
vt 0.789778 0.900982
vt 0.787330 0.896790
vt 0.785958 0.891336
vt 0.411043 0.853828
vt 0.408462 0.859921
vt 0.406603 0.867079
vt 0.394794 0.844079
vt 0.777467 0.848028
vt 0.782412 0.835554
vt 0.787624 0.835795
vt 0.783129 0.847547
vt 0.787125 0.824725
vt 0.791808 0.825232
vt 0.792871 0.835879
vt 0.788868 0.846828
vt 0.796281 0.826160
vt 0.772546 0.848071
vt 0.778015 0.834771
vt 0.783319 0.823758
vt 0.787215 0.816922
vt 0.790858 0.816001
vt 0.795354 0.816352
vt 0.799163 0.818311
vt 0.801418 0.820653
vt 0.800180 0.826639
vt 0.797608 0.835611
vt 0.794054 0.845998
vt 0.489487 0.569064
vt 0.489241 0.556020
vt 0.495573 0.554373
vt 0.495992 0.566937
vt 0.489120 0.541692
vt 0.495365 0.540583
vt 0.501132 0.551776
vt 0.501716 0.563696
vt 0.500842 0.538696
vt 0.489072 0.525662
vt 0.495270 0.525193
vt 0.500704 0.524163
vt 0.504972 0.522367
vt 0.505141 0.536001
vt 0.505500 0.548348
vt 0.506235 0.559585
vt 0.858555 0.874036
vt 0.859531 0.866250
vt 0.865044 0.863212
vt 0.864284 0.870557
vt 0.860092 0.856943
vt 0.865511 0.854257
vt 0.871462 0.861351
vt 0.870966 0.868365
vt 0.871814 0.852661
vt 0.786273 0.884277
vt 0.788068 0.875802
vt 0.790931 0.866232
vt 0.794451 0.855889
vt 0.860460 0.846623
vt 0.865843 0.844175
vt 0.872106 0.842734
vt 0.870246 0.873264
vt 0.863073 0.875808
vt 0.790320 0.883029
vt 0.790307 0.889679
vt 0.793031 0.809237
vt 0.794267 0.804246
vt 0.799890 0.804619
vt 0.798038 0.809480
vt 0.321502 0.875861
vt 0.322698 0.881679
vt 0.317408 0.881612
vt 0.316595 0.875714
vt 0.315351 0.870799
vt 0.310931 0.875734
vt 0.310446 0.870959
vt 0.311276 0.881603
vt 0.787394 0.812773
vt 0.499705 0.469261
vt 0.495046 0.465016
vt 0.495307 0.458830
vt 0.500138 0.464049
vt 0.489232 0.462154
vt 0.489438 0.455585
vt 0.305298 0.881633
vt 0.305426 0.875784
vt 0.305813 0.871174
vt 0.801866 0.812589
vt 0.803861 0.817992
vt 0.489054 0.507919
vt 0.489064 0.490078
vt 0.495116 0.491267
vt 0.495201 0.508223
vt 0.489113 0.474158
vt 0.495017 0.476268
vt 0.500331 0.492596
vt 0.500579 0.508261
vt 0.499915 0.479074
vt 0.502548 0.473291
vt 0.503537 0.481059
vt 0.504378 0.493233
vt 0.504798 0.507608
vt 0.860842 0.835888
vt 0.861389 0.825703
vt 0.866581 0.823214
vt 0.866180 0.833529
vt 0.862153 0.817094
vt 0.867051 0.814187
vt 0.872722 0.821622
vt 0.872405 0.832096
vt 0.873051 0.812272
vt 0.856393 0.850070
vt 0.856819 0.839074
vt 0.857525 0.828698
vt 0.803538 0.825524
vt 0.801423 0.834794
vt 0.862757 0.810957
vt 0.867457 0.807328
vt 0.873367 0.804996
s 1
usemtl pelaje
f 1127/1/1127 1128/2/1128 1131/3/1131 1130/4/1130
f 1128/2/1128 1129/5/1129 1132/6/1132 1131/3/1131
f 1130/4/1130 1131/3/1131 1134/7/1134 1133/8/1133
f 1131/3/1131 1132/6/1132 1135/9/1135 1134/7/1134
f 32/10/32 382/11/382 1127/1/1127 322/12/322
f 382/11/382 381/13/381 1128/2/1128 1127/1/1127
f 381/13/381 380/14/380 1129/5/1129 1128/2/1128
f 380/14/380 35/15/35 239/16/239 1129/5/1129
f 1129/5/1129 239/16/239 240/17/240 1132/6/1132
f 1132/6/1132 240/17/240 241/18/241 1135/9/1135
f 1135/9/1135 241/18/241 3/19/3 194/20/194
f 1134/7/1134 1135/9/1135 194/20/194 195/21/195
f 1133/8/1133 1134/7/1134 195/21/195 196/22/196
f 320/23/320 1133/8/1133 196/22/196 5/24/5
f 321/25/321 1130/4/1130 1133/8/1133 320/23/320
f 322/12/322 1127/1/1127 1130/4/1130 321/25/321
f 1136/26/1136 1137/27/1137 1140/28/1140 1139/29/1139
f 1137/27/1137 1138/30/1138 1141/31/1141 1140/28/1140
f 1139/29/1139 1140/28/1140 1143/32/1143 1142/33/1142
f 1140/28/1140 1141/31/1141 1144/34/1144 1143/32/1143
f 26/35/26 310/36/310 1136/26/1136 233/37/233
f 310/36/310 309/38/309 1137/27/1137 1136/26/1136
f 309/38/309 308/39/308 1138/30/1138 1137/27/1137
f 308/39/308 28/40/28 236/41/236 1138/30/1138
f 1138/30/1138 236/41/236 237/42/237 1141/31/1141
f 1141/31/1141 237/42/237 238/43/238 1144/34/1144
f 1144/34/1144 238/43/238 7/44/7 205/45/205
f 1143/32/1143 1144/34/1144 205/45/205 204/46/204
f 1142/33/1142 1143/32/1143 204/46/204 203/47/203
f 235/48/235 1142/33/1142 203/47/203 8/49/8
f 234/50/234 1139/29/1139 1142/33/1142 235/48/235
f 233/37/233 1136/26/1136 1139/29/1139 234/50/234
f 1145/51/1145 1146/52/1146 1149/53/1149 1148/54/1148
f 1146/52/1146 1147/55/1147 1150/56/1150 1149/53/1149
f 1148/54/1148 1149/53/1149 1152/57/1152 1151/58/1151
f 1149/53/1149 1150/56/1150 1153/59/1153 1152/57/1152
f 36/60/36 379/61/379 1145/51/1145 242/62/242
f 379/61/379 378/63/378 1146/52/1146 1145/51/1145
f 378/63/378 377/64/377 1147/55/1147 1146/52/1146
f 377/64/377 30/65/30 191/66/191 1147/55/1147
f 1147/55/1147 191/66/191 192/67/192 1150/56/1150
f 1150/56/1150 192/67/192 193/68/193 1153/59/1153
f 1153/59/1153 193/68/193 6/69/6 188/70/188
f 1152/57/1152 1153/59/1153 188/70/188 189/71/189
f 1151/58/1151 1152/57/1152 189/71/189 190/72/190
f 244/73/244 1151/58/1151 190/72/190 4/74/4
f 243/75/243 1148/54/1148 1151/58/1151 244/73/244
f 242/62/242 1145/51/1145 1148/54/1148 243/75/243
f 1154/76/1154 1155/77/1155 1158/78/1158 1157/79/1157
f 1155/77/1155 1156/80/1156 1159/81/1159 1158/78/1158
f 1157/79/1157 1158/78/1158 1161/82/1161 1160/83/1160
f 1158/78/1158 1159/81/1159 1162/84/1162 1161/82/1161
f 28/40/28 304/85/304 1154/76/1154 236/41/236
f 304/85/304 303/86/303 1155/77/1155 1154/76/1154
f 303/86/303 302/87/302 1156/80/1156 1155/77/1155
f 302/87/302 20/88/20 200/89/200 1156/80/1156
f 1156/80/1156 200/89/200 201/90/201 1159/81/1159
f 1159/81/1159 201/90/201 202/91/202 1162/84/1162
f 1162/92/1162 202/93/202 2/94/2 172/95/172
f 1161/82/1161 1162/84/1162 172/96/172 171/97/171
f 1160/83/1160 1161/82/1161 171/97/171 170/98/170
f 238/43/238 1160/83/1160 170/98/170 7/44/7
f 237/42/237 1157/79/1157 1160/83/1160 238/43/238
f 236/41/236 1154/76/1154 1157/79/1157 237/42/237
f 1164/99/1164 1165/100/1165 1163/101/1163 1173/102/1173
f 1166/103/1166 1167/104/1167 1163/101/1163 1165/100/1165
f 1168/105/1168 1169/106/1169 1163/101/1163 1167/104/1167
f 1170/107/1170 1171/108/1171 1163/101/1163 1169/106/1169
f 1172/109/1172 1173/102/1173 1163/101/1163 1171/108/1171
f 55/110/55 469/111/469 1164/99/1164 499/112/499
f 469/111/469 468/113/468 1165/100/1165 1164/99/1164
f 499/112/499 1164/99/1164 1173/102/1173 498/114/498
f 5/24/5 506/115/506 1166/103/1166 467/116/467
f 506/115/506 507/117/507 1167/104/1167 1166/103/1166
f 467/116/467 1166/103/1166 1165/100/1165 468/113/468
f 62/118/62 494/119/494 1168/105/1168 508/120/508
f 494/119/494 495/121/495 1169/106/1169 1168/105/1168
f 508/120/508 1168/105/1168 1167/104/1167 507/117/507
f 61/122/61 488/123/488 1170/107/1170 496/124/496
f 488/123/488 489/125/489 1171/108/1171 1170/107/1170
f 496/124/496 1170/107/1170 1169/106/1169 495/121/495
f 58/126/58 497/127/497 1172/109/1172 490/128/490
f 497/127/497 498/114/498 1173/102/1173 1172/109/1172
f 490/128/490 1172/109/1172 1171/108/1171 489/125/489
f 1174/129/1174 1175/130/1175 1178/131/1178 1177/132/1177
f 1175/130/1175 1176/133/1176 1179/134/1179 1178/131/1178
f 1177/132/1177 1178/131/1178 1181/135/1181 1180/136/1180
f 1178/131/1178 1179/134/1179 1182/137/1182 1181/135/1181
f 38/138/38 373/139/373 1174/129/1174 290/140/290
f 373/139/373 372/141/372 1175/130/1175 1174/129/1174
f 372/141/372 371/142/371 1176/133/1176 1175/130/1175
f 371/142/371 31/143/31 319/144/319 1176/133/1176
f 1176/133/1176 319/144/319 318/145/318 1179/134/1179
f 1179/134/1179 318/145/318 317/146/317 1182/137/1182
f 1182/137/1182 317/146/317 2/94/2 202/93/202
f 1181/135/1181 1182/137/1182 202/93/202 201/147/201
f 1180/136/1180 1181/135/1181 201/147/201 200/148/200
f 292/149/292 1180/136/1180 200/148/200 20/150/20
f 291/151/291 1177/132/1177 1180/136/1180 292/149/292
f 290/140/290 1174/129/1174 1177/132/1177 291/151/291
f 1183/152/1183 1184/153/1184 1187/154/1187 1186/155/1186
f 1184/153/1184 1185/156/1185 1188/157/1188 1187/154/1187
f 1186/155/1186 1187/154/1187 1190/158/1190 1189/159/1189
f 1187/154/1187 1188/157/1188 1191/160/1191 1190/158/1190
f 17/161/17 286/162/286 1183/152/1183 247/163/247
f 286/162/286 285/164/285 1184/153/1184 1183/152/1183
f 285/164/285 284/165/284 1185/156/1185 1184/153/1184
f 284/165/284 26/35/26 233/37/233 1185/156/1185
f 1185/156/1185 233/37/233 234/50/234 1188/157/1188
f 1188/157/1188 234/50/234 235/48/235 1191/160/1191
f 1191/160/1191 235/48/235 8/49/8 214/166/214
f 1190/158/1190 1191/160/1191 214/166/214 213/167/213
f 1189/159/1189 1190/158/1190 213/167/213 212/168/212
f 245/169/245 1189/159/1189 212/168/212 1/170/1
f 246/171/246 1186/155/1186 1189/159/1189 245/169/245
f 247/163/247 1183/152/1183 1186/155/1186 246/171/246
f 1193/172/1193 1194/173/1194 1192/174/1192 1204/175/1204
f 1195/176/1195 1196/177/1196 1192/174/1192 1194/173/1194
f 1197/178/1197 1198/179/1198 1192/174/1192 1196/177/1196
f 1199/180/1199 1200/181/1200 1192/182/1192 1198/183/1198
f 1201/184/1201 1202/185/1202 1192/186/1192 1200/187/1200
f 1203/188/1203 1204/189/1204 1192/186/1192 1202/185/1202
f 33/190/33 370/191/370 1193/172/1193 608/192/608
f 370/191/370 369/193/369 1194/173/1194 1193/172/1193
f 608/192/608 1193/172/1193 1204/175/1204 609/194/609
f 34/195/34 230/196/230 1195/176/1195 368/197/368
f 230/196/230 231/198/231 1196/177/1196 1195/176/1195
f 368/197/368 1195/176/1195 1194/173/1194 369/193/369
f 15/199/15 605/200/605 1197/178/1197 232/201/232
f 605/200/605 606/202/606 1198/179/1198 1197/178/1197
f 232/201/232 1197/178/1197 1196/177/1196 231/198/231
f 80/203/80 611/204/611 1199/180/1199 607/205/607
f 611/204/611 612/206/612 1200/181/1200 1199/180/1199
f 607/205/607 1199/180/1199 1198/183/1198 606/207/606
f 82/208/82 614/209/614 1201/184/1201 613/210/613
f 614/209/614 615/211/615 1202/185/1202 1201/184/1201
f 613/212/613 1201/213/1201 1200/181/1200 612/206/612
f 81/214/81 610/215/610 1203/188/1203 616/216/616
f 610/215/610 609/217/609 1204/189/1204 1203/188/1203
f 616/216/616 1203/188/1203 1202/185/1202 615/211/615
f 1206/218/1206 1207/219/1207 1205/220/1205 1215/221/1215
f 1208/222/1208 1209/223/1209 1205/220/1205 1207/219/1207
f 1210/224/1210 1211/225/1211 1205/220/1205 1209/223/1209
f 1212/226/1212 1213/227/1213 1205/220/1205 1211/225/1211
f 1214/228/1214 1215/221/1215 1205/220/1205 1213/227/1213
f 29/229/29 367/230/367 1206/218/1206 313/231/313
f 367/230/367 366/232/366 1207/219/1207 1206/218/1206
f 313/231/313 1206/218/1206 1215/221/1215 312/233/312
f 33/190/33 608/192/608 1208/222/1208 365/234/365
f 608/192/608 609/194/609 1209/223/1209 1208/222/1208
f 365/234/365 1208/222/1208 1207/219/1207 366/232/366
f 81/214/81 227/235/227 1210/236/1210 610/215/610
f 227/237/227 228/238/228 1211/225/1211 1210/224/1210
f 610/239/610 1210/224/1210 1209/223/1209 609/194/609
f 16/240/16 224/241/224 1212/226/1212 229/242/229
f 224/241/224 225/243/225 1213/227/1213 1212/226/1212
f 229/242/229 1212/226/1212 1211/225/1211 228/238/228
f 9/244/9 311/245/311 1214/228/1214 226/246/226
f 311/245/311 312/233/312 1215/221/1215 1214/228/1214
f 226/246/226 1214/228/1214 1213/227/1213 225/243/225
f 1216/247/1216 1217/248/1217 1220/249/1220 1219/250/1219
f 1217/251/1217 1218/252/1218 1221/253/1221 1220/254/1220
f 1219/250/1219 1220/249/1220 1223/255/1223 1222/256/1222
f 1220/254/1220 1221/253/1221 1224/257/1224 1223/258/1223
f 34/195/34 364/259/364 1216/247/1216 230/196/230
f 364/259/364 363/260/363 1217/248/1217 1216/247/1216
f 363/261/363 362/262/362 1218/252/1218 1217/251/1217
f 362/262/362 31/143/31 206/263/206 1218/252/1218
f 1218/252/1218 206/263/206 207/264/207 1221/253/1221
f 1221/253/1221 207/264/207 208/265/208 1224/257/1224
f 1224/257/1224 208/265/208 10/266/10 176/267/176
f 1223/258/1223 1224/257/1224 176/267/176 177/268/177
f 1222/256/1222 1223/255/1223 177/269/177 178/270/178
f 232/201/232 1222/256/1222 178/270/178 15/199/15
f 231/198/231 1219/250/1219 1222/256/1222 232/201/232
f 230/196/230 1216/247/1216 1219/250/1219 231/198/231
f 1225/271/1225 1226/272/1226 1229/273/1229 1228/274/1228
f 1226/272/1226 1227/275/1227 1230/276/1230 1229/273/1229
f 1228/274/1228 1229/273/1229 1232/277/1232 1231/278/1231
f 1229/273/1229 1230/276/1230 1233/279/1233 1232/277/1232
f 35/15/35 361/280/361 1225/271/1225 239/16/239
f 361/280/361 360/281/360 1226/272/1226 1225/271/1225
f 360/281/360 359/282/359 1227/275/1227 1226/272/1226
f 359/282/359 36/60/36 242/62/242 1227/275/1227
f 1227/275/1227 242/62/242 243/75/243 1230/276/1230
f 1230/276/1230 243/75/243 244/73/244 1233/279/1233
f 1233/279/1233 244/73/244 4/74/4 185/283/185
f 1232/277/1232 1233/279/1233 185/283/185 186/284/186
f 1231/278/1231 1232/277/1232 186/284/186 187/285/187
f 241/18/241 1231/278/1231 187/285/187 3/19/3
f 240/17/240 1228/274/1228 1231/278/1231 241/18/241
f 239/16/239 1225/271/1225 1228/274/1228 240/17/240
f 1234/286/1234 1235/287/1235 1238/288/1238 1237/289/1237
f 1235/287/1235 1236/290/1236 1239/291/1239 1238/288/1238
f 1237/289/1237 1238/288/1238 1241/292/1241 1240/293/1240
f 1238/288/1238 1239/291/1239 1242/294/1242 1241/292/1241
f 41/295/41 424/296/424 1234/286/1234 385/297/385
f 424/296/424 423/298/423 1235/287/1235 1234/286/1234
f 423/298/423 422/299/422 1236/290/1236 1235/287/1235
f 422/299/422 45/300/45 269/301/269 1236/290/1236
f 1236/290/1236 269/301/269 270/302/270 1239/291/1239
f 1239/291/1239 270/302/270 271/303/271 1242/294/1242
f 1242/294/1242 271/303/271 25/304/25 281/305/281
f 1241/292/1241 1242/294/1242 281/305/281 282/306/282
f 1240/293/1240 1241/292/1241 282/306/282 283/307/283
f 383/308/383 1240/293/1240 283/307/283 18/309/18
f 384/310/384 1237/289/1237 1240/293/1240 383/308/383
f 385/297/385 1234/286/1234 1237/289/1237 384/310/384
f 1244/311/1244 1245/312/1245 1243/313/1243 1253/314/1253
f 1246/315/1246 1247/316/1247 1243/313/1243 1245/312/1245
f 1248/317/1248 1249/318/1249 1243/313/1243 1247/316/1247
f 1250/319/1250 1251/320/1251 1243/313/1243 1249/318/1249
f 1252/321/1252 1253/314/1253 1243/313/1243 1251/320/1251
f 18/309/18 283/307/283 1244/311/1244 250/322/250
f 283/307/283 282/306/282 1245/312/1245 1244/311/1244
f 250/322/250 1244/311/1244 1253/314/1253 249/323/249
f 25/304/25 272/324/272 1246/315/1246 281/305/281
f 272/324/272 273/325/273 1247/316/1247 1246/315/1246
f 281/305/281 1246/315/1246 1245/312/1245 282/306/282
f 26/35/26 284/165/284 1248/317/1248 274/326/274
f 284/165/284 285/164/285 1249/318/1249 1248/317/1248
f 274/326/274 1248/317/1248 1247/316/1247 273/325/273
f 17/161/17 578/327/578 1250/319/1250 286/162/286
f 578/327/578 579/328/579 1251/320/1251 1250/319/1250
f 286/162/286 1250/319/1250 1249/318/1249 285/164/285
f 76/329/76 248/330/248 1252/321/1252 580/331/580
f 248/330/248 249/323/249 1253/314/1253 1252/321/1252
f 580/331/580 1252/321/1252 1251/320/1251 579/328/579
f 1254/332/1254 1255/333/1255 1258/334/1258 1257/335/1257
f 1255/333/1255 1256/336/1256 1259/337/1259 1258/334/1258
f 1257/335/1257 1258/334/1258 1261/338/1261 1260/339/1260
f 1258/334/1258 1259/337/1259 1262/340/1262 1261/338/1261
f 37/341/37 287/342/287 1254/332/1254 445/343/445
f 287/342/287 288/344/288 1255/333/1255 1254/332/1254
f 288/344/288 289/345/289 1256/336/1256 1255/333/1255
f 289/345/289 19/346/19 599/347/599 1256/336/1256
f 1256/336/1256 599/347/599 600/348/600 1259/337/1259
f 1259/349/1259 600/350/600 601/351/601 1262/352/1262
f 1262/352/1262 601/351/601 79/353/79 604/354/604
f 1261/355/1261 1262/352/1262 604/354/604 603/356/603
f 1260/357/1260 1261/355/1261 603/356/603 602/358/602
f 443/359/443 1260/339/1260 602/360/602 78/361/78
f 444/362/444 1257/335/1257 1260/339/1260 443/359/443
f 445/343/445 1254/332/1254 1257/335/1257 444/362/444
f 1263/363/1263 1264/364/1264 1267/365/1267 1266/366/1266
f 1264/364/1264 1265/367/1265 1268/368/1268 1267/365/1267
f 1266/366/1266 1267/365/1267 1270/369/1270 1269/370/1269
f 1267/365/1267 1268/368/1268 1271/371/1271 1270/369/1270
f 37/341/37 355/372/355 1263/363/1263 287/342/287
f 355/372/355 354/373/354 1264/364/1264 1263/363/1263
f 354/373/354 353/374/353 1265/367/1265 1264/364/1264
f 353/374/353 38/138/38 290/140/290 1265/367/1265
f 1265/367/1265 290/140/290 291/151/291 1268/368/1268
f 1268/368/1268 291/151/291 292/149/292 1271/371/1271
f 1271/371/1271 292/149/292 20/150/20 256/375/256
f 1270/369/1270 1271/371/1271 256/375/256 255/376/255
f 1269/370/1269 1270/369/1270 255/376/255 254/377/254
f 289/345/289 1269/370/1269 254/377/254 19/346/19
f 288/344/288 1266/366/1266 1269/370/1269 289/345/289
f 287/342/287 1263/363/1263 1266/366/1266 288/344/288
f 1272/378/1272 1273/379/1273 1276/380/1276 1275/381/1275
f 1273/379/1273 1274/382/1274 1277/383/1277 1276/380/1276
f 1275/381/1275 1276/380/1276 1279/384/1279 1278/385/1278
f 1276/380/1276 1277/383/1277 1280/386/1280 1279/384/1279
f 29/229/29 352/387/352 1272/378/1272 167/388/167
f 352/387/352 351/389/351 1273/379/1273 1272/378/1272
f 351/389/351 350/390/350 1274/382/1274 1273/379/1273
f 350/390/350 63/391/63 520/392/520 1274/382/1274
f 1274/382/1274 520/392/520 519/393/519 1277/383/1277
f 1277/383/1277 519/393/519 518/394/518 1280/386/1280
f 1280/386/1280 518/394/518 73/395/73 569/396/569
f 1279/384/1279 1280/386/1280 569/396/569 570/397/570
f 1278/385/1278 1279/384/1279 570/397/570 571/398/571
f 169/399/169 1278/385/1278 571/398/571 1/400/1
f 168/401/168 1275/381/1275 1278/385/1278 169/399/169
f 167/388/167 1272/378/1272 1275/381/1275 168/401/168
f 1282/402/1282 1283/403/1283 1281/404/1281 1291/405/1291
f 1284/406/1284 1285/407/1285 1281/404/1281 1283/403/1283
f 1286/408/1286 1287/409/1287 1281/404/1281 1285/407/1285
f 1288/410/1288 1289/411/1289 1281/404/1281 1287/409/1287
f 1290/412/1290 1291/405/1291 1281/404/1281 1289/411/1289
f 39/413/39 349/414/349 1282/402/1282 554/415/554
f 349/414/349 348/416/348 1283/403/1283 1282/402/1282
f 554/415/554 1282/402/1282 1291/405/1291 555/417/555
f 74/418/74 587/419/587 1284/406/1284 347/420/347
f 587/419/587 588/421/588 1285/407/1285 1284/406/1284
f 347/420/347 1284/406/1284 1283/403/1283 348/416/348
f 77/422/77 590/423/590 1286/408/1286 589/424/589
f 590/423/590 591/425/591 1287/409/1287 1286/408/1286
f 589/424/589 1286/408/1286 1285/407/1285 588/421/588
f 64/426/64 514/427/514 1288/410/1288 592/428/592
f 514/427/514 513/429/513 1289/411/1289 1288/410/1288
f 592/428/592 1288/410/1288 1287/409/1287 591/425/591
f 72/430/72 556/431/556 1290/432/1290 512/433/512
f 556/434/556 555/417/555 1291/405/1291 1290/412/1290
f 512/435/512 1290/412/1290 1289/411/1289 513/429/513
f 1292/436/1292 1293/437/1293 1296/438/1296 1295/439/1295
f 1293/437/1293 1294/440/1294 1297/441/1297 1296/438/1296
f 1295/439/1295 1296/438/1296 1299/442/1299 1298/443/1298
f 1296/438/1296 1297/441/1297 1300/444/1300 1299/442/1299
f 46/445/46 418/446/418 1292/436/1292 275/447/275
f 418/446/418 417/448/417 1293/437/1293 1292/436/1292
f 417/448/417 416/449/416 1294/440/1294 1293/437/1293
f 416/449/416 43/450/43 251/451/251 1294/440/1294
f 1294/440/1294 251/451/251 252/452/252 1297/441/1297
f 1297/441/1297 252/452/252 253/453/253 1300/444/1300
f 1300/444/1300 253/453/253 19/454/19 299/455/299
f 1299/442/1299 1300/444/1300 299/455/299 300/456/300
f 1298/443/1298 1299/442/1299 300/456/300 301/457/301
f 277/458/277 1298/443/1298 301/457/301 27/459/27
f 276/460/276 1295/439/1295 1298/443/1298 277/458/277
f 275/447/275 1292/436/1292 1295/439/1295 276/460/276
f 1301/461/1301 1302/462/1302 1305/463/1305 1304/464/1304
f 1302/462/1302 1303/465/1303 1306/466/1306 1305/463/1305
f 1304/464/1304 1305/463/1305 1308/467/1308 1307/468/1307
f 1305/463/1305 1306/466/1306 1309/469/1309 1308/467/1308
f 27/459/27 301/457/301 1301/461/1301 278/470/278
f 301/457/301 300/456/300 1302/462/1302 1301/461/1301
f 300/456/300 299/455/299 1303/465/1303 1302/462/1302
f 299/455/299 19/454/19 254/471/254 1303/465/1303
f 1303/465/1303 254/471/254 255/472/255 1306/466/1306
f 1306/466/1306 255/472/255 256/473/256 1309/469/1309
f 1309/469/1309 256/473/256 20/88/20 302/87/302
f 1308/467/1308 1309/469/1309 302/87/302 303/86/303
f 1307/468/1307 1308/467/1308 303/86/303 304/85/304
f 280/474/280 1307/468/1307 304/85/304 28/40/28
f 279/475/279 1304/464/1304 1307/468/1307 280/474/280
f 278/470/278 1301/461/1301 1304/464/1304 279/475/279
f 1310/476/1310 1311/477/1311 1314/478/1314 1313/479/1313
f 1311/477/1311 1312/480/1312 1315/481/1315 1314/478/1314
f 1313/479/1313 1314/478/1314 1317/482/1317 1316/483/1316
f 1314/478/1314 1315/481/1315 1318/484/1318 1317/482/1317
f 45/300/45 415/485/415 1310/476/1310 269/301/269
f 415/485/415 414/486/414 1311/477/1311 1310/476/1310
f 414/486/414 413/487/413 1312/480/1312 1311/477/1311
f 413/487/413 46/445/46 275/447/275 1312/480/1312
f 1312/480/1312 275/447/275 276/460/276 1315/481/1315
f 1315/481/1315 276/460/276 277/458/277 1318/484/1318
f 1318/484/1318 277/458/277 27/459/27 305/488/305
f 1317/482/1317 1318/484/1318 305/488/305 306/489/306
f 1316/483/1316 1317/482/1317 306/489/306 307/490/307
f 271/303/271 1316/483/1316 307/490/307 25/304/25
f 270/302/270 1313/479/1313 1316/483/1316 271/303/271
f 269/301/269 1310/476/1310 1313/479/1313 270/302/270
f 1319/491/1319 1320/492/1320 1323/493/1323 1322/494/1322
f 1320/492/1320 1321/495/1321 1324/496/1324 1323/493/1323
f 1322/494/1322 1323/493/1323 1326/497/1326 1325/498/1325
f 1323/493/1323 1324/496/1324 1327/499/1327 1326/497/1326
f 25/304/25 307/490/307 1319/491/1319 272/324/272
f 307/490/307 306/489/306 1320/492/1320 1319/491/1319
f 306/489/306 305/488/305 1321/495/1321 1320/492/1320
f 305/488/305 27/459/27 278/470/278 1321/495/1321
f 1321/495/1321 278/470/278 279/475/279 1324/496/1324
f 1324/496/1324 279/475/279 280/474/280 1327/499/1327
f 1327/499/1327 280/474/280 28/40/28 308/39/308
f 1326/497/1326 1327/499/1327 308/39/308 309/38/309
f 1325/498/1325 1326/497/1326 309/38/309 310/36/310
f 274/326/274 1325/498/1325 310/36/310 26/35/26
f 273/325/273 1322/494/1322 1325/498/1325 274/326/274
f 272/324/272 1319/491/1319 1322/494/1322 273/325/273
f 1328/500/1328 1329/501/1329 1332/502/1332 1331/503/1331
f 1329/501/1329 1330/504/1330 1333/505/1333 1332/502/1332
f 1331/503/1331 1332/502/1332 1335/506/1335 1334/507/1334
f 1332/502/1332 1333/505/1333 1336/508/1336 1335/506/1335
f 24/509/24 268/510/268 1328/500/1328 341/511/341
f 268/510/268 267/512/267 1329/501/1329 1328/500/1328
f 267/512/267 266/513/266 1330/504/1330 1329/501/1329
f 266/513/266 75/514/75 584/515/584 1330/504/1330
f 1330/504/1330 584/515/584 585/516/585 1333/505/1333
f 1333/505/1333 585/516/585 586/517/586 1336/508/1336
f 1336/508/1336 586/517/586 74/418/74 347/420/347
f 1335/506/1335 1336/508/1336 347/420/347 348/416/348
f 1334/507/1334 1335/506/1335 348/416/348 349/414/349
f 343/518/343 1334/507/1334 349/414/349 39/413/39
f 342/519/342 1331/503/1331 1334/507/1334 343/518/343
f 341/511/341 1328/500/1328 1331/503/1331 342/519/342
f 1338/520/1338 1339/521/1339 1337/522/1337 1347/523/1347
f 1340/524/1340 1341/525/1341 1337/522/1337 1339/521/1339
f 1342/526/1342 1343/527/1343 1337/522/1337 1341/525/1341
f 1344/528/1344 1345/529/1345 1337/522/1337 1343/527/1343
f 1346/530/1346 1347/531/1347 1337/532/1337 1345/533/1345
f 9/244/9 220/534/220 1338/535/1338 311/245/311
f 220/536/220 219/537/219 1339/521/1339 1338/520/1338
f 311/245/311 1338/535/1338 1347/531/1347 312/233/312
f 24/509/24 341/511/341 1340/524/1340 218/538/218
f 341/511/341 342/519/342 1341/525/1341 1340/524/1340
f 218/538/218 1340/524/1340 1339/521/1339 219/537/219
f 39/413/39 509/539/509 1342/526/1342 343/518/343
f 509/539/509 510/540/510 1343/527/1343 1342/526/1342
f 343/518/343 1342/526/1342 1341/525/1341 342/519/342
f 63/391/63 350/390/350 1344/541/1344 511/542/511
f 350/390/350 351/389/351 1345/533/1345 1344/541/1344
f 511/543/511 1344/528/1344 1343/527/1343 510/540/510
f 29/229/29 313/231/313 1346/530/1346 352/387/352
f 313/231/313 312/233/312 1347/531/1347 1346/530/1346
f 352/387/352 1346/530/1346 1345/533/1345 351/389/351
f 1348/544/1348 1349/545/1349 1352/546/1352 1351/547/1351
f 1349/545/1349 1350/548/1350 1353/549/1353 1352/546/1352
f 1351/547/1351 1352/546/1352 1355/550/1355 1354/551/1354
f 1352/546/1352 1353/549/1353 1356/552/1356 1355/550/1355
f 22/553/22 262/554/262 1348/544/1348 335/555/335
f 262/554/262 261/556/261 1349/545/1349 1348/544/1348
f 261/556/261 260/557/260 1350/548/1350 1349/545/1349
f 260/557/260 21/558/21 338/559/338 1350/548/1350
f 1350/548/1350 338/559/338 339/560/339 1353/549/1353
f 1353/549/1353 339/560/339 340/561/340 1356/552/1356
f 1356/552/1356 340/561/340 38/138/38 353/374/353
f 1355/550/1355 1356/552/1356 353/374/353 354/373/354
f 1354/551/1354 1355/550/1355 354/373/354 355/372/355
f 337/562/337 1354/551/1354 355/372/355 37/341/37
f 336/563/336 1351/547/1351 1354/551/1354 337/562/337
f 335/555/335 1348/544/1348 1351/547/1351 336/563/336
f 1357/564/1357 1358/565/1358 1361/566/1361 1360/567/1360
f 1358/565/1358 1359/568/1359 1362/569/1362 1361/566/1361
f 1360/567/1360 1361/566/1361 1364/570/1364 1363/571/1363
f 1361/566/1361 1362/569/1362 1365/572/1365 1364/570/1364
f 42/573/42 388/574/388 1357/564/1357 410/575/410
f 388/574/388 387/576/387 1358/565/1358 1357/564/1357
f 387/576/387 386/577/386 1359/568/1359 1358/565/1358
f 386/577/386 22/553/22 335/555/335 1359/568/1359
f 1359/568/1359 335/555/335 336/563/336 1362/569/1362
f 1362/569/1362 336/563/336 337/562/337 1365/572/1365
f 1365/572/1365 337/562/337 37/341/37 401/578/401
f 1364/570/1364 1365/572/1365 401/578/401 402/579/402
f 1363/571/1363 1364/570/1364 402/579/402 403/580/403
f 412/581/412 1363/571/1363 403/580/403 47/582/47
f 411/583/411 1360/567/1360 1363/571/1363 412/581/412
f 410/575/410 1357/564/1357 1360/567/1360 411/583/411
f 1366/584/1366 1367/585/1367 1370/586/1370 1369/587/1369
f 1367/585/1367 1368/588/1368 1371/589/1371 1370/586/1370
f 1369/587/1369 1370/586/1370 1373/590/1373 1372/591/1372
f 1370/586/1370 1371/589/1371 1374/592/1374 1373/590/1373
f 14/593/14 181/594/181 1366/584/1366 329/595/329
f 181/594/181 180/596/180 1367/585/1367 1366/584/1366
f 180/596/180 179/597/179 1368/588/1368 1367/585/1367
f 179/597/179 13/598/13 332/599/332 1368/588/1368
f 1368/588/1368 332/599/332 333/600/333 1371/589/1371
f 1371/589/1371 333/600/333 334/601/334 1374/592/1374
f 1374/592/1374 334/601/334 36/60/36 359/282/359
f 1373/590/1373 1374/592/1374 359/282/359 360/281/360
f 1372/591/1372 1373/590/1373 360/281/360 361/280/361
f 331/602/331 1372/591/1372 361/280/361 35/15/35
f 330/603/330 1369/587/1369 1372/591/1372 331/602/331
f 329/595/329 1366/584/1366 1369/587/1369 330/603/330
f 1375/604/1375 1376/605/1376 1379/606/1379 1378/607/1378
f 1376/608/1376 1377/609/1377 1380/610/1380 1379/611/1379
f 1378/612/1378 1379/613/1379 1382/614/1382 1381/615/1381
f 1379/611/1379 1380/610/1380 1383/616/1383 1382/617/1382
f 7/44/7 170/98/170 1375/604/1375 326/618/326
f 170/98/170 171/97/171 1376/605/1376 1375/604/1375
f 171/97/171 172/96/172 1377/619/1377 1376/605/1376
f 172/95/172 2/94/2 317/146/317 1377/609/1377
f 1377/609/1377 317/146/317 318/145/318 1380/610/1380
f 1380/610/1380 318/145/318 319/144/319 1383/616/1383
f 1383/616/1383 319/144/319 31/143/31 362/262/362
f 1382/617/1382 1383/616/1383 362/262/362 363/261/363
f 1381/615/1381 1382/614/1382 363/260/363 364/259/364
f 328/620/328 1381/615/1381 364/259/364 34/195/34
f 327/621/327 1378/612/1378 1381/615/1381 328/620/328
f 326/622/326 1375/623/1375 1378/612/1378 327/621/327
f 1384/624/1384 1385/625/1385 1388/626/1388 1387/627/1387
f 1385/625/1385 1386/628/1386 1389/629/1389 1388/626/1388
f 1387/627/1387 1388/626/1388 1391/630/1391 1390/631/1390
f 1388/626/1388 1389/629/1389 1392/632/1392 1391/630/1391
f 1/400/1 212/633/212 1384/624/1384 169/399/169
f 212/633/212 213/634/213 1385/625/1385 1384/624/1384
f 213/167/213 214/166/214 1386/635/1386 1385/636/1385
f 214/166/214 8/49/8 323/637/323 1386/635/1386
f 1386/628/1386 323/638/323 324/639/324 1389/629/1389
f 1389/629/1389 324/639/324 325/640/325 1392/632/1392
f 1392/632/1392 325/640/325 33/190/33 365/234/365
f 1391/630/1391 1392/632/1392 365/234/365 366/232/366
f 1390/631/1390 1391/630/1391 366/232/366 367/230/367
f 167/388/167 1390/631/1390 367/230/367 29/229/29
f 168/401/168 1387/627/1387 1390/631/1390 167/388/167
f 169/399/169 1384/624/1384 1387/627/1387 168/401/168
f 1393/641/1393 1394/642/1394 1397/643/1397 1396/644/1396
f 1394/642/1394 1395/645/1395 1398/646/1398 1397/643/1397
f 1396/644/1396 1397/643/1397 1400/647/1400 1399/648/1399
f 1397/643/1397 1398/646/1398 1401/649/1401 1400/647/1400
f 8/49/8 203/47/203 1393/650/1393 323/637/323
f 203/47/203 204/46/204 1394/651/1394 1393/650/1393
f 204/46/204 205/45/205 1395/652/1395 1394/651/1394
f 205/45/205 7/44/7 326/618/326 1395/652/1395
f 1395/645/1395 326/622/326 327/621/327 1398/646/1398
f 1398/646/1398 327/621/327 328/620/328 1401/649/1401
f 1401/649/1401 328/620/328 34/195/34 368/197/368
f 1400/647/1400 1401/649/1401 368/197/368 369/193/369
f 1399/648/1399 1400/647/1400 369/193/369 370/191/370
f 325/640/325 1399/648/1399 370/191/370 33/190/33
f 324/639/324 1396/644/1396 1399/648/1399 325/640/325
f 323/638/323 1393/641/1393 1396/644/1396 324/639/324
f 1402/653/1402 1403/654/1403 1406/655/1406 1405/656/1405
f 1403/654/1403 1404/657/1404 1407/658/1407 1406/655/1406
f 1405/656/1405 1406/655/1406 1409/659/1409 1408/660/1408
f 1406/655/1406 1407/658/1407 1410/661/1410 1409/659/1409
f 21/558/21 259/662/259 1402/653/1402 338/559/338
f 259/662/259 258/663/258 1403/654/1403 1402/653/1402
f 258/663/258 257/664/257 1404/657/1404 1403/654/1403
f 257/664/257 10/266/10 208/265/208 1404/657/1404
f 1404/657/1404 208/265/208 207/264/207 1407/658/1407
f 1407/658/1407 207/264/207 206/263/206 1410/661/1410
f 1410/661/1410 206/263/206 31/143/31 371/142/371
f 1409/659/1409 1410/661/1410 371/142/371 372/141/372
f 1408/660/1408 1409/659/1409 372/141/372 373/139/373
f 340/561/340 1408/660/1408 373/139/373 38/138/38
f 339/560/339 1405/656/1405 1408/660/1408 340/561/340
f 338/559/338 1402/653/1402 1405/656/1405 339/560/339
f 1412/665/1412 1413/666/1413 1411/667/1411 1421/668/1421
f 1414/669/1414 1415/670/1415 1411/667/1411 1413/666/1413
f 1416/671/1416 1417/672/1417 1411/667/1411 1415/670/1415
f 1418/673/1418 1419/674/1419 1411/667/1411 1417/672/1417
f 1420/675/1420 1421/668/1421 1411/667/1411 1419/674/1419
f 44/676/44 394/677/394 1412/665/1412 407/678/407
f 394/677/394 393/679/393 1413/666/1413 1412/665/1412
f 407/678/407 1412/665/1412 1421/668/1421 408/680/408
f 11/681/11 211/682/211 1414/669/1414 392/683/392
f 211/682/211 210/684/210 1415/670/1415 1414/669/1414
f 392/683/392 1414/669/1414 1413/666/1413 393/679/393
f 32/685/32 464/686/464 1416/671/1416 209/687/209
f 464/686/464 465/688/465 1417/672/1417 1416/671/1416
f 209/687/209 1416/671/1416 1415/670/1415 210/684/210
f 55/689/55 404/690/404 1418/673/1418 466/691/466
f 404/690/404 405/692/405 1419/674/1419 1418/673/1418
f 466/691/466 1418/673/1418 1417/672/1417 465/688/465
f 48/693/48 409/694/409 1420/675/1420 406/695/406
f 409/694/409 408/680/408 1421/668/1421 1420/675/1420
f 406/695/406 1420/675/1420 1419/674/1419 405/692/405
f 1422/696/1422 1423/697/1423 1426/698/1426 1425/699/1425
f 1423/697/1423 1424/700/1424 1427/701/1427 1426/698/1426
f 1425/699/1425 1426/698/1426 1429/702/1429 1428/703/1428
f 1426/698/1426 1427/701/1427 1430/704/1430 1429/702/1429
f 13/598/13 184/705/184 1422/696/1422 332/599/332
f 184/705/184 183/706/183 1423/697/1423 1422/696/1422
f 183/706/183 182/707/182 1424/700/1424 1423/697/1423
f 182/707/182 12/708/12 314/709/314 1424/700/1424
f 1424/700/1424 314/709/314 315/710/315 1427/701/1427
f 1427/701/1427 315/710/315 316/711/316 1430/704/1430
f 1430/704/1430 316/711/316 30/65/30 377/64/377
f 1429/702/1429 1430/704/1430 377/64/377 378/63/378
f 1428/703/1428 1429/702/1429 378/63/378 379/61/379
f 334/601/334 1428/703/1428 379/61/379 36/60/36
f 333/600/333 1425/699/1425 1428/703/1428 334/601/334
f 332/599/332 1422/696/1422 1425/699/1425 333/600/333
f 1431/712/1431 1432/713/1432 1435/714/1435 1434/715/1434
f 1432/713/1432 1433/716/1433 1436/717/1436 1435/714/1435
f 1434/715/1434 1435/714/1435 1438/718/1438 1437/719/1437
f 1435/714/1435 1436/717/1436 1439/720/1439 1438/718/1438
f 11/721/11 223/722/223 1431/712/1431 211/723/211
f 223/722/223 222/724/222 1432/713/1432 1431/712/1431
f 222/724/222 221/725/221 1433/716/1433 1432/713/1432
f 221/725/221 14/593/14 329/595/329 1433/716/1433
f 1433/716/1433 329/595/329 330/603/330 1436/717/1436
f 1436/717/1436 330/603/330 331/602/331 1439/720/1439
f 1439/720/1439 331/602/331 35/15/35 380/14/380
f 1438/718/1438 1439/720/1439 380/14/380 381/13/381
f 1437/719/1437 1438/718/1438 381/13/381 382/11/382
f 209/726/209 1437/719/1437 382/11/382 32/10/32
f 210/727/210 1434/715/1434 1437/719/1437 209/726/209
f 211/723/211 1431/712/1431 1434/715/1434 210/727/210
f 1440/728/1440 1441/729/1441 1444/730/1444 1443/731/1443
f 1441/729/1441 1442/732/1442 1445/733/1445 1444/730/1444
f 1443/731/1443 1444/730/1444 1447/734/1447 1446/735/1446
f 1444/730/1444 1445/733/1445 1448/736/1448 1447/734/1447
f 23/737/23 265/738/265 1440/728/1440 344/739/344
f 265/738/265 264/740/264 1441/729/1441 1440/728/1440
f 264/740/264 263/741/263 1442/732/1442 1441/729/1441
f 263/741/263 44/676/44 407/678/407 1442/732/1442
f 1442/732/1442 407/678/407 408/680/408 1445/733/1445
f 1445/733/1445 408/680/408 409/694/409 1448/736/1448
f 1448/736/1448 409/694/409 48/693/48 374/742/374
f 1447/734/1447 1448/736/1448 374/742/374 375/743/375
f 1446/735/1446 1447/734/1447 375/743/375 376/744/376
f 346/745/346 1446/735/1446 376/744/376 40/746/40
f 345/747/345 1443/731/1443 1446/735/1446 346/745/346
f 344/739/344 1440/728/1440 1443/731/1443 345/747/345
f 1449/748/1449 1450/749/1450 1453/750/1453 1452/751/1452
f 1450/749/1450 1451/752/1451 1454/753/1454 1453/750/1453
f 1452/754/1452 1453/755/1453 1456/756/1456 1455/757/1455
f 1453/750/1453 1454/753/1454 1457/758/1457 1456/759/1456
f 12/708/12 217/760/217 1449/761/1449 314/709/314
f 217/762/217 216/763/216 1450/749/1450 1449/748/1449
f 216/763/216 215/764/215 1451/752/1451 1450/749/1450
f 215/764/215 42/573/42 410/575/410 1451/752/1451
f 1451/752/1451 410/575/410 411/583/411 1454/753/1454
f 1454/753/1454 411/583/411 412/581/412 1457/758/1457
f 1457/758/1457 412/581/412 47/582/47 356/765/356
f 1456/759/1456 1457/758/1457 356/765/356 357/766/357
f 1455/757/1455 1456/756/1456 357/767/357 358/768/358
f 316/711/316 1455/757/1455 358/768/358 30/65/30
f 315/710/315 1452/754/1452 1455/757/1455 316/711/316
f 314/709/314 1449/761/1449 1452/754/1452 315/710/315
f 1458/769/1458 1459/770/1459 1462/771/1462 1461/772/1461
f 1459/770/1459 1460/773/1460 1463/774/1463 1462/771/1462
f 1461/772/1461 1462/771/1462 1465/775/1465 1464/776/1464
f 1462/771/1462 1463/774/1463 1466/777/1466 1465/775/1465
f 3/19/3 187/285/187 1458/778/1458 395/779/395
f 187/285/187 186/284/186 1459/780/1459 1458/778/1458
f 186/284/186 185/283/185 1460/781/1460 1459/780/1459
f 185/283/185 4/74/4 398/782/398 1460/781/1460
f 1460/773/1460 398/783/398 399/784/399 1463/774/1463
f 1463/774/1463 399/784/399 400/785/400 1466/777/1466
f 1466/777/1466 400/785/400 46/445/46 413/487/413
f 1465/775/1465 1466/777/1466 413/487/413 414/486/414
f 1464/776/1464 1465/775/1465 414/486/414 415/485/415
f 397/786/397 1464/776/1464 415/485/415 45/300/45
f 396/787/396 1461/772/1461 1464/776/1464 397/786/397
f 395/788/395 1458/769/1458 1461/772/1461 396/787/396
f 1467/789/1467 1468/790/1468 1471/791/1471 1470/792/1470
f 1468/790/1468 1469/793/1469 1472/794/1472 1471/791/1471
f 1470/792/1470 1471/791/1471 1474/795/1474 1473/796/1473
f 1471/791/1471 1472/794/1472 1475/797/1475 1474/795/1474
f 4/74/4 190/72/190 1467/798/1467 398/782/398
f 190/72/190 189/71/189 1468/799/1468 1467/798/1467
f 189/71/189 188/70/188 1469/800/1469 1468/799/1468
f 188/70/188 6/69/6 389/801/389 1469/800/1469
f 1469/800/1469 389/801/389 390/802/390 1472/803/1472
f 1472/803/1472 390/802/390 391/804/391 1475/805/1475
f 1475/805/1475 391/804/391 43/806/43 416/807/416
f 1474/795/1474 1475/797/1475 416/449/416 417/448/417
f 1473/796/1473 1474/795/1474 417/448/417 418/446/418
f 400/785/400 1473/796/1473 418/446/418 46/445/46
f 399/784/399 1470/792/1470 1473/796/1473 400/785/400
f 398/783/398 1467/789/1467 1470/792/1470 399/784/399
f 1476/808/1476 1477/809/1477 1480/810/1480 1479/811/1479
f 1477/809/1477 1478/812/1478 1481/813/1481 1480/810/1480
f 1479/811/1479 1480/810/1480 1483/814/1483 1482/815/1482
f 1480/810/1480 1481/813/1481 1484/816/1484 1483/814/1483
f 30/65/30 358/768/358 1476/808/1476 191/66/191
f 358/768/358 357/767/357 1477/809/1477 1476/808/1476
f 357/767/357 356/817/356 1478/812/1478 1477/809/1477
f 356/817/356 47/818/47 419/819/419 1478/812/1478
f 1478/812/1478 419/819/419 420/820/420 1481/813/1481
f 1481/813/1481 420/820/420 421/821/421 1484/816/1484
f 1484/816/1484 421/821/421 43/806/43 391/804/391
f 1483/814/1483 1484/816/1484 391/804/391 390/802/390
f 1482/815/1482 1483/814/1483 390/802/390 389/801/389
f 193/68/193 1482/815/1482 389/801/389 6/69/6
f 192/67/192 1479/811/1479 1482/815/1482 193/68/193
f 191/66/191 1476/808/1476 1479/811/1479 192/67/192
f 1485/822/1485 1486/823/1486 1489/824/1489 1488/825/1488
f 1486/823/1486 1487/826/1487 1490/827/1490 1489/824/1489
f 1488/825/1488 1489/824/1489 1492/828/1492 1491/829/1491
f 1489/824/1489 1490/827/1490 1493/830/1493 1492/828/1492
f 5/831/5 196/832/196 1485/822/1485 199/833/199
f 196/832/196 195/834/195 1486/823/1486 1485/822/1485
f 195/834/195 194/835/194 1487/826/1487 1486/823/1486
f 194/20/194 3/19/3 395/779/395 1487/836/1487
f 1487/826/1487 395/788/395 396/787/396 1490/827/1490
f 1490/827/1490 396/787/396 397/786/397 1493/830/1493
f 1493/830/1493 397/786/397 45/300/45 422/299/422
f 1492/828/1492 1493/830/1493 422/299/422 423/298/423
f 1491/829/1491 1492/828/1492 423/298/423 424/296/424
f 197/837/197 1491/829/1491 424/296/424 41/295/41
f 198/838/198 1488/825/1488 1491/829/1491 197/837/197
f 199/833/199 1485/822/1485 1488/825/1488 198/838/198
f 1494/839/1494 1495/840/1495 1498/841/1498 1497/842/1497
f 1495/840/1495 1496/843/1496 1499/844/1499 1498/841/1498
f 1497/842/1497 1498/841/1498 1501/845/1501 1500/846/1500
f 1498/841/1498 1499/844/1499 1502/847/1502 1501/845/1501
f 40/848/40 376/849/376 1494/839/1494 493/850/493
f 376/849/376 375/851/375 1495/840/1495 1494/839/1494
f 375/851/375 374/852/374 1496/843/1496 1495/840/1495
f 374/852/374 48/853/48 452/854/452 1496/843/1496
f 1496/843/1496 452/854/452 453/855/453 1499/844/1499
f 1499/844/1499 453/855/453 454/856/454 1502/847/1502
f 1502/847/1502 454/856/454 56/857/56 470/858/470
f 1501/845/1501 1502/847/1502 470/858/470 471/859/471
f 1500/846/1500 1501/845/1501 471/859/471 472/860/472
f 491/861/491 1500/862/1500 472/863/472 57/864/57
f 492/865/492 1497/866/1497 1500/862/1500 491/861/491
f 493/850/493 1494/839/1494 1497/842/1497 492/867/492
f 1503/868/1503 1504/869/1504 1507/870/1507 1506/871/1506
f 1504/872/1504 1505/873/1505 1508/874/1508 1507/875/1507
f 1506/871/1506 1507/870/1507 1510/876/1510 1509/877/1509
f 1507/875/1507 1508/874/1508 1511/878/1511 1510/879/1510
f 52/880/52 436/881/436 1503/868/1503 437/882/437
f 436/883/436 435/884/435 1504/872/1504 1503/885/1503
f 435/884/435 434/886/434 1505/873/1505 1504/872/1504
f 434/886/434 51/887/51 431/888/431 1505/873/1505
f 1505/873/1505 431/888/431 432/889/432 1508/874/1508
f 1508/874/1508 432/889/432 433/890/433 1511/878/1511
f 1511/878/1511 433/890/433 50/891/50 430/892/430
f 1510/893/1510 1511/894/1511 430/895/430 429/896/429
f 1509/897/1509 1510/893/1510 429/896/429 428/898/428
f 439/899/439 1509/877/1509 428/900/428 49/901/49
f 438/902/438 1506/871/1506 1509/877/1509 439/899/439
f 437/882/437 1503/868/1503 1506/871/1506 438/902/438
f 1512/903/1512 1513/904/1513 1516/905/1516 1515/906/1515
f 1513/904/1513 1514/907/1514 1517/908/1517 1516/905/1516
f 1515/906/1515 1516/905/1516 1519/909/1519 1518/910/1518
f 1516/905/1516 1517/908/1517 1520/911/1520 1519/909/1519
f 43/806/43 421/821/421 1512/903/1512 451/912/451
f 421/821/421 420/820/420 1513/904/1513 1512/903/1512
f 420/820/420 419/819/419 1514/907/1514 1513/904/1513
f 419/819/419 47/818/47 446/913/446 1514/907/1514
f 1514/907/1514 446/913/446 447/914/447 1517/908/1517
f 1517/908/1517 447/914/447 448/915/448 1520/911/1520
f 1520/911/1520 448/915/448 52/880/52 437/882/437
f 1519/909/1519 1520/911/1520 437/882/437 438/902/438
f 1518/910/1518 1519/909/1519 438/902/438 439/899/439
f 449/916/449 1518/910/1518 439/899/439 49/901/49
f 450/917/450 1515/906/1515 1518/910/1518 449/916/449
f 451/912/451 1512/903/1512 1515/906/1515 450/917/450
f 1522/918/1522 1523/919/1523 1521/920/1521 1531/921/1531
f 1524/922/1524 1525/923/1525 1521/924/1521 1523/925/1523
f 1526/926/1526 1527/927/1527 1521/924/1521 1525/923/1525
f 1528/928/1528 1529/929/1529 1521/924/1521 1527/927/1527
f 1530/930/1530 1531/921/1531 1521/920/1521 1529/931/1529
f 47/818/47 403/932/403 1522/933/1522 446/913/446
f 403/580/403 402/579/402 1523/925/1523 1522/934/1522
f 446/913/446 1522/933/1522 1531/935/1531 447/914/447
f 37/341/37 445/343/445 1524/922/1524 401/578/401
f 445/343/445 444/362/444 1525/923/1525 1524/922/1524
f 401/578/401 1524/922/1524 1523/925/1523 402/579/402
f 78/361/78 598/936/598 1526/926/1526 443/359/443
f 598/936/598 597/937/597 1527/927/1527 1526/926/1526
f 443/359/443 1526/926/1526 1525/923/1525 444/362/444
f 51/887/51 434/886/434 1528/928/1528 596/938/596
f 434/886/434 435/884/435 1529/929/1529 1528/928/1528
f 596/938/596 1528/928/1528 1527/927/1527 597/937/597
f 52/880/52 448/915/448 1530/939/1530 436/881/436
f 448/915/448 447/914/447 1531/935/1531 1530/939/1530
f 436/883/436 1530/940/1530 1529/929/1529 435/884/435
f 1533/941/1533 1534/942/1534 1532/943/1532 1542/944/1542
f 1535/945/1535 1536/946/1536 1532/943/1532 1534/942/1534
f 1537/947/1537 1538/948/1538 1532/943/1532 1536/946/1536
f 1539/949/1539 1540/950/1540 1532/943/1532 1538/948/1538
f 1541/951/1541 1542/944/1542 1532/943/1532 1540/950/1540
f 19/454/19 253/453/253 1533/941/1533 599/952/599
f 253/453/253 252/452/252 1534/942/1534 1533/941/1533
f 599/952/599 1533/941/1533 1542/944/1542 600/953/600
f 43/450/43 451/954/451 1535/945/1535 251/451/251
f 451/954/451 450/955/450 1536/946/1536 1535/945/1535
f 251/451/251 1535/945/1535 1534/942/1534 252/452/252
f 49/901/49 428/900/428 1537/956/1537 449/916/449
f 428/898/428 429/896/429 1538/948/1538 1537/947/1537
f 449/957/449 1537/947/1537 1536/946/1536 450/955/450
f 50/958/50 442/959/442 1539/949/1539 430/895/430
f 442/959/442 441/960/441 1540/950/1540 1539/949/1539
f 430/895/430 1539/949/1539 1538/948/1538 429/896/429
f 79/353/79 601/351/601 1541/961/1541 440/962/440
f 601/963/601 600/953/600 1542/944/1542 1541/951/1541
f 440/964/440 1541/951/1541 1540/950/1540 441/960/441
f 1544/965/1544 1545/966/1545 1543/967/1543 1549/968/1549
f 1546/969/1546 1547/970/1547 1543/967/1543 1545/966/1545
f 1548/971/1548 1549/968/1549 1543/967/1543 1547/970/1547
f 53/972/53 460/973/460 1544/965/1544 425/974/425
f 460/973/460 459/975/459 1545/966/1545 1544/965/1544
f 425/974/425 1544/965/1544 1549/968/1549 426/976/426
f 5/831/5 199/833/199 1546/969/1546 458/977/458
f 199/833/199 198/838/198 1547/970/1547 1546/969/1546
f 458/977/458 1546/969/1546 1545/966/1545 459/975/459
f 41/295/41 427/978/427 1548/971/1548 197/837/197
f 427/978/427 426/976/426 1549/968/1549 1548/971/1548
f 197/837/197 1548/971/1548 1547/970/1547 198/838/198
f 1550/979/1550 1551/980/1551 1554/981/1554 1553/982/1553
f 1551/980/1551 1552/983/1552 1555/984/1555 1554/981/1554
f 1553/982/1553 1554/981/1554 1557/985/1557 1556/986/1556
f 1554/981/1554 1555/984/1555 1558/987/1558 1557/985/1557
f 54/988/54 463/989/463 1550/979/1550 296/990/296
f 463/989/463 462/991/462 1551/980/1551 1550/979/1550
f 462/991/462 461/992/461 1552/983/1552 1551/980/1551
f 461/992/461 53/972/53 425/974/425 1552/983/1552
f 1552/983/1552 425/974/425 426/976/426 1555/984/1555
f 1555/984/1555 426/976/426 427/978/427 1558/987/1558
f 1558/987/1558 427/978/427 41/295/41 385/297/385
f 1557/985/1557 1558/987/1558 385/297/385 384/310/384
f 1556/986/1556 1557/985/1557 384/310/384 383/308/383
f 298/993/298 1556/986/1556 383/308/383 18/309/18
f 297/994/297 1553/982/1553 1556/986/1556 298/993/298
f 296/990/296 1550/979/1550 1553/982/1553 297/994/297
f 1560/995/1560 1561/996/1561 1559/997/1559 1565/998/1565
f 1562/999/1562 1563/1000/1563 1559/997/1559 1561/996/1561
f 1564/1001/1564 1565/998/1565 1559/997/1559 1563/1000/1563
f 5/24/5 467/116/467 1560/995/1560 320/23/320
f 467/116/467 468/113/468 1561/996/1561 1560/995/1560
f 320/23/320 1560/995/1560 1565/998/1565 321/25/321
f 55/110/55 466/1002/466 1562/999/1562 469/111/469
f 466/691/466 465/688/465 1563/1003/1563 1562/1004/1562
f 469/111/469 1562/999/1562 1561/996/1561 468/113/468
f 32/10/32 322/12/322 1564/1001/1564 464/1005/464
f 322/12/322 321/25/321 1565/998/1565 1564/1001/1564
f 464/686/464 1564/1006/1564 1563/1003/1563 465/688/465
f 1566/1007/1566 1567/1008/1567 1570/1009/1570 1569/1010/1569
f 1567/1008/1567 1568/1011/1568 1571/1012/1571 1570/1009/1570
f 1569/1010/1569 1570/1009/1570 1573/1013/1573 1572/1014/1572
f 1570/1009/1570 1571/1012/1571 1574/1015/1574 1573/1013/1573
f 56/1016/56 475/1017/475 1566/1007/1566 476/1018/476
f 475/1017/475 474/1019/474 1567/1008/1567 1566/1007/1566
f 474/1019/474 473/1020/473 1568/1011/1568 1567/1008/1567
f 473/1021/473 58/126/58 490/128/490 1568/1022/1568
f 1568/1022/1568 490/128/490 489/125/489 1571/1023/1571
f 1571/1023/1571 489/125/489 488/123/488 1574/1024/1574
f 1574/1024/1574 488/123/488 61/122/61 482/1025/482
f 1573/1026/1573 1574/1027/1574 482/1028/482 483/1029/483
f 1572/1030/1572 1573/1026/1573 483/1029/483 484/1031/484
f 478/1032/478 1572/1030/1572 484/1031/484 59/1033/59
f 477/1034/477 1569/1010/1569 1572/1014/1572 478/1035/478
f 476/1018/476 1566/1007/1566 1569/1010/1569 477/1034/477
f 1575/1036/1575 1576/1037/1576 1579/1038/1579 1578/1039/1578
f 1576/1037/1576 1577/1040/1577 1580/1041/1580 1579/1038/1579
f 1578/1039/1578 1579/1038/1579 1582/1042/1582 1581/1043/1581
f 1579/1038/1579 1580/1041/1580 1583/1044/1583 1582/1042/1582
f 57/864/57 472/863/472 1575/1045/1575 479/1046/479
f 472/1047/472 471/1048/471 1576/1037/1576 1575/1036/1575
f 471/1048/471 470/1049/470 1577/1040/1577 1576/1037/1576
f 470/1049/470 56/1016/56 476/1018/476 1577/1040/1577
f 1577/1040/1577 476/1018/476 477/1034/477 1580/1041/1580
f 1580/1041/1580 477/1034/477 478/1035/478 1583/1044/1583
f 1583/1050/1583 478/1032/478 59/1033/59 485/1051/485
f 1582/1052/1582 1583/1050/1583 485/1051/485 486/1053/486
f 1581/1054/1581 1582/1052/1582 486/1053/486 487/1055/487
f 481/1056/481 1581/1057/1581 487/1058/487 60/1059/60
f 480/1060/480 1578/1061/1578 1581/1057/1581 481/1056/481
f 479/1046/479 1575/1045/1575 1578/1061/1578 480/1060/480
f 1584/1062/1584 1585/1063/1585 1588/1064/1588 1587/1065/1587
f 1585/1063/1585 1586/1066/1586 1589/1067/1589 1588/1064/1588
f 1587/1065/1587 1588/1064/1588 1591/1068/1591 1590/1069/1590
f 1588/1064/1588 1589/1067/1589 1592/1070/1592 1591/1068/1591
f 53/972/53 461/992/461 1584/1062/1584 505/1071/505
f 461/992/461 462/991/462 1585/1063/1585 1584/1062/1584
f 462/991/462 463/989/463 1586/1066/1586 1585/1063/1585
f 463/989/463 54/988/54 500/1072/500 1586/1066/1586
f 1586/1066/1586 500/1072/500 501/1073/501 1589/1067/1589
f 1589/1067/1589 501/1073/501 502/1074/502 1592/1070/1592
f 1592/1070/1592 502/1074/502 60/1075/60 487/1055/487
f 1591/1068/1591 1592/1070/1592 487/1055/487 486/1053/486
f 1590/1069/1590 1591/1068/1591 486/1053/486 485/1051/485
f 503/1076/503 1590/1069/1590 485/1051/485 59/1033/59
f 504/1077/504 1587/1065/1587 1590/1069/1590 503/1076/503
f 505/1071/505 1584/1062/1584 1587/1065/1587 504/1077/504
f 1593/1078/1593 1594/1079/1594 1597/1080/1597 1596/1081/1596
f 1594/1079/1594 1595/1082/1595 1598/1083/1598 1597/1080/1597
f 1596/1081/1596 1597/1080/1597 1600/1084/1600 1599/1085/1599
f 1597/1080/1597 1598/1083/1598 1601/1086/1601 1600/1084/1600
f 54/1087/54 457/1088/457 1593/1078/1593 500/1089/500
f 457/1088/457 456/1090/456 1594/1079/1594 1593/1078/1593
f 456/1090/456 455/1091/455 1595/1082/1595 1594/1079/1594
f 455/1091/455 40/1092/40 493/1093/493 1595/1082/1595
f 1595/1082/1595 493/1093/493 492/865/492 1598/1083/1598
f 1598/1083/1598 492/865/492 491/861/491 1601/1086/1601
f 1601/1086/1601 491/861/491 57/864/57 479/1046/479
f 1600/1084/1600 1601/1086/1601 479/1046/479 480/1060/480
f 1599/1085/1599 1600/1084/1600 480/1060/480 481/1056/481
f 502/1094/502 1599/1085/1599 481/1056/481 60/1059/60
f 501/1095/501 1596/1081/1596 1599/1085/1599 502/1094/502
f 500/1089/500 1593/1078/1593 1596/1081/1596 501/1095/501
f 1602/1096/1602 1603/1097/1603 1606/1098/1606 1605/1099/1605
f 1603/1097/1603 1604/1100/1604 1607/1101/1607 1606/1098/1606
f 1605/1099/1605 1606/1098/1606 1609/1102/1609 1608/1103/1608
f 1606/1098/1606 1607/1101/1607 1610/1104/1610 1609/1102/1609
f 48/853/48 406/1105/406 1602/1096/1602 452/854/452
f 406/1105/406 405/1106/405 1603/1097/1603 1602/1096/1602
f 405/1106/405 404/1107/404 1604/1100/1604 1603/1097/1603
f 404/1108/404 55/110/55 499/112/499 1604/1109/1604
f 1604/1109/1604 499/112/499 498/114/498 1607/1110/1607
f 1607/1110/1607 498/114/498 497/127/497 1610/1111/1610
f 1610/1111/1610 497/127/497 58/126/58 473/1021/473
f 1609/1102/1609 1610/1104/1610 473/1112/473 474/1113/474
f 1608/1103/1608 1609/1102/1609 474/1113/474 475/1114/475
f 454/856/454 1608/1103/1608 475/1114/475 56/857/56
f 453/855/453 1605/1099/1605 1608/1103/1608 454/856/454
f 452/854/452 1602/1096/1602 1605/1099/1605 453/855/453
f 1612/1115/1612 1613/1116/1613 1611/1117/1611 1621/1118/1621
f 1614/1119/1614 1615/1120/1615 1611/1117/1611 1613/1116/1613
f 1616/1121/1616 1617/1122/1617 1611/1117/1611 1615/1120/1615
f 1618/1123/1618 1619/1124/1619 1611/1117/1611 1617/1122/1617
f 1620/1125/1620 1621/1118/1621 1611/1117/1611 1619/1124/1619
f 5/831/5 458/977/458 1612/1115/1612 506/1126/506
f 458/977/458 459/975/459 1613/1116/1613 1612/1115/1612
f 506/115/506 1612/1127/1612 1621/1128/1621 507/117/507
f 53/972/53 505/1071/505 1614/1119/1614 460/973/460
f 505/1071/505 504/1077/504 1615/1120/1615 1614/1119/1614
f 460/973/460 1614/1119/1614 1613/1116/1613 459/975/459
f 59/1033/59 484/1031/484 1616/1121/1616 503/1076/503
f 484/1031/484 483/1029/483 1617/1122/1617 1616/1121/1616
f 503/1076/503 1616/1121/1616 1615/1120/1615 504/1077/504
f 61/122/61 496/124/496 1618/1129/1618 482/1025/482
f 496/124/496 495/121/495 1619/1130/1619 1618/1129/1618
f 482/1028/482 1618/1123/1618 1617/1122/1617 483/1029/483
f 62/118/62 508/120/508 1620/1131/1620 494/119/494
f 508/120/508 507/117/507 1621/1128/1621 1620/1131/1620
f 494/119/494 1620/1131/1620 1619/1130/1619 495/121/495
f 1622/1132/1622 1623/1133/1623 1626/1134/1626 1625/1135/1625
f 1623/1133/1623 1624/1136/1624 1627/1137/1627 1626/1134/1626
f 1625/1135/1625 1626/1134/1626 1629/1138/1629 1628/1139/1628
f 1626/1134/1626 1627/1137/1627 1630/1140/1630 1629/1138/1629
f 64/1141/64 515/1142/515 1622/1132/1622 538/1143/538
f 515/1142/515 516/1144/516 1623/1133/1623 1622/1132/1622
f 516/1144/516 517/1145/517 1624/1136/1624 1623/1133/1623
f 517/1145/517 65/1146/65 533/1147/533 1624/1136/1624
f 1624/1136/1624 533/1147/533 534/1148/534 1627/1137/1627
f 1627/1137/1627 534/1148/534 535/1149/535 1630/1140/1630
f 1630/1140/1630 535/1149/535 69/1150/69 529/1151/529
f 1629/1138/1629 1630/1140/1630 529/1151/529 528/1152/528
f 1628/1139/1628 1629/1138/1629 528/1152/528 527/1153/527
f 536/1154/536 1628/1139/1628 527/1153/527 68/1155/68
f 537/1156/537 1625/1135/1625 1628/1139/1628 536/1154/536
f 538/1143/538 1622/1132/1622 1625/1135/1625 537/1156/537
f 1631/1157/1631 1632/1158/1632 1635/1159/1635 1634/1160/1634
f 1632/1158/1632 1633/1161/1633 1636/1162/1636 1635/1159/1635
f 1634/1160/1634 1635/1159/1635 1638/1163/1638 1637/1164/1637
f 1635/1159/1635 1636/1162/1636 1639/1165/1639 1638/1163/1638
f 68/1155/68 527/1153/527 1631/1166/1631 526/1167/526
f 527/1153/527 528/1152/528 1632/1168/1632 1631/1166/1631
f 528/1152/528 529/1151/529 1633/1169/1633 1632/1168/1632
f 529/1151/529 69/1150/69 551/1170/551 1633/1169/1633
f 1633/1171/1633 551/1172/551 552/1173/552 1636/1174/1636
f 1636/1174/1636 552/1173/552 553/1175/553 1639/1176/1639
f 1639/1176/1639 553/1175/553 71/1177/71 565/1178/565
f 1638/1163/1638 1639/1165/1639 565/1179/565 564/1180/564
f 1637/1164/1637 1638/1163/1638 564/1180/564 563/1181/563
f 524/1182/524 1637/1164/1637 563/1181/563 70/1183/70
f 525/1184/525 1634/1160/1634 1637/1164/1637 524/1182/524
f 526/1185/526 1631/1157/1631 1634/1160/1634 525/1184/525
f 1640/1186/1640 1641/1187/1641 1644/1188/1644 1643/1189/1643
f 1641/1187/1641 1642/1190/1642 1645/1191/1645 1644/1188/1644
f 1643/1189/1643 1644/1188/1644 1647/1192/1647 1646/1193/1646
f 1644/1188/1644 1645/1191/1645 1648/1194/1648 1647/1192/1647
f 63/1195/63 511/1196/511 1640/1186/1640 544/1197/544
f 511/1196/511 510/1198/510 1641/1187/1641 1640/1186/1640
f 510/1198/510 509/1199/509 1642/1190/1642 1641/1187/1641
f 509/1199/509 39/1200/39 539/1201/539 1642/1190/1642
f 1642/1190/1642 539/1201/539 540/1202/540 1645/1191/1645
f 1645/1191/1645 540/1202/540 541/1203/541 1648/1194/1648
f 1648/1194/1648 541/1203/541 66/1204/66 521/1205/521
f 1647/1192/1647 1648/1194/1648 521/1205/521 522/1206/522
f 1646/1193/1646 1647/1192/1647 522/1206/522 523/1207/523
f 542/1208/542 1646/1193/1646 523/1207/523 67/1209/67
f 543/1210/543 1643/1189/1643 1646/1193/1646 542/1208/542
f 544/1197/544 1640/1186/1640 1643/1189/1643 543/1210/543
f 1649/1211/1649 1650/1212/1650 1653/1213/1653 1652/1214/1652
f 1650/1212/1650 1651/1215/1651 1654/1216/1654 1653/1213/1653
f 1652/1214/1652 1653/1213/1653 1656/1217/1656 1655/1218/1655
f 1653/1213/1653 1654/1216/1654 1657/1219/1657 1656/1217/1656
f 65/1146/65 557/1220/557 1649/1221/1649 533/1147/533
f 557/1222/557 558/1223/558 1650/1212/1650 1649/1211/1649
f 558/1223/558 559/1224/559 1651/1215/1651 1650/1212/1650
f 559/1224/559 73/395/73 562/1225/562 1651/1215/1651
f 1651/1215/1651 562/1225/562 561/1226/561 1654/1216/1654
f 1654/1216/1654 561/1226/561 560/1227/560 1657/1219/1657
f 1657/1219/1657 560/1227/560 71/1177/71 553/1175/553
f 1656/1217/1656 1657/1219/1657 553/1175/553 552/1173/552
f 1655/1218/1655 1656/1217/1656 552/1173/552 551/1172/551
f 535/1149/535 1655/1228/1655 551/1170/551 69/1150/69
f 534/1148/534 1652/1229/1652 1655/1228/1655 535/1149/535
f 533/1147/533 1649/1221/1649 1652/1229/1652 534/1148/534
f 1658/1230/1658 1659/1231/1659 1662/1232/1662 1661/1233/1661
f 1659/1231/1659 1660/1234/1660 1663/1235/1663 1662/1232/1662
f 1661/1233/1661 1662/1232/1662 1665/1236/1665 1664/1237/1664
f 1662/1232/1662 1663/1235/1663 1666/1238/1666 1665/1236/1665
f 39/1200/39 554/1239/554 1658/1240/1658 539/1201/539
f 554/1241/554 555/1242/555 1659/1231/1659 1658/1230/1658
f 555/1242/555 556/431/556 1660/1234/1660 1659/1231/1659
f 556/431/556 72/430/72 566/1243/566 1660/1234/1660
f 1660/1234/1660 566/1243/566 567/1244/567 1663/1235/1663
f 1663/1235/1663 567/1244/567 568/1245/568 1666/1238/1666
f 1666/1238/1666 568/1245/568 70/1246/70 550/1247/550
f 1665/1236/1665 1666/1238/1666 550/1247/550 549/1248/549
f 1664/1237/1664 1665/1236/1665 549/1248/549 548/1249/548
f 541/1203/541 1664/1250/1664 548/1251/548 66/1204/66
f 540/1202/540 1661/1252/1661 1664/1250/1664 541/1203/541
f 539/1201/539 1658/1240/1658 1661/1252/1661 540/1202/540
f 1667/1253/1667 1668/1254/1668 1671/1255/1671 1670/1256/1670
f 1668/1254/1668 1669/1257/1669 1672/1258/1672 1671/1255/1671
f 1670/1256/1670 1671/1255/1671 1674/1259/1674 1673/1260/1673
f 1671/1255/1671 1672/1258/1672 1675/1261/1675 1674/1259/1674
f 1/170/1 547/1262/547 1667/1253/1667 245/169/245
f 547/1262/547 546/1263/546 1668/1254/1668 1667/1253/1667
f 546/1263/546 545/1264/545 1669/1257/1669 1668/1254/1668
f 545/1264/545 65/1146/65 517/1145/517 1669/1257/1669
f 1669/1257/1669 517/1145/517 516/1144/516 1672/1258/1672
f 1672/1258/1672 516/1144/516 515/1142/515 1675/1261/1675
f 1675/1261/1675 515/1142/515 64/1141/64 293/1265/293
f 1674/1259/1674 1675/1261/1675 293/1265/293 294/1266/294
f 1673/1260/1673 1674/1259/1674 294/1266/294 295/1267/295
f 247/163/247 1673/1260/1673 295/1267/295 17/161/17
f 246/171/246 1670/1256/1670 1673/1260/1673 247/163/247
f 245/169/245 1667/1253/1667 1670/1256/1670 246/171/246
f 1676/1268/1676 1677/1269/1677 1680/1270/1680 1679/1271/1679
f 1677/1269/1677 1678/1272/1678 1681/1273/1681 1680/1270/1680
f 1679/1271/1679 1680/1270/1680 1683/1274/1683 1682/1275/1682
f 1680/1270/1680 1681/1273/1681 1684/1276/1684 1683/1274/1683
f 71/1177/71 560/1227/560 1676/1268/1676 530/1277/530
f 560/1227/560 561/1226/561 1677/1269/1677 1676/1268/1676
f 561/1226/561 562/1225/562 1678/1272/1678 1677/1269/1677
f 562/1225/562 73/395/73 518/394/518 1678/1272/1678
f 1678/1272/1678 518/394/518 519/393/519 1681/1273/1681
f 1681/1273/1681 519/393/519 520/392/520 1684/1276/1684
f 1684/1276/1684 520/392/520 63/391/63 544/1278/544
f 1683/1279/1683 1684/1280/1684 544/1197/544 543/1210/543
f 1682/1281/1682 1683/1279/1683 543/1210/543 542/1208/542
f 532/1282/532 1682/1281/1682 542/1208/542 67/1209/67
f 531/1283/531 1679/1271/1679 1682/1275/1682 532/1284/532
f 530/1277/530 1676/1268/1676 1679/1271/1679 531/1283/531
f 1685/1285/1685 1686/1286/1686 1689/1287/1689 1688/1288/1688
f 1686/1286/1686 1687/1289/1687 1690/1290/1690 1689/1287/1689
f 1688/1288/1688 1689/1287/1689 1692/1291/1692 1691/1292/1691
f 1689/1287/1689 1690/1290/1690 1693/1293/1693 1692/1291/1692
f 70/1183/70 563/1181/563 1685/1285/1685 550/1294/550
f 563/1181/563 564/1180/564 1686/1286/1686 1685/1285/1685
f 564/1180/564 565/1179/565 1687/1289/1687 1686/1286/1686
f 565/1178/565 71/1177/71 530/1277/530 1687/1295/1687
f 1687/1295/1687 530/1277/530 531/1283/531 1690/1296/1690
f 1690/1296/1690 531/1283/531 532/1284/532 1693/1297/1693
f 1693/1298/1693 532/1282/532 67/1209/67 523/1207/523
f 1692/1299/1692 1693/1298/1693 523/1207/523 522/1206/522
f 1691/1300/1691 1692/1299/1692 522/1206/522 521/1205/521
f 548/1251/548 1691/1300/1691 521/1205/521 66/1204/66
f 549/1301/549 1688/1288/1688 1691/1292/1691 548/1302/548
f 550/1294/550 1685/1285/1685 1688/1288/1688 549/1301/549
f 1694/1303/1694 1695/1304/1695 1698/1305/1698 1697/1306/1697
f 1695/1304/1695 1696/1307/1696 1699/1308/1699 1698/1305/1698
f 1697/1306/1697 1698/1305/1698 1701/1309/1701 1700/1310/1700
f 1698/1305/1698 1699/1308/1699 1702/1311/1702 1701/1309/1701
f 70/1246/70 568/1245/568 1694/1303/1694 524/1312/524
f 568/1245/568 567/1244/567 1695/1304/1695 1694/1303/1694
f 567/1244/567 566/1243/566 1696/1307/1696 1695/1304/1695
f 566/1243/566 72/430/72 512/433/512 1696/1307/1696
f 1696/1307/1696 512/433/512 513/1313/513 1699/1308/1699
f 1699/1308/1699 513/1313/513 514/1314/514 1702/1311/1702
f 1702/1315/1702 514/1316/514 64/1141/64 538/1143/538
f 1701/1317/1701 1702/1315/1702 538/1143/538 537/1156/537
f 1700/1318/1700 1701/1317/1701 537/1156/537 536/1154/536
f 526/1167/526 1700/1318/1700 536/1154/536 68/1155/68
f 525/1319/525 1697/1306/1697 1700/1310/1700 526/1320/526
f 524/1312/524 1694/1303/1694 1697/1306/1697 525/1319/525
f 1704/1321/1704 1705/1322/1705 1703/1323/1703 1709/1324/1709
f 1706/1325/1706 1707/1326/1707 1703/1323/1703 1705/1322/1705
f 1708/1327/1708 1709/1324/1709 1703/1323/1703 1707/1326/1707
f 1/400/1 571/398/571 1704/1321/1704 547/1328/547
f 571/398/571 570/397/570 1705/1322/1705 1704/1321/1704
f 547/1262/547 1704/1329/1704 1709/1330/1709 546/1263/546
f 73/395/73 559/1224/559 1706/1325/1706 569/396/569
f 559/1224/559 558/1223/558 1707/1326/1707 1706/1325/1706
f 569/396/569 1706/1325/1706 1705/1322/1705 570/397/570
f 65/1146/65 545/1264/545 1708/1331/1708 557/1220/557
f 545/1264/545 546/1263/546 1709/1330/1709 1708/1331/1708
f 557/1222/557 1708/1327/1708 1707/1326/1707 558/1223/558
f 1710/1332/1710 1711/1333/1711 1714/1334/1714 1713/1335/1713
f 1711/1333/1711 1712/1336/1712 1715/1337/1715 1714/1334/1714
f 1713/1335/1713 1714/1334/1714 1717/1338/1717 1716/1339/1716
f 1714/1334/1714 1715/1337/1715 1718/1340/1718 1717/1338/1717
f 76/329/76 583/1341/583 1710/1342/1710 248/330/248
f 583/1343/583 582/1344/582 1711/1333/1711 1710/1332/1710
f 582/1344/582 581/1345/581 1712/1336/1712 1711/1333/1711
f 581/1345/581 77/422/77 595/1346/595 1712/1336/1712
f 1712/1336/1712 595/1346/595 594/1347/594 1715/1337/1715
f 1715/1337/1715 594/1347/594 593/1348/593 1718/1340/1718
f 1718/1340/1718 593/1348/593 54/1349/54 296/1350/296
f 1717/1338/1717 1718/1340/1718 296/1350/296 297/1351/297
f 1716/1352/1716 1717/1353/1717 297/994/297 298/993/298
f 250/322/250 1716/1352/1716 298/993/298 18/309/18
f 249/323/249 1713/1354/1713 1716/1352/1716 250/322/250
f 248/330/248 1710/1342/1710 1713/1354/1713 249/323/249
f 1719/1355/1719 1720/1356/1720 1723/1357/1723 1722/1358/1722
f 1720/1356/1720 1721/1359/1721 1724/1360/1724 1723/1357/1723
f 1722/1358/1722 1723/1357/1723 1726/1361/1726 1725/1362/1725
f 1723/1357/1723 1724/1360/1724 1727/1363/1727 1726/1361/1726
f 74/418/74 586/517/586 1719/1355/1719 574/1364/574
f 586/517/586 585/516/585 1720/1356/1720 1719/1355/1719
f 585/516/585 584/515/584 1721/1359/1721 1720/1356/1720
f 584/515/584 75/514/75 577/1365/577 1721/1359/1721
f 1721/1359/1721 577/1365/577 576/1366/576 1724/1360/1724
f 1724/1360/1724 576/1366/576 575/1367/575 1727/1363/1727
f 1727/1363/1727 575/1367/575 23/737/23 344/739/344
f 1726/1361/1726 1727/1363/1727 344/739/344 345/747/345
f 1725/1362/1725 1726/1361/1726 345/747/345 346/745/346
f 572/1368/572 1725/1362/1725 346/745/346 40/746/40
f 573/1369/573 1722/1358/1722 1725/1362/1725 572/1368/572
f 574/1364/574 1719/1355/1719 1722/1358/1722 573/1369/573
f 1728/1370/1728 1729/1371/1729 1732/1372/1732 1731/1373/1731
f 1729/1371/1729 1730/1374/1730 1733/1375/1733 1732/1372/1732
f 1731/1376/1731 1732/1377/1732 1735/1378/1735 1734/1379/1734
f 1732/1372/1732 1733/1375/1733 1736/1380/1736 1735/1381/1735
f 64/1141/64 592/1382/592 1728/1383/1728 293/1265/293
f 592/428/592 591/425/591 1729/1371/1729 1728/1370/1728
f 591/425/591 590/423/590 1730/1374/1730 1729/1371/1729
f 590/423/590 77/422/77 581/1345/581 1730/1374/1730
f 1730/1374/1730 581/1345/581 582/1344/582 1733/1375/1733
f 1733/1375/1733 582/1344/582 583/1343/583 1736/1380/1736
f 1736/1384/1736 583/1341/583 76/329/76 580/331/580
f 1735/1378/1735 1736/1384/1736 580/331/580 579/328/579
f 1734/1379/1734 1735/1378/1735 579/328/579 578/327/578
f 295/1267/295 1734/1379/1734 578/327/578 17/161/17
f 294/1266/294 1731/1376/1731 1734/1379/1734 295/1267/295
f 293/1265/293 1728/1383/1728 1731/1376/1731 294/1266/294
f 1737/1385/1737 1738/1386/1738 1741/1387/1741 1740/1388/1740
f 1738/1386/1738 1739/1389/1739 1742/1390/1742 1741/1387/1741
f 1740/1388/1740 1741/1387/1741 1744/1391/1744 1743/1392/1743
f 1741/1387/1741 1742/1390/1742 1745/1393/1745 1744/1391/1744
f 54/1349/54 593/1348/593 1737/1385/1737 457/1394/457
f 593/1348/593 594/1347/594 1738/1386/1738 1737/1385/1737
f 594/1347/594 595/1346/595 1739/1389/1739 1738/1386/1738
f 595/1346/595 77/422/77 589/424/589 1739/1389/1739
f 1739/1389/1739 589/424/589 588/421/588 1742/1390/1742
f 1742/1390/1742 588/421/588 587/419/587 1745/1393/1745
f 1745/1393/1745 587/419/587 74/418/74 574/1364/574
f 1744/1391/1744 1745/1393/1745 574/1364/574 573/1369/573
f 1743/1392/1743 1744/1391/1744 573/1369/573 572/1368/572
f 455/1395/455 1743/1392/1743 572/1368/572 40/746/40
f 456/1396/456 1740/1388/1740 1743/1392/1743 455/1395/455
f 457/1394/457 1737/1385/1737 1740/1388/1740 456/1396/456
f 1746/1397/1746 1747/1398/1747 1750/1399/1750 1749/1400/1749
f 1747/1401/1747 1748/1402/1748 1751/1403/1751 1750/1404/1750
f 1749/1400/1749 1750/1399/1750 1753/1405/1753 1752/1406/1752
f 1750/1399/1750 1751/1407/1751 1754/1408/1754 1753/1405/1753
f 78/361/78 602/360/602 1746/1397/1746 598/936/598
f 602/358/602 603/356/603 1747/1401/1747 1746/1409/1746
f 603/356/603 604/354/604 1748/1402/1748 1747/1401/1747
f 604/354/604 79/353/79 440/962/440 1748/1402/1748
f 1748/1402/1748 440/962/440 441/1410/441 1751/1403/1751
f 1751/1403/1751 441/1410/441 442/1411/442 1754/1412/1754
f 1754/1408/1754 442/1413/442 50/891/50 433/890/433
f 1753/1405/1753 1754/1408/1754 433/890/433 432/889/432
f 1752/1406/1752 1753/1405/1753 432/889/432 431/888/431
f 596/938/596 1752/1406/1752 431/888/431 51/887/51
f 597/937/597 1749/1400/1749 1752/1406/1752 596/938/596
f 598/936/598 1746/1397/1746 1749/1400/1749 597/937/597
f 1755/1414/1755 1756/1415/1756 1759/1416/1759 1758/1417/1758
f 1756/1415/1756 1757/1418/1757 1760/1419/1760 1759/1416/1759
f 1758/1417/1758 1759/1416/1759 1762/1420/1762 1761/1421/1761
f 1759/1416/1759 1760/1419/1760 1763/1422/1763 1762/1420/1762
f 81/214/81 616/216/616 1755/1414/1755 634/1423/634
f 616/216/616 615/211/615 1756/1415/1756 1755/1414/1755
f 615/211/615 614/209/614 1757/1418/1757 1756/1415/1756
f 614/209/614 82/208/82 629/1424/629 1757/1418/1757
f 1757/1418/1757 629/1424/629 630/1425/630 1760/1419/1760
f 1760/1419/1760 630/1425/630 631/1426/631 1763/1422/1763
f 1763/1422/1763 631/1426/631 86/1427/86 626/1428/626
f 1762/1420/1762 1763/1422/1763 626/1428/626 627/1429/627
f 1761/1421/1761 1762/1420/1762 627/1429/627 628/1430/628
f 632/1431/632 1761/1421/1761 628/1430/628 85/1432/85
f 633/1433/633 1758/1417/1758 1761/1421/1761 632/1431/632
f 634/1423/634 1755/1414/1755 1758/1417/1758 633/1433/633
f 1764/1434/1764 1765/1435/1765 1768/1436/1768 1767/1437/1767
f 1765/1435/1765 1766/1438/1766 1769/1439/1769 1768/1436/1768
f 1767/1437/1767 1768/1436/1768 1771/1440/1771 1770/1441/1770
f 1768/1436/1768 1769/1439/1769 1772/1442/1772 1771/1440/1771
f 85/1432/85 628/1430/628 1764/1434/1764 652/1443/652
f 628/1430/628 627/1429/627 1765/1435/1765 1764/1434/1764
f 627/1429/627 626/1428/626 1766/1438/1766 1765/1435/1765
f 626/1428/626 86/1427/86 647/1444/647 1766/1438/1766
f 1766/1438/1766 647/1444/647 648/1445/648 1769/1439/1769
f 1769/1439/1769 648/1445/648 649/1446/649 1772/1442/1772
f 1772/1442/1772 649/1446/649 90/1447/90 644/1448/644
f 1771/1440/1771 1772/1442/1772 644/1448/644 645/1449/645
f 1770/1441/1770 1771/1440/1771 645/1449/645 646/1450/646
f 650/1451/650 1770/1441/1770 646/1450/646 89/1452/89
f 651/1453/651 1767/1437/1767 1770/1441/1770 650/1451/650
f 652/1443/652 1764/1434/1764 1767/1437/1767 651/1453/651
f 1773/1454/1773 1774/1455/1774 1777/1456/1777 1776/1457/1776
f 1774/1455/1774 1775/1458/1775 1778/1459/1778 1777/1456/1777
f 1776/1457/1776 1777/1456/1777 1780/1460/1780 1779/1461/1779
f 1777/1456/1777 1778/1459/1778 1781/1462/1781 1780/1460/1780
f 16/240/16 229/242/229 1773/1454/1773 175/1463/175
f 229/242/229 228/238/228 1774/1455/1774 1773/1454/1773
f 228/238/228 227/237/227 1775/1458/1775 1774/1455/1774
f 227/235/227 81/214/81 634/1423/634 1775/1464/1775
f 1775/1458/1775 634/1465/634 633/1466/633 1778/1459/1778
f 1778/1459/1778 633/1466/633 632/1467/632 1781/1462/1781
f 1781/1468/1781 632/1431/632 85/1432/85 620/1469/620
f 1780/1460/1780 1781/1462/1781 620/1470/620 621/1471/621
f 1779/1461/1779 1780/1460/1780 621/1471/621 622/1472/622
f 173/1473/173 1779/1461/1779 622/1472/622 84/1474/84
f 174/1475/174 1776/1457/1776 1779/1461/1779 173/1473/173
f 175/1463/175 1773/1454/1773 1776/1457/1776 174/1475/174
f 1782/1476/1782 1783/1477/1783 1786/1478/1786 1785/1479/1785
f 1783/1477/1783 1784/1480/1784 1787/1481/1787 1786/1478/1786
f 1785/1479/1785 1786/1478/1786 1789/1482/1789 1788/1483/1788
f 1786/1478/1786 1787/1481/1787 1790/1484/1790 1789/1482/1789
f 82/208/82 613/210/613 1782/1485/1782 629/1424/629
f 613/212/613 612/206/612 1783/1477/1783 1782/1476/1782
f 612/206/612 611/204/611 1784/1480/1784 1783/1477/1783
f 611/204/611 80/203/80 635/1486/635 1784/1480/1784
f 1784/1480/1784 635/1486/635 636/1487/636 1787/1481/1787
f 1787/1481/1787 636/1487/636 637/1488/637 1790/1484/1790
f 1790/1484/1790 637/1488/637 83/1489/83 623/1490/623
f 1789/1482/1789 1790/1484/1790 623/1490/623 624/1491/624
f 1788/1483/1788 1789/1482/1789 624/1491/624 625/1492/625
f 631/1426/631 1788/1493/1788 625/1494/625 86/1427/86
f 630/1425/630 1785/1495/1785 1788/1493/1788 631/1426/631
f 629/1424/629 1782/1485/1782 1785/1495/1785 630/1425/630
f 1791/1496/1791 1792/1497/1792 1795/1498/1795 1794/1499/1794
f 1792/1497/1792 1793/1500/1793 1796/1501/1796 1795/1498/1795
f 1794/1499/1794 1795/1498/1795 1798/1502/1798 1797/1503/1797
f 1795/1498/1795 1796/1501/1796 1799/1504/1799 1798/1502/1798
f 89/1452/89 646/1450/646 1791/1496/1791 673/1505/673
f 646/1450/646 645/1449/645 1792/1497/1792 1791/1496/1791
f 645/1449/645 644/1448/644 1793/1500/1793 1792/1497/1792
f 644/1448/644 90/1447/90 668/1506/668 1793/1500/1793
f 1793/1500/1793 668/1506/668 669/1507/669 1796/1501/1796
f 1796/1501/1796 669/1507/669 670/1508/670 1799/1504/1799
f 1799/1504/1799 670/1508/670 94/1509/94 665/1510/665
f 1798/1502/1798 1799/1504/1799 665/1510/665 666/1511/666
f 1797/1503/1797 1798/1502/1798 666/1511/666 667/1512/667
f 671/1513/671 1797/1503/1797 667/1512/667 93/1514/93
f 672/1515/672 1794/1499/1794 1797/1503/1797 671/1513/671
f 673/1505/673 1791/1496/1791 1794/1499/1794 672/1515/672
f 1800/1516/1800 1801/1517/1801 1804/1518/1804 1803/1519/1803
f 1801/1517/1801 1802/1520/1802 1805/1521/1805 1804/1518/1804
f 1803/1519/1803 1804/1518/1804 1807/1522/1807 1806/1523/1806
f 1804/1518/1804 1805/1521/1805 1808/1524/1808 1807/1522/1807
f 84/1474/84 622/1472/622 1800/1516/1800 655/1525/655
f 622/1472/622 621/1471/621 1801/1517/1801 1800/1516/1800
f 621/1471/621 620/1470/620 1802/1520/1802 1801/1517/1801
f 620/1469/620 85/1432/85 652/1443/652 1802/1526/1802
f 1802/1526/1802 652/1443/652 651/1453/651 1805/1527/1805
f 1805/1527/1805 651/1453/651 650/1451/650 1808/1528/1808
f 1808/1528/1808 650/1451/650 89/1452/89 638/1529/638
f 1807/1522/1807 1808/1524/1808 638/1530/638 639/1531/639
f 1806/1523/1806 1807/1522/1807 639/1531/639 640/1532/640
f 653/1533/653 1806/1523/1806 640/1532/640 88/1534/88
f 654/1535/654 1803/1519/1803 1806/1523/1806 653/1533/653
f 655/1525/655 1800/1516/1800 1803/1519/1803 654/1535/654
f 1809/1536/1809 1810/1537/1810 1813/1538/1813 1812/1539/1812
f 1810/1537/1810 1811/1540/1811 1814/1541/1814 1813/1538/1813
f 1812/1539/1812 1813/1538/1813 1816/1542/1816 1815/1543/1815
f 1813/1538/1813 1814/1541/1814 1817/1544/1817 1816/1542/1816
f 86/1427/86 625/1494/625 1809/1545/1809 647/1444/647
f 625/1546/625 624/1547/624 1810/1537/1810 1809/1536/1809
f 624/1547/624 623/1548/623 1811/1540/1811 1810/1537/1810
f 623/1548/623 83/1549/83 656/1550/656 1811/1540/1811
f 1811/1540/1811 656/1550/656 657/1551/657 1814/1541/1814
f 1814/1541/1814 657/1551/657 658/1552/658 1817/1544/1817
f 1817/1544/1817 658/1552/658 87/1553/87 641/1554/641
f 1816/1542/1816 1817/1544/1817 641/1554/641 642/1555/642
f 1815/1543/1815 1816/1542/1816 642/1555/642 643/1556/643
f 649/1557/649 1815/1543/1815 643/1556/643 90/1558/90
f 648/1559/648 1812/1539/1812 1815/1543/1815 649/1557/649
f 647/1444/647 1809/1545/1809 1812/1560/1812 648/1445/648
f 1818/1561/1818 1819/1562/1819 1822/1563/1822 1821/1564/1821
f 1819/1565/1819 1820/1566/1820 1823/1567/1823 1822/1568/1822
f 1821/1569/1821 1822/1568/1822 1825/1570/1825 1824/1571/1824
f 1822/1568/1822 1823/1567/1823 1826/1572/1826 1825/1570/1825
f 93/1514/93 667/1512/667 1818/1561/1818 659/1573/659
f 667/1512/667 666/1511/666 1819/1562/1819 1818/1561/1818
f 666/1511/666 665/1510/665 1820/1574/1820 1819/1562/1819
f 665/1510/665 94/1509/94 664/1575/664 1820/1574/1820
f 1820/1566/1820 664/1576/664 663/1577/663 1823/1567/1823
f 1823/1567/1823 663/1577/663 662/1578/662 1826/1572/1826
f 1826/1572/1826 662/1578/662 91/1579/91 617/1580/617
f 1825/1570/1825 1826/1572/1826 617/1580/617 618/1581/618
f 1824/1571/1824 1825/1570/1825 618/1581/618 619/1582/619
f 661/1583/661 1824/1584/1824 619/1585/619 92/1586/92
f 660/1587/660 1821/1588/1821 1824/1584/1824 661/1583/661
f 659/1589/659 1818/1590/1818 1821/1588/1821 660/1587/660
f 1827/1591/1827 1828/1592/1828 1831/1593/1831 1830/1594/1830
f 1828/1592/1828 1829/1595/1829 1832/1596/1832 1831/1593/1831
f 1830/1594/1830 1831/1593/1831 1834/1597/1834 1833/1598/1833
f 1831/1593/1831 1832/1596/1832 1835/1599/1835 1834/1597/1834
f 88/1534/88 640/1532/640 1827/1591/1827 676/1600/676
f 640/1532/640 639/1531/639 1828/1592/1828 1827/1591/1827
f 639/1531/639 638/1530/638 1829/1595/1829 1828/1592/1828
f 638/1529/638 89/1452/89 673/1505/673 1829/1601/1829
f 1829/1595/1829 673/1602/673 672/1603/672 1832/1596/1832
f 1832/1596/1832 672/1603/672 671/1604/671 1835/1599/1835
f 1835/1605/1835 671/1513/671 93/1514/93 659/1573/659
f 1834/1597/1834 1835/1599/1835 659/1589/659 660/1587/660
f 1833/1598/1833 1834/1597/1834 660/1587/660 661/1583/661
f 674/1606/674 1833/1598/1833 661/1583/661 92/1586/92
f 675/1607/675 1830/1594/1830 1833/1598/1833 674/1606/674
f 676/1600/676 1827/1591/1827 1830/1594/1830 675/1607/675
f 1836/1608/1836 1837/1609/1837 1840/1610/1840 1839/1611/1839
f 1837/1609/1837 1838/1612/1838 1841/1613/1841 1840/1610/1840
f 1839/1611/1839 1840/1610/1840 1843/1614/1843 1842/1615/1842
f 1840/1610/1840 1841/1613/1841 1844/1616/1844 1843/1614/1843
f 90/1558/90 643/1556/643 1836/1608/1836 668/1617/668
f 643/1556/643 642/1555/642 1837/1609/1837 1836/1608/1836
f 642/1555/642 641/1554/641 1838/1612/1838 1837/1609/1837
f 641/1554/641 87/1553/87 677/1618/677 1838/1612/1838
f 1838/1612/1838 677/1618/677 678/1619/678 1841/1613/1841
f 1841/1613/1841 678/1619/678 679/1620/679 1844/1616/1844
f 1844/1616/1844 679/1620/679 91/1621/91 662/1622/662
f 1843/1614/1843 1844/1616/1844 662/1622/662 663/1623/663
f 1842/1615/1842 1843/1614/1843 663/1623/663 664/1624/664
f 670/1625/670 1842/1615/1842 664/1624/664 94/1626/94
f 669/1627/669 1839/1611/1839 1842/1615/1842 670/1625/670
f 668/1617/668 1836/1608/1836 1839/1611/1839 669/1627/669
f 1845/1628/1845 1846/1629/1846 1849/1630/1849 1848/1631/1848
f 1846/1629/1846 1847/1632/1847 1850/1633/1850 1849/1630/1849
f 1848/1631/1848 1849/1630/1849 1852/1634/1852 1851/1635/1851
f 1849/1630/1849 1850/1633/1850 1853/1636/1853 1852/1634/1852
f 114/1637/114 799/1638/799 1845/1628/1845 859/1639/859
f 799/1638/799 798/1640/798 1846/1629/1846 1845/1628/1845
f 798/1640/798 797/1641/797 1847/1632/1847 1846/1629/1846
f 797/1641/797 99/1642/99 697/1643/697 1847/1632/1847
f 1847/1632/1847 697/1643/697 696/1644/696 1850/1633/1850
f 1850/1633/1850 696/1644/696 695/1645/695 1853/1636/1853
f 1853/1636/1853 695/1645/695 97/1646/97 730/1647/730
f 1852/1634/1852 1853/1636/1853 730/1647/730 729/1648/729
f 1851/1635/1851 1852/1634/1852 729/1648/729 728/1649/728
f 857/1650/857 1851/1635/1851 728/1649/728 117/1651/117
f 858/1652/858 1848/1631/1848 1851/1635/1851 857/1650/857
f 859/1639/859 1845/1628/1845 1848/1631/1848 858/1652/858
f 1854/1653/1854 1855/1654/1855 1858/1655/1858 1857/1656/1857
f 1855/1654/1855 1856/1657/1856 1859/1658/1859 1858/1655/1858
f 1857/1656/1857 1858/1655/1858 1861/1659/1861 1860/1660/1860
f 1858/1655/1858 1859/1658/1859 1862/1661/1862 1861/1659/1861
f 108/1662/108 722/1663/722 1854/1653/1854 787/1664/787
f 722/1663/722 723/1665/723 1855/1654/1855 1854/1653/1854
f 723/1665/723 724/1666/724 1856/1657/1856 1855/1654/1855
f 724/1666/724 102/1667/102 704/1668/704 1856/1657/1856
f 1856/1657/1856 704/1668/704 705/1669/705 1859/1658/1859
f 1859/1658/1859 705/1669/705 706/1670/706 1862/1661/1862
f 1862/1661/1862 706/1670/706 101/1671/101 727/1672/727
f 1861/1659/1861 1862/1661/1862 727/1672/727 726/1673/726
f 1860/1660/1860 1861/1659/1861 726/1673/726 725/1674/725
f 785/1675/785 1860/1660/1860 725/1674/725 110/1676/110
f 786/1677/786 1857/1656/1857 1860/1660/1860 785/1675/785
f 787/1664/787 1854/1653/1854 1857/1656/1857 786/1677/786
f 1863/1678/1863 1864/1679/1864 1867/1680/1867 1866/1681/1866
f 1864/1679/1864 1865/1682/1865 1868/1683/1868 1867/1680/1867
f 1866/1681/1866 1867/1680/1867 1870/1684/1870 1869/1685/1869
f 1867/1680/1867 1868/1683/1868 1871/1686/1871 1870/1684/1870
f 118/1687/118 731/1688/731 1863/1678/1863 856/1689/856
f 731/1688/731 732/1690/732 1864/1679/1864 1863/1678/1863
f 732/1690/732 733/1691/733 1865/1682/1865 1864/1679/1864
f 733/1691/733 98/1692/98 691/1693/691 1865/1682/1865
f 1865/1682/1865 691/1693/691 690/1694/690 1868/1683/1868
f 1868/1683/1868 690/1694/690 689/1695/689 1871/1686/1871
f 1871/1686/1871 689/1695/689 100/1696/100 694/1697/694
f 1870/1684/1870 1871/1686/1871 694/1697/694 693/1698/693
f 1869/1685/1869 1870/1684/1870 693/1698/693 692/1699/692
f 854/1700/854 1869/1685/1869 692/1699/692 112/1701/112
f 855/1702/855 1866/1681/1866 1869/1685/1869 854/1700/854
f 856/1689/856 1863/1678/1863 1866/1681/1866 855/1702/855
f 1872/1703/1872 1873/1704/1873 1876/1705/1876 1875/1706/1875
f 1873/1704/1873 1874/1707/1874 1877/1708/1877 1876/1705/1876
f 1875/1706/1875 1876/1705/1876 1879/1709/1879 1878/1710/1878
f 1876/1705/1876 1877/1708/1877 1880/1711/1880 1879/1709/1879
f 110/1676/110 725/1674/725 1872/1703/1872 781/1712/781
f 725/1674/725 726/1673/726 1873/1704/1873 1872/1703/1872
f 726/1673/726 727/1672/727 1874/1707/1874 1873/1704/1873
f 727/1672/727 101/1671/101 683/1713/683 1874/1707/1874
f 1874/1707/1874 683/1713/683 684/1714/684 1877/1708/1877
f 1877/1708/1877 684/1714/684 685/1715/685 1880/1711/1880
f 1880/1711/1880 685/1715/685 96/1716/96 703/1717/703
f 1879/1709/1879 1880/1711/1880 703/1717/703 702/1718/702
f 1878/1710/1878 1879/1709/1879 702/1718/702 701/1719/701
f 779/1720/779 1878/1710/1878 701/1719/701 106/1721/106
f 780/1722/780 1875/1706/1875 1878/1710/1878 779/1720/779
f 781/1712/781 1872/1703/1872 1875/1706/1875 780/1722/780
f 1882/1723/1882 1883/1724/1883 1881/1725/1881 1891/1726/1891
f 1884/1727/1884 1885/1728/1885 1881/1725/1881 1883/1724/1883
f 1886/1729/1886 1887/1730/1887 1881/1725/1881 1885/1728/1885
f 1888/1731/1888 1889/1732/1889 1881/1725/1881 1887/1730/1887
f 1890/1733/1890 1891/1726/1891 1881/1725/1881 1889/1732/1889
f 135/1734/135 970/1735/970 1882/1723/1882 940/1736/940
f 970/1735/970 969/1737/969 1883/1724/1883 1882/1723/1882
f 940/1736/940 1882/1723/1882 1891/1726/1891 939/1738/939
f 138/1739/138 961/1740/961 1884/1727/1884 968/1741/968
f 961/1740/961 960/1742/960 1885/1728/1885 1884/1727/1884
f 968/1741/968 1884/1727/1884 1883/1724/1883 969/1737/969
f 141/1743/141 967/1744/967 1886/1729/1886 959/1745/959
f 967/1744/967 966/1746/966 1887/1730/1887 1886/1729/1886
f 959/1745/959 1886/1729/1886 1885/1728/1885 960/1742/960
f 142/1747/142 979/1748/979 1888/1731/1888 965/1749/965
f 979/1748/979 978/1750/978 1889/1732/1889 1888/1731/1888
f 965/1749/965 1888/1731/1888 1887/1730/1887 966/1746/966
f 99/1642/99 938/1751/938 1890/1733/1890 977/1752/977
f 938/1751/938 939/1738/939 1891/1726/1891 1890/1733/1890
f 977/1752/977 1890/1733/1890 1889/1732/1889 978/1750/978
f 1892/1753/1892 1893/1754/1893 1896/1755/1896 1895/1756/1895
f 1893/1754/1893 1894/1757/1894 1897/1758/1897 1896/1755/1896
f 1895/1756/1895 1896/1755/1896 1899/1759/1899 1898/1760/1898
f 1896/1755/1896 1897/1758/1897 1900/1761/1900 1899/1759/1899
f 120/1762/120 767/1763/767 1892/1753/1892 850/1764/850
f 767/1763/767 768/1765/768 1893/1754/1893 1892/1753/1892
f 768/1765/768 769/1766/769 1894/1757/1894 1893/1754/1893
f 769/1766/769 106/1767/106 701/1768/701 1894/1757/1894
f 1894/1757/1894 701/1768/701 702/1769/702 1897/1758/1897
f 1897/1758/1897 702/1769/702 703/1770/703 1900/1761/1900
f 1900/1761/1900 703/1770/703 96/1771/96 794/1772/794
f 1899/1759/1899 1900/1761/1900 794/1772/794 795/1773/795
f 1898/1760/1898 1899/1759/1899 795/1773/795 796/1774/796
f 848/1775/848 1898/1760/1898 796/1774/796 113/1776/113
f 849/1777/849 1895/1756/1895 1898/1760/1898 848/1775/848
f 850/1764/850 1892/1753/1892 1895/1756/1895 849/1777/849
f 1901/1778/1901 1902/1779/1902 1905/1780/1905 1904/1781/1904
f 1902/1779/1902 1903/1782/1903 1906/1783/1906 1905/1780/1905
f 1904/1781/1904 1905/1780/1905 1908/1784/1908 1907/1785/1907
f 1905/1780/1905 1906/1783/1906 1909/1786/1909 1908/1784/1908
f 103/1787/103 736/1788/736 1901/1778/1901 763/1789/763
f 736/1788/736 735/1790/735 1902/1779/1902 1901/1778/1901
f 735/1790/735 734/1791/734 1903/1782/1903 1902/1779/1902
f 734/1791/734 95/1792/95 713/1793/713 1903/1782/1903
f 1903/1782/1903 713/1793/713 714/1794/714 1906/1783/1906
f 1906/1783/1906 714/1794/714 715/1795/715 1909/1786/1909
f 1909/1786/1909 715/1795/715 102/1667/102 724/1666/724
f 1908/1784/1908 1909/1786/1909 724/1666/724 723/1665/723
f 1907/1785/1907 1908/1784/1908 723/1665/723 722/1663/722
f 761/1796/761 1907/1785/1907 722/1663/722 108/1662/108
f 762/1797/762 1904/1781/1904 1907/1785/1907 761/1796/761
f 763/1789/763 1901/1778/1901 1904/1781/1904 762/1797/762
f 1911/1798/1911 1912/1799/1912 1910/1800/1910 1922/1801/1922
f 1913/1802/1913 1914/1803/1914 1910/1804/1910 1912/1805/1912
f 1915/1806/1915 1916/1807/1916 1910/1804/1910 1914/1803/1914
f 1917/1808/1917 1918/1809/1918 1910/1810/1910 1916/1811/1916
f 1919/1812/1919 1920/1813/1920 1910/1800/1910 1918/1814/1918
f 1921/1815/1921 1922/1801/1922 1910/1800/1910 1920/1813/1920
f 115/1816/115 1073/1817/1073 1911/1798/1911 847/1818/847
f 1073/1817/1073 1074/1819/1074 1912/1799/1912 1911/1798/1911
f 847/1818/847 1911/1798/1911 1922/1801/1922 846/1820/846
f 159/1821/159 1081/1822/1081 1913/1802/1913 1075/1823/1075
f 1081/1822/1081 1080/1824/1080 1914/1803/1914 1913/1802/1913
f 1075/1823/1075 1913/1802/1913 1912/1805/1912 1074/1825/1074
f 160/1826/160 1078/1827/1078 1915/1806/1915 1079/1828/1079
f 1078/1827/1078 1077/1829/1077 1916/1807/1916 1915/1806/1915
f 1079/1828/1079 1915/1806/1915 1914/1803/1914 1080/1824/1080
f 80/203/80 607/205/607 1917/1808/1917 1076/1830/1076
f 607/205/607 606/207/606 1918/1809/1918 1917/1808/1917
f 1076/1830/1076 1917/1808/1917 1916/1811/1916 1077/1831/1077
f 15/199/15 721/1832/721 1919/1812/1919 605/200/605
f 721/1832/721 720/1833/720 1920/1813/1920 1919/1812/1919
f 605/200/605 1919/1812/1919 1918/1814/1918 606/202/606
f 116/1834/116 845/1835/845 1921/1815/1921 719/1836/719
f 845/1835/845 846/1820/846 1922/1801/1922 1921/1815/1921
f 719/1836/719 1921/1815/1921 1920/1813/1920 720/1833/720
f 1924/1837/1924 1925/1838/1925 1923/1839/1923 1933/1840/1933
f 1926/1841/1926 1927/1842/1927 1923/1839/1923 1925/1838/1925
f 1928/1843/1928 1929/1844/1929 1923/1839/1923 1927/1842/1927
f 1930/1845/1930 1931/1846/1931 1923/1839/1923 1929/1844/1929
f 1932/1847/1932 1933/1840/1933 1923/1839/1923 1931/1846/1931
f 111/1848/111 790/1849/790 1924/1837/1924 844/1850/844
f 790/1849/790 789/1851/789 1925/1838/1925 1924/1837/1924
f 844/1850/844 1924/1837/1924 1933/1840/1933 843/1852/843
f 9/244/9 226/246/226 1926/1841/1926 788/1853/788
f 226/246/226 225/243/225 1927/1842/1927 1926/1841/1926
f 788/1853/788 1926/1841/1926 1925/1838/1925 789/1851/789
f 16/240/16 718/1854/718 1928/1843/1928 224/241/224
f 718/1854/718 717/1855/717 1929/1844/1929 1928/1843/1928
f 224/241/224 1928/1843/1928 1927/1842/1927 225/243/225
f 159/1856/159 1075/1857/1075 1930/1845/1930 716/1858/716
f 1075/1857/1075 1074/1819/1074 1931/1846/1931 1930/1845/1930
f 716/1858/716 1930/1845/1930 1929/1844/1929 717/1855/717
f 115/1816/115 842/1859/842 1932/1847/1932 1073/1817/1073
f 842/1859/842 843/1852/843 1933/1840/1933 1932/1847/1932
f 1073/1817/1073 1932/1847/1932 1931/1846/1931 1074/1819/1074
f 1934/1860/1934 1935/1861/1935 1938/1862/1938 1937/1863/1937
f 1935/1861/1935 1936/1864/1936 1939/1865/1939 1938/1862/1938
f 1937/1866/1937 1938/1867/1938 1941/1868/1941 1940/1869/1940
f 1938/1867/1938 1939/1870/1939 1942/1871/1942 1941/1868/1941
f 116/1834/116 719/1836/719 1934/1860/1934 841/1872/841
f 719/1836/719 720/1833/720 1935/1861/1935 1934/1860/1934
f 720/1833/720 721/1832/721 1936/1864/1936 1935/1861/1935
f 721/1832/721 15/199/15 178/270/178 1936/1864/1936
f 1936/1864/1936 178/270/178 177/269/177 1939/1865/1939
f 1939/1870/1939 177/268/177 176/267/176 1942/1871/1942
f 1942/1871/1942 176/267/176 10/266/10 709/1873/709
f 1941/1868/1941 1942/1871/1942 709/1873/709 708/1874/708
f 1940/1869/1940 1941/1868/1941 708/1874/708 707/1875/707
f 839/1876/839 1940/1869/1940 707/1875/707 113/1776/113
f 840/1877/840 1937/1866/1937 1940/1869/1940 839/1876/839
f 841/1872/841 1934/1860/1934 1937/1863/1937 840/1878/840
f 1943/1879/1943 1944/1880/1944 1947/1881/1947 1946/1882/1946
f 1944/1880/1944 1945/1883/1945 1948/1884/1948 1947/1881/1947
f 1946/1882/1946 1947/1881/1947 1950/1885/1950 1949/1886/1949
f 1947/1881/1947 1948/1884/1948 1951/1887/1951 1950/1885/1950
f 117/1651/117 728/1649/728 1943/1879/1943 838/1888/838
f 728/1649/728 729/1648/729 1944/1880/1944 1943/1879/1943
f 729/1648/729 730/1647/730 1945/1883/1945 1944/1880/1944
f 730/1647/730 97/1646/97 688/1889/688 1945/1883/1945
f 1945/1883/1945 688/1889/688 687/1890/687 1948/1884/1948
f 1948/1884/1948 687/1890/687 686/1891/686 1951/1887/1951
f 1951/1887/1951 686/1891/686 98/1692/98 733/1691/733
f 1950/1885/1950 1951/1887/1951 733/1691/733 732/1690/732
f 1949/1886/1949 1950/1885/1950 732/1690/732 731/1688/731
f 836/1892/836 1949/1886/1949 731/1688/731 118/1687/118
f 837/1893/837 1946/1882/1946 1949/1886/1949 836/1892/836
f 838/1888/838 1943/1879/1943 1946/1882/1946 837/1893/837
f 1952/1894/1952 1953/1895/1953 1956/1896/1956 1955/1897/1955
f 1953/1895/1953 1954/1898/1954 1957/1899/1957 1956/1896/1956
f 1955/1897/1955 1956/1896/1956 1959/1900/1959 1958/1901/1958
f 1956/1896/1956 1957/1899/1957 1960/1902/1960 1959/1900/1959
f 123/1903/123 862/1904/862 1952/1894/1952 895/1905/895
f 862/1904/862 861/1906/861 1953/1895/1953 1952/1894/1952
f 861/1906/861 860/1907/860 1954/1898/1954 1953/1895/1953
f 860/1907/860 104/1908/104 760/1909/760 1954/1898/1954
f 1954/1898/1954 760/1909/760 759/1910/759 1957/1899/1957
f 1957/1899/1957 759/1910/759 758/1911/758 1960/1902/1960
f 1960/1902/1960 758/1911/758 107/1912/107 748/1913/748
f 1959/1900/1959 1960/1902/1960 748/1913/748 747/1914/747
f 1958/1901/1958 1959/1900/1959 747/1914/747 746/1915/746
f 893/1916/893 1958/1901/1958 746/1915/746 125/1917/125
f 894/1918/894 1955/1897/1955 1958/1901/1958 893/1916/893
f 895/1905/895 1952/1894/1952 1955/1897/1955 894/1918/894
f 1962/1919/1962 1963/1920/1963 1961/1921/1961 1971/1922/1971
f 1964/1923/1964 1965/1924/1965 1961/1921/1961 1963/1920/1963
f 1966/1925/1966 1967/1926/1967 1961/1921/1961 1965/1924/1965
f 1968/1927/1968 1969/1928/1969 1961/1921/1961 1967/1926/1967
f 1970/1929/1970 1971/1922/1971 1961/1921/1961 1969/1928/1969
f 104/1908/104 739/1930/739 1962/1919/1962 760/1909/760
f 739/1930/739 738/1931/738 1963/1920/1963 1962/1919/1962
f 760/1909/760 1962/1919/1962 1971/1922/1971 759/1910/759
f 155/1932/155 1048/1933/1048 1964/1923/1964 737/1934/737
f 1048/1933/1048 1047/1935/1047 1965/1924/1965 1964/1923/1964
f 737/1934/737 1964/1923/1964 1963/1920/1963 738/1931/738
f 103/1787/103 763/1789/763 1966/1925/1966 1046/1936/1046
f 763/1789/763 762/1797/762 1967/1926/1967 1966/1925/1966
f 1046/1936/1046 1966/1925/1966 1965/1924/1965 1047/1935/1047
f 108/1662/108 751/1937/751 1968/1927/1968 761/1796/761
f 751/1937/751 750/1938/750 1969/1928/1969 1968/1927/1968
f 761/1796/761 1968/1927/1968 1967/1926/1967 762/1797/762
f 107/1912/107 758/1911/758 1970/1929/1970 749/1939/749
f 758/1911/758 759/1910/759 1971/1922/1971 1970/1929/1970
f 749/1939/749 1970/1929/1970 1969/1928/1969 750/1938/750
f 1972/1940/1972 1973/1941/1973 1976/1942/1976 1975/1943/1975
f 1973/1941/1973 1974/1944/1974 1977/1945/1977 1976/1942/1976
f 1975/1943/1975 1976/1942/1976 1979/1946/1979 1978/1947/1978
f 1976/1942/1976 1977/1945/1977 1980/1948/1980 1979/1946/1979
f 119/1949/119 916/1950/916 1972/1940/1972 764/1951/764
f 916/1950/916 915/1952/915 1973/1941/1973 1972/1940/1972
f 915/1952/915 914/1953/914 1974/1944/1974 1973/1941/1973
f 914/1953/914 157/1954/157 1070/1955/1070 1974/1944/1974
f 1974/1956/1974 1070/1957/1070 1071/1958/1071 1977/1959/1977
f 1977/1959/1977 1071/1958/1071 1072/1960/1072 1980/1961/1980
f 1980/1961/1980 1072/1960/1072 158/1962/158 1069/1963/1069
f 1979/1964/1979 1980/1961/1980 1069/1963/1069 1068/1965/1068
f 1978/1947/1978 1979/1946/1979 1068/1966/1068 1067/1967/1067
f 766/1968/766 1978/1947/1978 1067/1967/1067 105/1969/105
f 765/1970/765 1975/1943/1975 1978/1947/1978 766/1968/766
f 764/1951/764 1972/1940/1972 1975/1943/1975 765/1970/765
f 1981/1971/1981 1982/1972/1982 1985/1973/1985 1984/1974/1984
f 1982/1972/1982 1983/1975/1983 1986/1976/1986 1985/1973/1985
f 1984/1974/1984 1985/1973/1985 1988/1977/1988 1987/1978/1987
f 1985/1973/1985 1986/1976/1986 1989/1979/1989 1988/1977/1988
f 119/1949/119 764/1951/764 1981/1971/1981 832/1980/832
f 764/1951/764 765/1970/765 1982/1972/1982 1981/1971/1981
f 765/1970/765 766/1968/766 1983/1975/1983 1982/1972/1982
f 766/1968/766 105/1969/105 743/1981/743 1983/1975/1983
f 1983/1975/1983 743/1981/743 744/1982/744 1986/1976/1986
f 1986/1976/1986 744/1982/744 745/1983/745 1989/1979/1989
f 1989/1979/1989 745/1983/745 106/1767/106 769/1766/769
f 1988/1977/1988 1989/1979/1989 769/1766/769 768/1765/768
f 1987/1978/1987 1988/1977/1988 768/1765/768 767/1763/767
f 830/1984/830 1987/1978/1987 767/1763/767 120/1762/120
f 831/1985/831 1984/1974/1984 1987/1978/1987 830/1984/830
f 832/1980/832 1981/1971/1981 1984/1974/1984 831/1985/831
f 1990/1986/1990 1991/1987/1991 1994/1988/1994 1993/1989/1993
f 1991/1987/1991 1992/1990/1992 1995/1991/1995 1994/1988/1994
f 1993/1989/1993 1994/1988/1994 1997/1992/1997 1996/1993/1996
f 1994/1988/1994 1995/1991/1995 1998/1994/1998 1997/1992/1997
f 111/1848/111 680/1995/680 1990/1986/1990 829/1996/829
f 680/1995/680 681/1997/681 1991/1987/1991 1990/1986/1990
f 681/1997/681 682/1998/682 1992/1990/1992 1991/1987/1991
f 682/1998/682 95/1999/95 1042/2000/1042 1992/1990/1992
f 1992/1990/1992 1042/2000/1042 1041/2001/1041 1995/1991/1995
f 1995/1991/1995 1041/2001/1041 1040/2002/1040 1998/1994/1998
f 1998/1994/1998 1040/2002/1040 153/2003/153 989/2004/989
f 1997/1992/1997 1998/1994/1998 989/2004/989 990/2005/990
f 1996/1993/1996 1997/1992/1997 990/2005/990 991/2006/991
f 827/2007/827 1996/1993/1996 991/2006/991 143/2008/143
f 828/2009/828 1993/1989/1993 1996/1993/1996 827/2007/827
f 829/1996/829 1990/1986/1990 1993/1989/1993 828/2009/828
f 2000/2010/2000 2001/2011/2001 1999/2012/1999 2009/2013/2009
f 2002/2014/2002 2003/2015/2003 1999/2012/1999 2001/2011/2001
f 2004/2016/2004 2005/2017/2005 1999/2012/1999 2003/2015/2003
f 2006/2018/2006 2007/2019/2007 1999/2012/1999 2005/2017/2005
f 2008/2020/2008 2009/2013/2009 1999/2012/1999 2007/2019/2007
f 121/2021/121 1025/2022/1025 2000/2010/2000 826/2023/826
f 1025/2022/1025 1026/2024/1026 2001/2011/2001 2000/2010/2000
f 826/2023/826 2000/2010/2000 2009/2013/2009 825/2025/825
f 152/2026/152 983/2027/983 2002/2028/2002 1027/2029/1027
f 983/2030/983 984/2031/984 2003/2015/2003 2002/2014/2002
f 1027/2032/1027 2002/2014/2002 2001/2011/2001 1026/2024/1026
f 144/2033/144 1060/2034/1060 2004/2016/2004 985/2035/985
f 1060/2034/1060 1059/2036/1059 2005/2017/2005 2004/2016/2004
f 985/2035/985 2004/2016/2004 2003/2015/2003 984/2031/984
f 156/2037/156 1057/2038/1057 2006/2018/2006 1058/2039/1058
f 1057/2038/1057 1056/2040/1056 2007/2019/2007 2006/2018/2006
f 1058/2039/1058 2006/2018/2006 2005/2017/2005 1059/2036/1059
f 154/2041/154 824/2042/824 2008/2020/2008 1055/2043/1055
f 824/2042/824 825/2025/825 2009/2013/2009 2008/2020/2008
f 1055/2043/1055 2008/2020/2008 2007/2019/2007 1056/2040/1056
f 2010/2044/2010 2011/2045/2011 2014/2046/2014 2013/2047/2013
f 2011/2045/2011 2012/2048/2012 2015/2049/2015 2014/2046/2014
f 2013/2047/2013 2014/2046/2014 2017/2050/2017 2016/2051/2016
f 2014/2046/2014 2015/2049/2015 2018/2052/2018 2017/2050/2017
f 126/2053/126 752/2054/752 2010/2044/2010 889/2055/889
f 752/2054/752 753/2056/753 2011/2045/2011 2010/2044/2010
f 753/2056/753 754/2057/754 2012/2048/2012 2011/2045/2011
f 754/2057/754 109/2058/109 778/2059/778 2012/2048/2012
f 2012/2048/2012 778/2059/778 777/2060/777 2015/2049/2015
f 2015/2049/2015 777/2060/777 776/2061/776 2018/2052/2018
f 2018/2052/2018 776/2061/776 105/2062/105 742/2063/742
f 2017/2050/2017 2018/2052/2018 742/2063/742 741/2064/741
f 2016/2051/2016 2017/2050/2017 741/2064/741 740/2065/740
f 887/2066/887 2016/2051/2016 740/2065/740 124/2067/124
f 888/2068/888 2013/2047/2013 2016/2051/2016 887/2066/887
f 889/2055/889 2010/2044/2010 2013/2047/2013 888/2068/888
f 2019/2069/2019 2020/2070/2020 2023/2071/2023 2022/2072/2022
f 2020/2070/2020 2021/2073/2021 2024/2074/2024 2023/2071/2023
f 2022/2072/2022 2023/2071/2023 2026/2075/2026 2025/2076/2025
f 2023/2071/2023 2024/2074/2024 2027/2077/2027 2026/2075/2026
f 109/2058/109 755/2078/755 2019/2069/2019 778/2059/778
f 755/2078/755 756/2079/756 2020/2070/2020 2019/2069/2019
f 756/2079/756 757/2080/757 2021/2073/2021 2020/2070/2020
f 757/2080/757 110/1676/110 781/1712/781 2021/2073/2021
f 2021/2073/2021 781/1712/781 780/1722/780 2024/2074/2024
f 2024/2074/2024 780/1722/780 779/1720/779 2027/2077/2027
f 2027/2077/2027 779/1720/779 106/1721/106 745/2081/745
f 2026/2075/2026 2027/2077/2027 745/2081/745 744/2082/744
f 2025/2076/2025 2026/2075/2026 744/2082/744 743/2083/743
f 776/2061/776 2025/2076/2025 743/2083/743 105/2062/105
f 777/2060/777 2022/2072/2022 2025/2076/2025 776/2061/776
f 778/2059/778 2019/2069/2019 2022/2072/2022 777/2060/777
f 2028/2084/2028 2029/2085/2029 2032/2086/2032 2031/2087/2031
f 2029/2085/2029 2030/2088/2030 2033/2089/2033 2032/2086/2032
f 2031/2087/2031 2032/2086/2032 2035/2090/2035 2034/2091/2034
f 2032/2086/2032 2033/2089/2033 2036/2092/2036 2035/2090/2035
f 125/1917/125 746/1915/746 2028/2084/2028 886/2093/886
f 746/1915/746 747/1914/747 2029/2085/2029 2028/2084/2028
f 747/1914/747 748/1913/748 2030/2088/2030 2029/2085/2029
f 748/1913/748 107/1912/107 784/2094/784 2030/2088/2030
f 2030/2088/2030 784/2094/784 783/2095/783 2033/2089/2033
f 2033/2089/2033 783/2095/783 782/2096/782 2036/2092/2036
f 2036/2092/2036 782/2096/782 109/2058/109 754/2057/754
f 2035/2090/2035 2036/2092/2036 754/2057/754 753/2056/753
f 2034/2091/2034 2035/2090/2035 753/2056/753 752/2054/752
f 884/2097/884 2034/2091/2034 752/2054/752 126/2053/126
f 885/2098/885 2031/2087/2031 2034/2091/2034 884/2097/884
f 886/2093/886 2028/2084/2028 2031/2087/2031 885/2098/885
f 2037/2099/2037 2038/2100/2038 2041/2101/2041 2040/2102/2040
f 2038/2100/2038 2039/2103/2039 2042/2104/2042 2041/2101/2041
f 2040/2102/2040 2041/2101/2041 2044/2105/2044 2043/2106/2043
f 2041/2101/2041 2042/2104/2042 2045/2107/2045 2044/2105/2044
f 107/1912/107 749/1939/749 2037/2099/2037 784/2094/784
f 749/1939/749 750/1938/750 2038/2100/2038 2037/2099/2037
f 750/1938/750 751/1937/751 2039/2103/2039 2038/2100/2038
f 751/1937/751 108/1662/108 787/1664/787 2039/2103/2039
f 2039/2103/2039 787/1664/787 786/1677/786 2042/2104/2042
f 2042/2104/2042 786/1677/786 785/1675/785 2045/2107/2045
f 2045/2107/2045 785/1675/785 110/1676/110 757/2080/757
f 2044/2105/2044 2045/2107/2045 757/2080/757 756/2079/756
f 2043/2106/2043 2044/2105/2044 756/2079/756 755/2078/755
f 782/2096/782 2043/2106/2043 755/2078/755 109/2058/109
f 783/2095/783 2040/2102/2040 2043/2106/2043 782/2096/782
f 784/2094/784 2037/2099/2037 2040/2102/2040 783/2095/783
f 2046/2108/2046 2047/2109/2047 2050/2110/2049 2049/2111/1329
f 2047/2109/2047 2048/2112/2048 2051/2113/2050 2050/2110/2049
f 2049/2111/1329 2050/2110/2049 2053/2114/2052 2052/2115/2051
f 2050/2110/2049 2051/2113/2050 2054/2116/2053 2053/2114/2052
f 24/509/24 818/2117/818 2046/2108/2046 268/510/268
f 818/2117/818 819/2118/819 2047/2109/2047 2046/2108/2046
f 819/2118/819 820/2119/820 2048/2112/2048 2047/2109/2047
f 820/2119/820 121/2021/121 826/2023/826 2048/2112/2048
f 2048/2112/2048 826/2023/826 825/2025/825 2051/2113/2050
f 2051/2113/2050 825/2025/825 824/2042/824 2054/2116/2053
f 2054/2116/2053 824/2042/824 154/2041/154 1054/2120/1054
f 2053/2114/2052 2054/2116/2053 1054/2120/1054 1053/2121/1053
f 2052/2115/2051 2053/2114/2052 1053/2121/1053 1052/2122/1052
f 266/513/266 2052/2115/2051 1052/2122/1052 75/514/75
f 267/512/267 2049/2111/1329 2052/2115/2051 266/513/266
f 268/510/268 2046/2108/2046 2049/2111/1329 267/512/267
f 2056/2123/2055 2057/2124/2056 2055/2125/2054 2065/2126/2064
f 2058/2127/2057 2059/2128/2058 2055/2129/2054 2057/2130/2056
f 2060/2131/2059 2061/2132/2060 2055/2125/2054 2059/2133/2058
f 2062/2134/2061 2063/2135/2062 2055/2125/2054 2061/2132/2060
f 2064/2136/2063 2065/2126/2064 2055/2125/2054 2063/2135/2062
f 9/244/9 788/1853/788 2056/2137/2055 220/534/220
f 788/1853/788 789/1851/789 2057/2130/2056 2056/2137/2055
f 220/536/220 2056/2123/2055 2065/2126/2064 219/537/219
f 111/1848/111 829/1996/829 2058/2127/2057 790/1849/790
f 829/1996/829 828/2009/828 2059/2128/2058 2058/2127/2057
f 790/1849/790 2058/2127/2057 2057/2130/2056 789/1851/789
f 143/2008/143 982/2138/982 2060/2139/2059 827/2007/827
f 982/2140/982 981/2141/981 2061/2142/2060 2060/2143/2059
f 827/2007/827 2060/2139/2059 2059/2128/2058 828/2009/828
f 121/2021/121 820/2119/820 2062/2134/2061 980/2144/980
f 820/2119/820 819/2118/819 2063/2135/2062 2062/2134/2061
f 980/2144/980 2062/2134/2061 2061/2132/2060 981/2145/981
f 24/509/24 218/538/218 2064/2136/2063 818/2117/818
f 218/538/218 219/537/219 2065/2126/2064 2064/2136/2063
f 818/2117/818 2064/2136/2063 2063/2135/2062 819/2118/819
f 2066/2146/2065 2067/2147/2066 2070/2148/2069 2069/2149/2068
f 2067/2147/2066 2068/2150/2067 2071/2151/2070 2070/2148/2069
f 2069/2149/2068 2070/2148/2069 2073/2152/2072 2072/2153/2071
f 2070/2148/2069 2071/2151/2070 2074/2154/2073 2073/2152/2072
f 22/553/22 812/2155/812 2066/2146/2065 262/554/262
f 812/2155/812 813/2156/813 2067/2147/2066 2066/2146/2065
f 813/2156/813 814/2157/814 2068/2150/2067 2067/2147/2066
f 814/2157/814 119/1949/119 832/1980/832 2068/2150/2067
f 2068/2150/2067 832/1980/832 831/1985/831 2071/2151/2070
f 2071/2151/2070 831/1985/831 830/1984/830 2074/2154/2073
f 2074/2154/2073 830/1984/830 120/1762/120 817/2158/817
f 2073/2152/2072 2074/2154/2073 817/2158/817 816/2159/816
f 2072/2153/2071 2073/2152/2072 816/2159/816 815/2160/815
f 260/557/260 2072/2153/2071 815/2160/815 21/558/21
f 261/556/261 2069/2149/2068 2072/2153/2071 260/557/260
f 262/554/262 2066/2146/2065 2069/2149/2068 261/556/261
f 2075/2161/2074 2076/2162/2075 2079/2163/2078 2078/2164/2077
f 2076/2162/2075 2077/2165/2076 2080/2166/2079 2079/2163/2078
f 2078/2164/2077 2079/2163/2078 2082/2167/2081 2081/2168/2080
f 2079/2163/2078 2080/2166/2079 2083/2169/2082 2082/2167/2081
f 42/573/42 881/2170/881 2075/2161/2074 388/574/388
f 881/2170/881 882/2171/882 2076/2162/2075 2075/2161/2074
f 882/2171/882 883/2172/883 2077/2165/2076 2076/2162/2075
f 883/2172/883 127/2173/127 874/2174/874 2077/2165/2076
f 2077/2165/2076 874/2174/874 873/2175/873 2080/2166/2079
f 2080/2166/2079 873/2175/873 872/2176/872 2083/2169/2082
f 2083/2169/2082 872/2176/872 119/1949/119 814/2157/814
f 2082/2167/2081 2083/2169/2082 814/2157/814 813/2156/813
f 2081/2168/2080 2082/2167/2081 813/2156/813 812/2155/812
f 386/577/386 2081/2168/2080 812/2155/812 22/553/22
f 387/576/387 2078/2164/2077 2081/2168/2080 386/577/386
f 388/574/388 2075/2161/2074 2078/2164/2077 387/576/387
f 2084/2177/2083 2085/2178/2084 2088/2179/2087 2087/2180/2086
f 2085/2178/2084 2086/2181/2085 2089/2182/2088 2088/2179/2087
f 2087/2180/2086 2088/2179/2087 2091/2183/2090 2090/2184/2089
f 2088/2179/2087 2089/2182/2088 2092/2185/2091 2091/2183/2090
f 14/593/14 806/2186/806 2084/2177/2083 181/594/181
f 806/2186/806 807/2187/807 2085/2178/2084 2084/2177/2083
f 807/2187/807 808/2188/808 2086/2181/2085 2085/2178/2084
f 808/2188/808 117/1651/117 838/1888/838 2086/2181/2085
f 2086/2181/2085 838/1888/838 837/1893/837 2089/2182/2088
f 2089/2182/2088 837/1893/837 836/1892/836 2092/2185/2091
f 2092/2185/2091 836/1892/836 118/1687/118 811/2189/811
f 2091/2183/2090 2092/2185/2091 811/2189/811 810/2190/810
f 2090/2184/2089 2091/2183/2090 810/2190/810 809/2191/809
f 179/597/179 2090/2184/2089 809/2191/809 13/598/13
f 180/596/180 2087/2180/2086 2090/2184/2089 179/597/179
f 181/594/181 2084/2177/2083 2087/2180/2086 180/596/180
f 2093/2192/2092 2094/2193/2093 2097/2194/2096 2096/2195/2095
f 2094/2193/2093 2095/2196/2094 2098/2197/2097 2097/2194/2096
f 2096/2198/2095 2097/2199/2096 2100/2200/2099 2099/2201/2098
f 2097/2199/2096 2098/2202/2097 2101/2203/2100 2100/2200/2099
f 101/1671/101 803/2204/803 2093/2205/2092 683/1713/683
f 803/2206/803 804/2207/804 2094/2193/2093 2093/2192/2092
f 804/2207/804 805/2208/805 2095/2196/2094 2094/2193/2093
f 805/2208/805 116/1834/116 841/1872/841 2095/2196/2094
f 2095/2196/2094 841/1872/841 840/1878/840 2098/2197/2097
f 2098/2202/2097 840/1877/840 839/1876/839 2101/2203/2100
f 2101/2203/2100 839/1876/839 113/1776/113 796/1774/796
f 2100/2200/2099 2101/2203/2100 796/1774/796 795/1773/795
f 2099/2201/2098 2100/2200/2099 795/1773/795 794/1772/794
f 685/2209/685 2099/2201/2098 794/1772/794 96/1771/96
f 684/1714/684 2096/2210/2095 2099/2211/2098 685/1715/685
f 683/1713/683 2093/2205/2092 2096/2210/2095 684/1714/684
f 2102/2212/2101 2103/2213/2102 2106/2214/2105 2105/2215/2104
f 2103/2213/2102 2104/2216/2103 2107/2217/2106 2106/2214/2105
f 2105/2215/2104 2106/2214/2105 2109/2218/2108 2108/2219/2107
f 2106/2214/2105 2107/2217/2106 2110/2220/2109 2109/2218/2108
f 95/1999/95 682/1998/682 2102/2212/2101 713/2221/713
f 682/1998/682 681/1997/681 2103/2213/2102 2102/2212/2101
f 681/1997/681 680/1995/680 2104/2216/2103 2103/2213/2102
f 680/1995/680 111/1848/111 844/1850/844 2104/2216/2103
f 2104/2216/2103 844/1850/844 843/1852/843 2107/2217/2106
f 2107/2217/2106 843/1852/843 842/1859/842 2110/2220/2109
f 2110/2220/2109 842/1859/842 115/1816/115 802/2222/802
f 2109/2218/2108 2110/2220/2109 802/2222/802 801/2223/801
f 2108/2219/2107 2109/2218/2108 801/2223/801 800/2224/800
f 715/2225/715 2108/2219/2107 800/2224/800 102/2226/102
f 714/2227/714 2105/2215/2104 2108/2219/2107 715/2225/715
f 713/2221/713 2102/2212/2101 2105/2215/2104 714/2227/714
f 2111/2228/2110 2112/2229/2111 2115/2230/2114 2114/2231/2113
f 2112/2229/2111 2113/2232/2112 2116/2233/2115 2115/2230/2114
f 2114/2231/2113 2115/2230/2114 2118/2234/2117 2117/2235/2116
f 2115/2230/2114 2116/2233/2115 2119/2236/2118 2118/2234/2117
f 102/1667/102 800/2237/800 2111/2238/2110 704/1668/704
f 800/2224/800 801/2223/801 2112/2229/2111 2111/2228/2110
f 801/2223/801 802/2222/802 2113/2232/2112 2112/2229/2111
f 802/2222/802 115/1816/115 847/1818/847 2113/2232/2112
f 2113/2232/2112 847/1818/847 846/1820/846 2116/2233/2115
f 2116/2233/2115 846/1820/846 845/1835/845 2119/2236/2118
f 2119/2236/2118 845/1835/845 116/1834/116 805/2208/805
f 2118/2234/2117 2119/2236/2118 805/2208/805 804/2207/804
f 2117/2235/2116 2118/2234/2117 804/2207/804 803/2206/803
f 706/1670/706 2117/2239/2116 803/2204/803 101/1671/101
f 705/1669/705 2114/2240/2113 2117/2239/2116 706/1670/706
f 704/1668/704 2111/2238/2110 2114/2240/2113 705/1669/705
f 2120/2241/2119 2121/2242/2120 2124/2243/2123 2123/2244/2122
f 2121/2242/2120 2122/2245/2121 2125/2246/2124 2124/2243/2123
f 2123/2244/2122 2124/2243/2123 2127/2247/2126 2126/2248/2125
f 2124/2243/2123 2125/2246/2124 2128/2249/2127 2127/2247/2126
f 21/558/21 815/2160/815 2120/2241/2119 259/662/259
f 815/2160/815 816/2159/816 2121/2242/2120 2120/2241/2119
f 816/2159/816 817/2158/817 2122/2245/2121 2121/2242/2120
f 817/2158/817 120/1762/120 850/1764/850 2122/2245/2121
f 2122/2245/2121 850/1764/850 849/1777/849 2125/2246/2124
f 2125/2246/2124 849/1777/849 848/1775/848 2128/2249/2127
f 2128/2249/2127 848/1775/848 113/1776/113 707/1875/707
f 2127/2247/2126 2128/2249/2127 707/1875/707 708/1874/708
f 2126/2248/2125 2127/2247/2126 708/1874/708 709/1873/709
f 257/664/257 2126/2248/2125 709/1873/709 10/266/10
f 258/663/258 2123/2244/2122 2126/2248/2125 257/664/257
f 259/662/259 2120/2241/2119 2123/2244/2122 258/663/258
f 2130/2250/2129 2131/2251/2130 2129/2252/2128 2139/2253/2138
f 2132/2254/2131 2133/2255/2132 2129/2252/2128 2131/2251/2130
f 2134/2256/2133 2135/2257/2134 2129/2252/2128 2133/2255/2132
f 2136/2258/2135 2137/2259/2136 2129/2252/2128 2135/2257/2134
f 2138/2260/2137 2139/2253/2138 2129/2252/2128 2137/2259/2136
f 44/676/44 878/2261/878 2130/2250/2129 394/677/394
f 878/2261/878 879/2262/879 2131/2251/2130 2130/2250/2129
f 394/677/394 2130/2250/2129 2139/2253/2138 393/679/393
f 128/2263/128 877/2264/877 2132/2254/2131 880/2265/880
f 877/2264/877 876/2266/876 2133/2255/2132 2132/2254/2131
f 880/2265/880 2132/2254/2131 2131/2251/2130 879/2262/879
f 135/2267/135 937/2268/937 2134/2256/2133 875/2269/875
f 937/2268/937 936/2270/936 2135/2257/2134 2134/2256/2133
f 875/2269/875 2134/2256/2133 2133/2255/2132 876/2266/876
f 114/2271/114 710/2272/710 2136/2258/2135 935/2273/935
f 710/2272/710 711/2274/711 2137/2259/2136 2136/2258/2135
f 935/2273/935 2136/2258/2135 2135/2257/2134 936/2270/936
f 11/681/11 392/683/392 2138/2260/2137 712/2275/712
f 392/683/392 393/679/393 2139/2253/2138 2138/2260/2137
f 712/2275/712 2138/2260/2137 2137/2259/2136 711/2274/711
f 2140/2276/2139 2141/2277/2140 2144/2278/2143 2143/2279/2142
f 2141/2277/2140 2142/2280/2141 2145/2281/2144 2144/2278/2143
f 2143/2279/2142 2144/2278/2143 2147/2282/2146 2146/2283/2145
f 2144/2278/2143 2145/2281/2144 2148/2284/2147 2147/2282/2146
f 13/598/13 809/2191/809 2140/2276/2139 184/705/184
f 809/2191/809 810/2190/810 2141/2277/2140 2140/2276/2139
f 810/2190/810 811/2189/811 2142/2280/2141 2141/2277/2140
f 811/2189/811 118/1687/118 856/1689/856 2142/2280/2141
f 2142/2280/2141 856/1689/856 855/1702/855 2145/2281/2144
f 2145/2281/2144 855/1702/855 854/1700/854 2148/2284/2147
f 2148/2284/2147 854/1700/854 112/1701/112 793/2285/793
f 2147/2282/2146 2148/2284/2147 793/2285/793 792/2286/792
f 2146/2283/2145 2147/2282/2146 792/2286/792 791/2287/791
f 182/707/182 2146/2283/2145 791/2287/791 12/708/12
f 183/706/183 2143/2279/2142 2146/2283/2145 182/707/182
f 184/705/184 2140/2276/2139 2143/2279/2142 183/706/183
f 2149/2288/2148 2150/2289/2149 2153/2290/2152 2152/2291/2151
f 2150/2289/2149 2151/2292/2150 2154/2293/2153 2153/2290/2152
f 2152/2291/2151 2153/2290/2152 2156/2294/2155 2155/2295/2154
f 2153/2290/2152 2154/2293/2153 2157/2296/2156 2156/2294/2155
f 11/721/11 712/2297/712 2149/2288/2148 223/722/223
f 712/2297/712 711/2298/711 2150/2289/2149 2149/2288/2148
f 711/2298/711 710/2299/710 2151/2292/2150 2150/2289/2149
f 710/2299/710 114/1637/114 859/1639/859 2151/2292/2150
f 2151/2292/2150 859/1639/859 858/1652/858 2154/2293/2153
f 2154/2293/2153 858/1652/858 857/1650/857 2157/2296/2156
f 2157/2296/2156 857/1650/857 117/1651/117 808/2188/808
f 2156/2294/2155 2157/2296/2156 808/2188/808 807/2187/807
f 2155/2295/2154 2156/2294/2155 807/2187/807 806/2186/806
f 221/725/221 2155/2295/2154 806/2186/806 14/593/14
f 222/724/222 2152/2291/2151 2155/2295/2154 221/725/221
f 223/722/223 2149/2288/2148 2152/2291/2151 222/724/222
f 2158/2300/2157 2159/2301/2158 2162/2302/2161 2161/2303/2160
f 2159/2301/2158 2160/2304/2159 2163/2305/2162 2162/2302/2161
f 2161/2303/2160 2162/2302/2161 2165/2306/2164 2164/2307/2163
f 2162/2302/2161 2163/2305/2162 2166/2308/2165 2165/2306/2164
f 23/737/23 821/2309/821 2158/2300/2157 265/738/265
f 821/2309/821 822/2310/822 2159/2301/2158 2158/2300/2157
f 822/2310/822 823/2311/823 2160/2304/2159 2159/2301/2158
f 823/2311/823 122/2312/122 853/2313/853 2160/2304/2159
f 2160/2304/2159 853/2313/853 852/2314/852 2163/2305/2162
f 2163/2305/2162 852/2314/852 851/2315/851 2166/2308/2165
f 2166/2308/2165 851/2315/851 128/2263/128 880/2265/880
f 2165/2306/2164 2166/2308/2165 880/2265/880 879/2262/879
f 2164/2307/2163 2165/2306/2164 879/2262/879 878/2261/878
f 263/741/263 2164/2307/2163 878/2261/878 44/676/44
f 264/740/264 2161/2303/2160 2164/2307/2163 263/741/263
f 265/738/265 2158/2300/2157 2161/2303/2160 264/740/264
f 2167/2316/2166 2168/2317/2167 2171/2318/2170 2170/2319/2169
f 2168/2320/2167 2169/2321/2168 2172/2322/2171 2171/2323/2170
f 2170/2319/2169 2171/2318/2170 2174/2324/2173 2173/2325/2172
f 2171/2318/2170 2172/2326/2171 2175/2327/2174 2174/2324/2173
f 12/708/12 791/2287/791 2167/2328/2166 217/760/217
f 791/2287/791 792/2286/792 2168/2320/2167 2167/2328/2166
f 792/2286/792 793/2285/793 2169/2321/2168 2168/2320/2167
f 793/2285/793 112/1701/112 835/2329/835 2169/2321/2168
f 2169/2321/2168 835/2329/835 834/2330/834 2172/2322/2171
f 2172/2326/2171 834/2331/834 833/2332/833 2175/2327/2174
f 2175/2327/2174 833/2332/833 127/2173/127 883/2172/883
f 2174/2324/2173 2175/2327/2174 883/2172/883 882/2171/882
f 2173/2325/2172 2174/2324/2173 882/2171/882 881/2170/881
f 215/764/215 2173/2325/2172 881/2170/881 42/573/42
f 216/763/216 2170/2319/2169 2173/2325/2172 215/764/215
f 217/762/217 2167/2316/2166 2170/2319/2169 216/763/216
f 2176/2333/2175 2177/2334/2176 2180/2335/2179 2179/2336/2178
f 2177/2334/2176 2178/2337/2177 2181/2338/2180 2180/2335/2179
f 2179/2336/2178 2180/2335/2179 2183/2339/2182 2182/2340/2181
f 2180/2335/2179 2181/2338/2180 2184/2341/2183 2183/2339/2182
f 97/2342/97 866/2343/866 2176/2333/2175 688/2344/688
f 866/2343/866 867/2345/867 2177/2334/2176 2176/2333/2175
f 867/2345/867 868/2346/868 2178/2337/2177 2177/2334/2176
f 868/2346/868 125/1917/125 886/2093/886 2178/2337/2177
f 2178/2337/2177 886/2093/886 885/2098/885 2181/2338/2180
f 2181/2338/2180 885/2098/885 884/2097/884 2184/2341/2183
f 2184/2341/2183 884/2097/884 126/2053/126 871/2347/871
f 2183/2339/2182 2184/2341/2183 871/2347/871 870/2348/870
f 2182/2340/2181 2183/2339/2182 870/2348/870 869/2349/869
f 686/1891/686 2182/2350/2181 869/2351/869 98/1692/98
f 687/2352/687 2179/2336/2178 2182/2340/2181 686/2353/686
f 688/2344/688 2176/2333/2175 2179/2336/2178 687/2352/687
f 2185/2354/2184 2186/2355/2185 2189/2356/2188 2188/2357/2187
f 2186/2355/2185 2187/2358/2186 2190/2359/2189 2189/2356/2188
f 2188/2357/2187 2189/2356/2188 2192/2360/2191 2191/2361/2190
f 2189/2356/2188 2190/2359/2189 2193/2362/2192 2192/2360/2191
f 98/1692/98 869/2351/869 2185/2363/2184 691/1693/691
f 869/2349/869 870/2348/870 2186/2355/2185 2185/2354/2184
f 870/2348/870 871/2347/871 2187/2358/2186 2186/2355/2185
f 871/2347/871 126/2053/126 889/2055/889 2187/2358/2186
f 2187/2358/2186 889/2055/889 888/2068/888 2190/2359/2189
f 2190/2359/2189 888/2068/888 887/2066/887 2193/2362/2192
f 2193/2362/2192 887/2066/887 124/2067/124 865/2364/865
f 2192/2360/2191 2193/2362/2192 865/2364/865 864/2365/864
f 2191/2361/2190 2192/2360/2191 864/2365/864 863/2366/863
f 689/1695/689 2191/2367/2190 863/2368/863 100/1696/100
f 690/1694/690 2188/2369/2187 2191/2367/2190 689/1695/689
f 691/1693/691 2185/2363/2184 2188/2369/2187 690/1694/690
f 2194/2370/2193 2195/2371/2194 2198/2372/2197 2197/2373/2196
f 2195/2371/2194 2196/2374/2195 2199/2375/2198 2198/2372/2197
f 2197/2373/2196 2198/2372/2197 2201/2376/2200 2200/2377/2199
f 2198/2372/2197 2199/2375/2198 2202/2378/2201 2201/2376/2200
f 112/1701/112 692/1699/692 2194/2370/2193 835/2329/835
f 692/1699/692 693/1698/693 2195/2371/2194 2194/2370/2193
f 693/1698/693 694/1697/694 2196/2374/2195 2195/2371/2194
f 694/1697/694 100/1696/100 863/2368/863 2196/2374/2195
f 2196/2374/2195 863/2368/863 864/2379/864 2199/2375/2198
f 2199/2375/2198 864/2379/864 865/2380/865 2202/2378/2201
f 2202/2378/2201 865/2380/865 124/2381/124 892/2382/892
f 2201/2376/2200 2202/2378/2201 892/2382/892 891/2383/891
f 2200/2377/2199 2201/2376/2200 891/2383/891 890/2384/890
f 833/2385/833 2200/2377/2199 890/2384/890 127/2386/127
f 834/2330/834 2197/2373/2196 2200/2377/2199 833/2385/833
f 835/2329/835 2194/2370/2193 2197/2373/2196 834/2330/834
f 2203/2387/2202 2204/2388/2203 2207/2389/2206 2206/2390/2205
f 2204/2388/2203 2205/2391/2204 2208/2392/2207 2207/2389/2206
f 2206/2390/2205 2207/2389/2206 2210/2393/2209 2209/2394/2208
f 2207/2389/2206 2208/2392/2207 2211/2395/2210 2210/2393/2209
f 99/2396/99 700/2397/700 2203/2387/2202 697/2398/697
f 700/2397/700 699/2399/699 2204/2388/2203 2203/2387/2202
f 699/2399/699 698/2400/698 2205/2391/2204 2204/2388/2203
f 698/2400/698 123/1903/123 895/1905/895 2205/2391/2204
f 2205/2391/2204 895/1905/895 894/1918/894 2208/2392/2207
f 2208/2392/2207 894/1918/894 893/1916/893 2211/2395/2210
f 2211/2395/2210 893/1916/893 125/1917/125 868/2346/868
f 2210/2393/2209 2211/2395/2210 868/2346/868 867/2345/867
f 2209/2394/2208 2210/2393/2209 867/2345/867 866/2343/866
f 695/2401/695 2209/2394/2208 866/2343/866 97/2342/97
f 696/2402/696 2206/2390/2205 2209/2394/2208 695/2401/695
f 697/2398/697 2203/2387/2202 2206/2390/2205 696/2402/696
f 2212/2403/2211 2213/2404/2212 2216/2405/2215 2215/2406/2214
f 2213/2404/2212 2214/2407/2213 2217/2408/2216 2216/2405/2215
f 2215/2406/2214 2216/2405/2215 2219/2409/2218 2218/2410/2217
f 2216/2405/2215 2217/2408/2216 2220/2411/2219 2219/2409/2218
f 122/2412/122 964/2413/964 2212/2403/2211 853/2414/853
f 964/2413/964 963/2415/963 2213/2404/2212 2212/2403/2211
f 963/2415/963 962/2416/962 2214/2407/2213 2213/2404/2212
f 962/2416/962 137/2417/137 943/2418/943 2214/2407/2213
f 2214/2407/2213 943/2418/943 942/2419/942 2217/2408/2216
f 2217/2408/2216 942/2419/942 941/2420/941 2220/2411/2219
f 2220/2411/2219 941/2420/941 136/2421/136 925/2422/925
f 2219/2409/2218 2220/2411/2219 925/2422/925 924/2423/924
f 2218/2410/2217 2219/2409/2218 924/2423/924 923/2424/923
f 851/2425/851 2218/2410/2217 923/2424/923 128/2426/128
f 852/2427/852 2215/2406/2214 2218/2410/2217 851/2425/851
f 853/2414/853 2212/2403/2211 2215/2406/2214 852/2427/852
f 2221/2428/2220 2222/2429/2221 2225/2430/2224 2224/2431/2223
f 2222/2429/2221 2223/2432/2222 2226/2433/2225 2225/2430/2224
f 2224/2434/2223 2225/2435/2224 2228/2436/2227 2227/2437/2226
f 2225/2435/2224 2226/2438/2225 2229/2439/2228 2228/2436/2227
f 132/2440/132 908/2441/908 2221/2428/2220 907/2442/907
f 908/2441/908 909/2443/909 2222/2429/2221 2221/2428/2220
f 909/2443/909 910/2444/910 2223/2432/2222 2222/2429/2221
f 910/2444/910 129/2445/129 899/2446/899 2223/2432/2222
f 2223/2447/2222 899/2448/899 900/2449/900 2226/2450/2225
f 2226/2450/2225 900/2449/900 901/2451/901 2229/2452/2228
f 2229/2452/2228 901/2451/901 130/2453/130 904/2454/904
f 2228/2436/2227 2229/2439/2228 904/2455/904 903/2456/903
f 2227/2437/2226 2228/2436/2227 903/2456/903 902/2457/902
f 905/2458/905 2227/2437/2226 902/2457/902 131/2459/131
f 906/2460/906 2224/2434/2223 2227/2437/2226 905/2458/905
f 907/2442/907 2221/2428/2220 2224/2431/2223 906/2461/906
f 2230/2462/2229 2231/2463/2230 2234/2464/2233 2233/2465/2232
f 2231/2463/2230 2232/2466/2231 2235/2467/2234 2234/2464/2233
f 2233/2465/2232 2234/2464/2233 2237/2468/2236 2236/2469/2235
f 2234/2464/2233 2235/2467/2234 2238/2470/2237 2237/2468/2236
f 124/2381/124 922/2471/922 2230/2462/2229 892/2382/892
f 922/2471/922 921/2472/921 2231/2463/2230 2230/2462/2229
f 921/2472/921 920/2473/920 2232/2466/2231 2231/2463/2230
f 920/2473/920 129/2445/129 910/2444/910 2232/2466/2231
f 2232/2466/2231 910/2444/910 909/2443/909 2235/2467/2234
f 2235/2467/2234 909/2443/909 908/2441/908 2238/2470/2237
f 2238/2470/2237 908/2441/908 132/2440/132 919/2474/919
f 2237/2468/2236 2238/2470/2237 919/2474/919 918/2475/918
f 2236/2469/2235 2237/2468/2236 918/2475/918 917/2476/917
f 890/2384/890 2236/2469/2235 917/2476/917 127/2386/127
f 891/2383/891 2233/2465/2232 2236/2469/2235 890/2384/890
f 892/2382/892 2230/2462/2229 2233/2465/2232 891/2383/891
f 2240/2477/2239 2241/2478/2240 2239/2479/2238 2249/2480/2248
f 2242/2481/2241 2243/2482/2242 2239/2479/2238 2241/2478/2240
f 2244/2483/2243 2245/2484/2244 2239/2485/2238 2243/2486/2242
f 2246/2487/2245 2247/2488/2246 2239/2485/2238 2245/2484/2244
f 2248/2489/2247 2249/2490/2248 2239/2485/2238 2247/2488/2246
f 127/2386/127 917/2476/917 2240/2491/2239 874/2492/874
f 917/2476/917 918/2475/918 2241/2493/2240 2240/2491/2239
f 874/2174/874 2240/2494/2239 2249/2490/2248 873/2175/873
f 132/2440/132 907/2442/907 2242/2495/2241 919/2474/919
f 907/2496/907 906/2460/906 2243/2486/2242 2242/2497/2241
f 919/2474/919 2242/2495/2241 2241/2493/2240 918/2475/918
f 131/2459/131 1064/2498/1064 2244/2483/2243 905/2458/905
f 1064/2498/1064 1065/2499/1065 2245/2484/2244 2244/2483/2243
f 905/2458/905 2244/2483/2243 2243/2486/2242 906/2460/906
f 157/1954/157 914/1953/914 2246/2487/2245 1066/2500/1066
f 914/1953/914 915/1952/915 2247/2488/2246 2246/2487/2245
f 1066/2500/1066 2246/2487/2245 2245/2484/2244 1065/2499/1065
f 119/1949/119 872/2176/872 2248/2489/2247 916/1950/916
f 872/2176/872 873/2175/873 2249/2490/2248 2248/2489/2247
f 916/1950/916 2248/2489/2247 2247/2488/2246 915/1952/915
f 2251/2501/2250 2252/2502/2251 2250/2503/2249 2260/2504/2259
f 2253/2505/2252 2254/2506/2253 2250/2503/2249 2252/2502/2251
f 2255/2507/2254 2256/2508/2255 2250/2503/2249 2254/2506/2253
f 2257/2509/2256 2258/2510/2257 2250/2503/2249 2256/2508/2255
f 2259/2511/2258 2260/2504/2259 2250/2503/2249 2258/2510/2257
f 105/2062/105 1067/2512/1067 2251/2501/2250 742/2063/742
f 1067/2512/1067 1068/2513/1068 2252/2502/2251 2251/2501/2250
f 742/2063/742 2251/2501/2250 2260/2504/2259 741/2064/741
f 158/1962/158 911/2514/911 2253/2515/2252 1069/1963/1069
f 911/2516/911 912/2517/912 2254/2506/2253 2253/2505/2252
f 1069/2518/1069 2253/2505/2252 2252/2502/2251 1068/2513/1068
f 130/2453/130 901/2451/901 2255/2507/2254 913/2519/913
f 901/2451/901 900/2449/900 2256/2508/2255 2255/2507/2254
f 913/2519/913 2255/2507/2254 2254/2506/2253 912/2517/912
f 129/2520/129 920/2521/920 2257/2509/2256 899/2448/899
f 920/2521/920 921/2522/921 2258/2510/2257 2257/2509/2256
f 899/2448/899 2257/2509/2256 2256/2508/2255 900/2449/900
f 124/2067/124 740/2065/740 2259/2511/2258 922/2523/922
f 740/2065/740 741/2064/741 2260/2504/2259 2259/2511/2258
f 922/2523/922 2259/2511/2258 2258/2510/2257 921/2522/921
f 2262/2524/2261 2263/2525/2262 2261/2526/2260 2267/2527/2266
f 2264/2528/2263 2265/2529/2264 2261/2526/2260 2263/2525/2262
f 2266/2530/2265 2267/2527/2266 2261/2526/2260 2265/2529/2264
f 133/2531/133 896/2532/896 2262/2524/2261 931/2533/931
f 896/2532/896 897/2534/897 2263/2525/2262 2262/2524/2261
f 931/2533/931 2262/2524/2261 2267/2527/2266 930/2535/930
f 123/1903/123 698/2400/698 2264/2528/2263 898/2536/898
f 698/2400/698 699/2399/699 2265/2529/2264 2264/2528/2263
f 898/2536/898 2264/2528/2263 2263/2525/2262 897/2534/897
f 99/2396/99 929/2537/929 2266/2530/2265 700/2397/700
f 929/2537/929 930/2535/930 2267/2527/2266 2266/2530/2265
f 700/2397/700 2266/2530/2265 2265/2529/2264 699/2399/699
f 2268/2538/2267 2269/2539/2268 2272/2540/2271 2271/2541/2270
f 2269/2539/2268 2270/2542/2269 2273/2543/2272 2272/2540/2271
f 2271/2541/2270 2272/2540/2271 2275/2544/2274 2274/2545/2273
f 2272/2540/2271 2273/2543/2272 2276/2546/2275 2275/2544/2274
f 134/2547/134 773/2548/773 2268/2538/2267 934/2549/934
f 773/2550/773 774/2551/774 2269/2552/2268 2268/2553/2267
f 774/2551/774 775/2554/775 2270/2555/2269 2269/2552/2268
f 775/2556/775 104/1908/104 860/1907/860 2270/2542/2269
f 2270/2542/2269 860/1907/860 861/1906/861 2273/2543/2272
f 2273/2543/2272 861/1906/861 862/1904/862 2276/2546/2275
f 2276/2546/2275 862/1904/862 123/1903/123 898/2536/898
f 2275/2544/2274 2276/2546/2275 898/2536/898 897/2534/897
f 2274/2545/2273 2275/2544/2274 897/2534/897 896/2532/896
f 932/2557/932 2274/2545/2273 896/2532/896 133/2531/133
f 933/2558/933 2271/2541/2270 2274/2545/2273 932/2557/932
f 934/2549/934 2268/2538/2267 2271/2541/2270 933/2558/933
f 2278/2559/2277 2279/2560/2278 2277/2561/2276 2283/2562/2282
f 2280/2563/2279 2281/2564/2280 2277/2565/2276 2279/2566/2278
f 2282/2567/2281 2283/2568/2282 2277/2565/2276 2281/2564/2280
f 99/1642/99 797/1641/797 2278/2559/2277 938/1751/938
f 797/1641/797 798/1640/798 2279/2560/2278 2278/2559/2277
f 938/1751/938 2278/2559/2277 2283/2562/2282 939/1738/939
f 114/1637/114 935/2569/935 2280/2570/2279 799/1638/799
f 935/2273/935 936/2270/936 2281/2564/2280 2280/2563/2279
f 799/1638/799 2280/2570/2279 2279/2560/2278 798/1640/798
f 135/1734/135 940/1736/940 2282/2571/2281 937/2572/937
f 940/1736/940 939/1738/939 2283/2562/2282 2282/2571/2281
f 937/2268/937 2282/2567/2281 2281/2564/2280 936/2270/936
f 2284/2573/2283 2285/2574/2284 2288/2575/2287 2287/2576/2286
f 2285/2574/2284 2286/2577/2285 2289/2578/2288 2288/2575/2287
f 2287/2576/2286 2288/2575/2287 2291/2579/2290 2290/2580/2289
f 2288/2575/2287 2289/2578/2288 2292/2581/2291 2291/2579/2290
f 136/2582/136 947/2583/947 2284/2573/2283 946/2584/946
f 947/2583/947 948/2585/948 2285/2574/2284 2284/2573/2283
f 948/2585/948 949/2586/949 2286/2577/2285 2285/2574/2284
f 949/2587/949 139/2588/139 955/2589/955 2286/2590/2285
f 2286/2590/2285 955/2589/955 954/2591/954 2289/2592/2288
f 2289/2592/2288 954/2591/954 953/2593/953 2292/2594/2291
f 2292/2595/2291 953/2596/953 141/1743/141 959/1745/959
f 2291/2597/2290 2292/2595/2291 959/1745/959 960/1742/960
f 2290/2598/2289 2291/2597/2290 960/1742/960 961/1740/961
f 944/2599/944 2290/2598/2289 961/1740/961 138/1739/138
f 945/2600/945 2287/2576/2286 2290/2580/2289 944/2601/944
f 946/2584/946 2284/2573/2283 2287/2576/2286 945/2600/945
f 2293/2602/2292 2294/2603/2293 2297/2604/2296 2296/2605/2295
f 2294/2603/2293 2295/2606/2294 2298/2607/2297 2297/2604/2296
f 2296/2605/2295 2297/2604/2296 2300/2608/2299 2299/2609/2298
f 2297/2604/2296 2298/2607/2297 2301/2610/2300 2300/2608/2299
f 137/2611/137 950/2612/950 2293/2613/2292 943/2614/943
f 950/2612/950 951/2615/951 2294/2616/2293 2293/2613/2292
f 951/2615/951 952/2617/952 2295/2618/2294 2294/2616/2293
f 952/2617/952 140/2619/140 958/2620/958 2295/2618/2294
f 2295/2621/2294 958/2622/958 957/2623/957 2298/2624/2297
f 2298/2624/2297 957/2623/957 956/2625/956 2301/2626/2300
f 2301/2626/2300 956/2625/956 139/2588/139 949/2587/949
f 2300/2608/2299 2301/2610/2300 949/2586/949 948/2585/948
f 2299/2609/2298 2300/2608/2299 948/2585/948 947/2583/947
f 941/2627/941 2299/2609/2298 947/2583/947 136/2582/136
f 942/2628/942 2296/2605/2295 2299/2609/2298 941/2627/941
f 943/2629/943 2293/2602/2292 2296/2605/2295 942/2628/942
f 2302/2630/2301 2303/2631/2302 2306/2632/2305 2305/2633/2304
f 2303/2631/2302 2304/2634/2303 2307/2635/2306 2306/2632/2305
f 2305/2633/2304 2306/2632/2305 2309/2636/2308 2308/2637/2307
f 2306/2632/2305 2307/2635/2306 2310/2638/2309 2309/2636/2308
f 133/2531/133 976/2639/976 2302/2630/2301 932/2557/932
f 976/2639/976 975/2640/975 2303/2631/2302 2302/2630/2301
f 975/2640/975 974/2641/974 2304/2634/2303 2303/2631/2302
f 974/2641/974 139/2588/139 956/2625/956 2304/2634/2303
f 2304/2634/2303 956/2625/956 957/2623/957 2307/2635/2306
f 2307/2635/2306 957/2623/957 958/2622/958 2310/2638/2309
f 2310/2638/2309 958/2622/958 140/2642/140 973/2643/973
f 2309/2636/2308 2310/2638/2309 973/2643/973 972/2644/972
f 2308/2637/2307 2309/2636/2308 972/2644/972 971/2645/971
f 934/2549/934 2308/2637/2307 971/2645/971 134/2547/134
f 933/2558/933 2305/2633/2304 2308/2637/2307 934/2549/934
f 932/2557/932 2302/2630/2301 2305/2633/2304 933/2558/933
f 2311/2646/2310 2312/2647/2311 2315/2648/2314 2314/2649/2313
f 2312/2647/2311 2313/2650/2312 2316/2651/2315 2315/2648/2314
f 2314/2649/2313 2315/2648/2314 2318/2652/2317 2317/2653/2316
f 2315/2648/2314 2316/2651/2315 2319/2654/2318 2318/2652/2317
f 134/2655/134 971/2656/971 2311/2646/2310 928/2657/928
f 971/2656/971 972/2658/972 2312/2647/2311 2311/2646/2310
f 972/2658/972 973/2659/973 2313/2650/2312 2312/2647/2311
f 973/2659/973 140/2619/140 952/2617/952 2313/2650/2312
f 2313/2650/2312 952/2617/952 951/2615/951 2316/2651/2315
f 2316/2651/2315 951/2615/951 950/2612/950 2319/2654/2318
f 2319/2654/2318 950/2612/950 137/2611/137 962/2660/962
f 2318/2652/2317 2319/2654/2318 962/2660/962 963/2661/963
f 2317/2653/2316 2318/2652/2317 963/2661/963 964/2662/964
f 926/2663/926 2317/2653/2316 964/2662/964 122/2664/122
f 927/2665/927 2314/2649/2313 2317/2653/2316 926/2663/926
f 928/2657/928 2311/2646/2310 2314/2649/2313 927/2665/927
f 2320/2666/2319 2321/2667/2320 2324/2668/2323 2323/2669/2322
f 2321/2667/2320 2322/2670/2321 2325/2671/2324 2324/2668/2323
f 2323/2669/2322 2324/2668/2323 2327/2672/2326 2326/2673/2325
f 2324/2668/2323 2325/2671/2324 2328/2674/2327 2327/2672/2326
f 128/2426/128 923/2424/923 2320/2666/2319 877/2675/877
f 923/2424/923 924/2423/924 2321/2667/2320 2320/2666/2319
f 924/2423/924 925/2422/925 2322/2670/2321 2321/2667/2320
f 925/2422/925 136/2421/136 946/2676/946 2322/2670/2321
f 2322/2670/2321 946/2676/946 945/2677/945 2325/2671/2324
f 2325/2671/2324 945/2677/945 944/2678/944 2328/2674/2327
f 2328/2679/2327 944/2599/944 138/1739/138 968/1741/968
f 2327/2680/2326 2328/2679/2327 968/1741/968 969/1737/969
f 2326/2681/2325 2327/2680/2326 969/1737/969 970/1735/970
f 875/2682/875 2326/2681/2325 970/1735/970 135/1734/135
f 876/2683/876 2323/2669/2322 2326/2673/2325 875/2684/875
f 877/2675/877 2320/2666/2319 2323/2669/2322 876/2683/876
f 2330/2685/2329 2331/2686/2330 2329/2687/2328 2339/2688/2338
f 2332/2689/2331 2333/2690/2332 2329/2687/2328 2331/2686/2330
f 2334/2691/2333 2335/2692/2334 2329/2687/2328 2333/2690/2332
f 2336/2693/2335 2337/2694/2336 2329/2687/2328 2335/2692/2334
f 2338/2695/2337 2339/2688/2338 2329/2687/2328 2337/2694/2336
f 99/2396/99 977/2696/977 2330/2685/2329 929/2537/929
f 977/1752/977 978/1750/978 2331/2697/2330 2330/2698/2329
f 929/2537/929 2330/2685/2329 2339/2688/2338 930/2535/930
f 142/1747/142 965/1749/965 2332/2699/2331 979/1748/979
f 965/1749/965 966/1746/966 2333/2700/2332 2332/2699/2331
f 979/1748/979 2332/2699/2331 2331/2697/2330 978/1750/978
f 141/1743/141 953/2596/953 2334/2701/2333 967/1744/967
f 953/2593/953 954/2591/954 2335/2692/2334 2334/2691/2333
f 967/1744/967 2334/2701/2333 2333/2700/2332 966/1746/966
f 139/2588/139 974/2641/974 2336/2693/2335 955/2589/955
f 974/2641/974 975/2640/975 2337/2694/2336 2336/2693/2335
f 955/2589/955 2336/2693/2335 2335/2692/2334 954/2591/954
f 133/2531/133 931/2533/931 2338/2695/2337 976/2639/976
f 931/2533/931 930/2535/930 2339/2688/2338 2338/2695/2337
f 976/2639/976 2338/2695/2337 2337/2694/2336 975/2640/975
f 2340/2702/2339 2341/2703/2340 2344/2704/2343 2343/2705/2342
f 2341/2703/2340 2342/2706/2341 2345/2707/2344 2344/2704/2343
f 2343/2705/2342 2344/2704/2343 2347/2708/2346 2346/2709/2345
f 2344/2704/2343 2345/2707/2344 2348/2710/2347 2347/2708/2346
f 144/2711/144 1009/2712/1009 2340/2702/2339 986/2713/986
f 1009/2712/1009 1008/2714/1008 2341/2703/2340 2340/2702/2339
f 1008/2714/1008 1007/2715/1007 2342/2706/2341 2341/2703/2340
f 1007/2715/1007 148/2716/148 998/2717/998 2342/2706/2341
f 2342/2706/2341 998/2717/998 999/2718/999 2345/2707/2344
f 2345/2707/2344 999/2718/999 1000/2719/1000 2348/2710/2347
f 2348/2710/2347 1000/2719/1000 149/2720/149 1006/2721/1006
f 2347/2708/2346 2348/2710/2347 1006/2721/1006 1005/2722/1005
f 2346/2709/2345 2347/2708/2346 1005/2722/1005 1004/2723/1004
f 988/2724/988 2346/2709/2345 1004/2723/1004 145/2725/145
f 987/2726/987 2343/2705/2342 2346/2709/2345 988/2724/988
f 986/2713/986 2340/2702/2339 2343/2705/2342 987/2726/987
f 2349/2727/2348 2350/2728/2349 2353/2729/2352 2352/2730/2351
f 2350/2728/2349 2351/2731/2350 2354/2732/2353 2353/2729/2352
f 2352/2730/2351 2353/2729/2352 2356/2733/2355 2355/2734/2354
f 2353/2729/2352 2354/2732/2353 2357/2735/2356 2356/2733/2355
f 148/2716/148 997/2736/997 2349/2737/2348 998/2717/998
f 997/2738/997 996/2739/996 2350/2728/2349 2349/2727/2348
f 996/2739/996 995/2740/995 2351/2731/2350 2350/2728/2349
f 995/2740/995 150/2741/150 1034/2742/1034 2351/2731/2350
f 2351/2731/2350 1034/2742/1034 1035/2743/1035 2354/2732/2353
f 2354/2732/2353 1035/2743/1035 1036/2744/1036 2357/2735/2356
f 2357/2745/2356 1036/2746/1036 151/2747/151 1024/2748/1024
f 2356/2749/2355 2357/2745/2356 1024/2748/1024 1023/2750/1023
f 2355/2751/2354 2356/2749/2355 1023/2750/1023 1022/2752/1022
f 1000/2719/1000 2355/2753/2354 1022/2754/1022 149/2720/149
f 999/2718/999 2352/2755/2351 2355/2753/2354 1000/2719/1000
f 998/2717/998 2349/2737/2348 2352/2755/2351 999/2718/999
f 2358/2756/2357 2359/2757/2358 2362/2758/2361 2361/2759/2360
f 2359/2757/2358 2360/2760/2359 2363/2761/2362 2362/2758/2361
f 2361/2759/2360 2362/2758/2361 2365/2762/2364 2364/2763/2363
f 2362/2758/2361 2363/2761/2362 2366/2764/2365 2365/2762/2364
f 143/2765/143 1015/2766/1015 2358/2756/2357 982/2140/982
f 1015/2766/1015 1014/2767/1014 2359/2757/2358 2358/2756/2357
f 1014/2767/1014 1013/2768/1013 2360/2760/2359 2359/2757/2358
f 1013/2768/1013 147/2769/147 994/2770/994 2360/2760/2359
f 2360/2760/2359 994/2770/994 993/2771/993 2363/2761/2362
f 2363/2761/2362 993/2771/993 992/2772/992 2366/2764/2365
f 2366/2764/2365 992/2772/992 146/2773/146 1012/2774/1012
f 2365/2762/2364 2366/2764/2365 1012/2774/1012 1011/2775/1011
f 2364/2763/2363 2365/2762/2364 1011/2775/1011 1010/2776/1010
f 980/2777/980 2364/2763/2363 1010/2776/1010 121/2778/121
f 981/2141/981 2361/2759/2360 2364/2763/2363 980/2777/980
f 982/2140/982 2358/2756/2357 2361/2759/2360 981/2141/981
f 2367/2779/2366 2368/2780/2367 2371/2781/2370 2370/2782/2369
f 2368/2780/2367 2369/2783/2368 2372/2784/2371 2371/2781/2370
f 2370/2782/2369 2371/2781/2370 2374/2785/2373 2373/2786/2372
f 2371/2781/2370 2372/2784/2371 2375/2787/2374 2374/2785/2373
f 145/2725/145 1004/2723/1004 2367/2788/2366 1028/2789/1028
f 1004/2723/1004 1005/2722/1005 2368/2790/2367 2367/2788/2366
f 1005/2722/1005 1006/2721/1006 2369/2791/2368 2368/2790/2367
f 1006/2721/1006 149/2720/149 1022/2754/1022 2369/2791/2368
f 2369/2783/2368 1022/2752/1022 1023/2750/1023 2372/2784/2371
f 2372/2784/2371 1023/2750/1023 1024/2748/1024 2375/2787/2374
f 2375/2787/2374 1024/2748/1024 151/2747/151 1031/2792/1031
f 2374/2785/2373 2375/2787/2374 1031/2792/1031 1032/2793/1032
f 2373/2786/2372 2374/2785/2373 1032/2793/1032 1033/2794/1033
f 1030/2795/1030 2373/2786/2372 1033/2794/1033 153/2003/153
f 1029/2796/1029 2370/2782/2369 2373/2786/2372 1030/2795/1030
f 1028/2797/1028 2367/2779/2366 2370/2782/2369 1029/2796/1029
f 2376/2798/2375 2377/2799/2376 2380/2800/2379 2379/2801/2378
f 2377/2799/2376 2378/2802/2377 2381/2803/2380 2380/2800/2379
f 2379/2801/2378 2380/2800/2379 2383/2804/2382 2382/2805/2381
f 2380/2800/2379 2381/2803/2380 2384/2806/2383 2383/2804/2382
f 121/2778/121 1010/2776/1010 2376/2807/2375 1025/2808/1025
f 1010/2776/1010 1011/2775/1011 2377/2809/2376 2376/2807/2375
f 1011/2775/1011 1012/2774/1012 2378/2810/2377 2377/2809/2376
f 1012/2774/1012 146/2773/146 1019/2811/1019 2378/2810/2377
f 2378/2802/2377 1019/2812/1019 1020/2813/1020 2381/2803/2380
f 2381/2803/2380 1020/2813/1020 1021/2814/1021 2384/2806/2383
f 2384/2806/2383 1021/2814/1021 150/2815/150 1039/2816/1039
f 2383/2804/2382 2384/2806/2383 1039/2816/1039 1038/2817/1038
f 2382/2805/2381 2383/2804/2382 1038/2817/1038 1037/2818/1037
f 1027/2029/1027 2382/2805/2381 1037/2818/1037 152/2026/152
f 1026/2819/1026 2379/2801/2378 2382/2805/2381 1027/2029/1027
f 1025/2820/1025 2376/2798/2375 2379/2801/2378 1026/2819/1026
f 2385/2821/2384 2386/2822/2385 2389/2823/2388 2388/2824/2387
f 2386/2822/2385 2387/2825/2386 2390/2826/2389 2389/2823/2388
f 2388/2824/2387 2389/2823/2388 2392/2827/2391 2391/2828/2390
f 2389/2823/2388 2390/2826/2389 2393/2829/2392 2392/2827/2391
f 95/1792/95 734/1791/734 2385/2821/2384 1018/2830/1018
f 734/1791/734 735/1790/735 2386/2822/2385 2385/2821/2384
f 735/1790/735 736/1788/736 2387/2825/2386 2386/2822/2385
f 736/1788/736 103/1787/103 772/2831/772 2387/2825/2386
f 2387/2825/2386 772/2831/772 771/2832/771 2390/2826/2389
f 2390/2826/2389 771/2832/771 770/2833/770 2393/2829/2392
f 2393/2829/2392 770/2833/770 144/2711/144 986/2713/986
f 2392/2827/2391 2393/2829/2392 986/2713/986 987/2726/987
f 2391/2828/2390 2392/2827/2391 987/2726/987 988/2724/988
f 1016/2834/1016 2391/2828/2390 988/2724/988 145/2725/145
f 1017/2835/1017 2388/2824/2387 2391/2828/2390 1016/2834/1016
f 1018/2830/1018 2385/2821/2384 2388/2824/2387 1017/2835/1017
f 2394/2836/2393 2395/2837/2394 2398/2838/2397 2397/2839/2396
f 2395/2837/2394 2396/2840/2395 2399/2841/2398 2398/2838/2397
f 2397/2839/2396 2398/2838/2397 2401/2842/2400 2400/2843/2399
f 2398/2838/2397 2399/2841/2398 2402/2844/2401 2401/2842/2400
f 151/2747/151 1001/2845/1001 2394/2836/2393 1031/2792/1031
f 1001/2845/1001 1002/2846/1002 2395/2837/2394 2394/2836/2393
f 1002/2846/1002 1003/2847/1003 2396/2840/2395 2395/2837/2394
f 1003/2848/1003 147/2769/147 1013/2768/1013 2396/2849/2395
f 2396/2849/2395 1013/2768/1013 1014/2767/1014 2399/2850/2398
f 2399/2850/2398 1014/2767/1014 1015/2766/1015 2402/2851/2401
f 2402/2844/2401 1015/2852/1015 143/2008/143 991/2006/991
f 2401/2842/2400 2402/2844/2401 991/2006/991 990/2005/990
f 2400/2843/2399 2401/2842/2400 990/2005/990 989/2004/989
f 1033/2794/1033 2400/2843/2399 989/2004/989 153/2003/153
f 1032/2793/1032 2397/2839/2396 2400/2843/2399 1033/2794/1033
f 1031/2792/1031 2394/2836/2393 2397/2839/2396 1032/2793/1032
f 2403/2853/2402 2404/2854/2403 2407/2855/2406 2406/2856/2405
f 2404/2854/2403 2405/2857/2404 2408/2858/2407 2407/2855/2406
f 2406/2856/2405 2407/2855/2406 2410/2859/2409 2409/2860/2408
f 2407/2855/2406 2408/2858/2407 2411/2861/2410 2410/2859/2409
f 150/2741/150 1021/2862/1021 2403/2853/2402 1034/2742/1034
f 1021/2862/1021 1020/2863/1020 2404/2854/2403 2403/2853/2402
f 1020/2863/1020 1019/2864/1019 2405/2857/2404 2404/2854/2403
f 1019/2811/1019 146/2773/146 992/2772/992 2405/2865/2404
f 2405/2865/2404 992/2772/992 993/2771/993 2408/2866/2407
f 2408/2866/2407 993/2771/993 994/2770/994 2411/2867/2410
f 2411/2867/2410 994/2770/994 147/2769/147 1003/2848/1003
f 2410/2868/2409 2411/2869/2410 1003/2847/1003 1002/2846/1002
f 2409/2870/2408 2410/2868/2409 1002/2846/1002 1001/2845/1001
f 1036/2746/1036 2409/2870/2408 1001/2845/1001 151/2747/151
f 1035/2743/1035 2406/2856/2405 2409/2860/2408 1036/2744/1036
f 1034/2742/1034 2403/2853/2402 2406/2856/2405 1035/2743/1035
f 2412/2871/2411 2413/2872/2412 2416/2873/2415 2415/2874/2414
f 2413/2872/2412 2414/2875/2413 2417/2876/2416 2416/2873/2415
f 2415/2874/2414 2416/2873/2415 2419/2877/2418 2418/2878/2417
f 2416/2873/2415 2417/2876/2416 2420/2879/2419 2419/2877/2418
f 150/2815/150 995/2880/995 2412/2871/2411 1039/2816/1039
f 995/2880/995 996/2881/996 2413/2872/2412 2412/2871/2411
f 996/2881/996 997/2882/997 2414/2875/2413 2413/2872/2412
f 997/2736/997 148/2716/148 1007/2715/1007 2414/2883/2413
f 2414/2883/2413 1007/2715/1007 1008/2714/1008 2417/2884/2416
f 2417/2884/2416 1008/2714/1008 1009/2712/1009 2420/2885/2419
f 2420/2885/2419 1009/2712/1009 144/2711/144 985/2886/985
f 2419/2877/2418 2420/2879/2419 985/2887/985 984/2888/984
f 2418/2878/2417 2419/2877/2418 984/2888/984 983/2027/983
f 1037/2818/1037 2418/2878/2417 983/2027/983 152/2026/152
f 1038/2817/1038 2415/2874/2414 2418/2878/2417 1037/2818/1037
f 1039/2816/1039 2412/2871/2411 2415/2874/2414 1038/2817/1038
f 2422/2889/2421 2423/2890/2422 2421/2891/2420 2427/2892/2426
f 2424/2893/2423 2425/2894/2424 2421/2891/2420 2423/2890/2422
f 2426/2895/2425 2427/2892/2426 2421/2891/2420 2425/2894/2424
f 95/1999/95 1018/2896/1018 2422/2889/2421 1042/2000/1042
f 1018/2896/1018 1017/2897/1017 2423/2890/2422 2422/2889/2421
f 1042/2000/1042 2422/2889/2421 2427/2892/2426 1041/2001/1041
f 145/2725/145 1028/2789/1028 2424/2898/2423 1016/2834/1016
f 1028/2797/1028 1029/2796/1029 2425/2894/2424 2424/2893/2423
f 1016/2834/1016 2424/2898/2423 2423/2899/2422 1017/2835/1017
f 153/2003/153 1040/2002/1040 2426/2895/2425 1030/2795/1030
f 1040/2002/1040 1041/2001/1041 2427/2892/2426 2426/2895/2425
f 1030/2795/1030 2426/2895/2425 2425/2894/2424 1029/2796/1029
f 2428/2900/2427 2429/2901/2428 2432/2902/2431 2431/2903/2430
f 2429/2901/2428 2430/2904/2429 2433/2905/2432 2432/2902/2431
f 2431/2903/2430 2432/2902/2431 2435/2906/2434 2434/2907/2433
f 2432/2902/2431 2433/2905/2432 2436/2908/2435 2435/2906/2434
f 155/1932/155 737/1934/737 2428/2909/2427 1051/2910/1051
f 737/1934/737 738/1931/738 2429/2911/2428 2428/2909/2427
f 738/1931/738 739/1930/739 2430/2912/2429 2429/2911/2428
f 739/1930/739 104/1908/104 775/2556/775 2430/2912/2429
f 2430/2904/2429 775/2554/775 774/2551/774 2433/2905/2432
f 2433/2905/2432 774/2551/774 773/2550/773 2436/2908/2435
f 2436/2908/2435 773/2550/773 134/2913/134 1061/2914/1061
f 2435/2906/2434 2436/2908/2435 1061/2914/1061 1062/2915/1062
f 2434/2907/2433 2435/2906/2434 1062/2915/1062 1063/2916/1063
f 1049/2917/1049 2434/2907/2433 1063/2916/1063 156/2037/156
f 1050/2918/1050 2431/2903/2430 2434/2907/2433 1049/2917/1049
f 1051/2919/1051 2428/2900/2427 2431/2903/2430 1050/2918/1050
f 2437/2920/2436 2438/2921/2437 2441/2922/2440 2440/2923/2439
f 2438/2921/2437 2439/2924/2438 2442/2925/2441 2441/2922/2440
f 2440/2923/2439 2441/2922/2440 2444/2926/2443 2443/2927/2442
f 2441/2922/2440 2442/2925/2441 2445/2928/2444 2444/2926/2443
f 154/2041/154 1045/2929/1045 2437/2920/2436 1054/2120/1054
f 1045/2929/1045 1044/2930/1044 2438/2921/2437 2437/2920/2436
f 1044/2930/1044 1043/2931/1043 2439/2924/2438 2438/2921/2437
f 1043/2931/1043 122/2312/122 823/2311/823 2439/2924/2438
f 2439/2924/2438 823/2311/823 822/2310/822 2442/2925/2441
f 2442/2925/2441 822/2310/822 821/2309/821 2445/2928/2444
f 2445/2928/2444 821/2309/821 23/737/23 575/1367/575
f 2444/2926/2443 2445/2928/2444 575/1367/575 576/1366/576
f 2443/2927/2442 2444/2926/2443 576/1366/576 577/1365/577
f 1052/2122/1052 2443/2927/2442 577/1365/577 75/514/75
f 1053/2121/1053 2440/2923/2439 2443/2927/2442 1052/2122/1052
f 1054/2120/1054 2437/2920/2436 2440/2923/2439 1053/2121/1053
f 2446/2932/2445 2447/2933/2446 2450/2934/2449 2449/2935/2448
f 2447/2933/2446 2448/2936/2447 2451/2937/2450 2450/2934/2449
f 2449/2935/2448 2450/2934/2449 2453/2938/2452 2452/2939/2451
f 2450/2934/2449 2451/2937/2450 2454/2940/2453 2453/2938/2452
f 144/2033/144 770/2941/770 2446/2932/2445 1060/2034/1060
f 770/2941/770 771/2942/771 2447/2933/2446 2446/2932/2445
f 771/2832/771 772/2831/772 2448/2943/2447 2447/2944/2446
f 772/2831/772 103/1787/103 1046/1936/1046 2448/2943/2447
f 2448/2943/2447 1046/1936/1046 1047/1935/1047 2451/2945/2450
f 2451/2945/2450 1047/1935/1047 1048/1933/1048 2454/2946/2453
f 2454/2946/2453 1048/1933/1048 155/1932/155 1051/2910/1051
f 2453/2938/2452 2454/2940/2453 1051/2919/1051 1050/2918/1050
f 2452/2939/2451 2453/2938/2452 1050/2918/1050 1049/2917/1049
f 1058/2039/1058 2452/2939/2451 1049/2917/1049 156/2037/156
f 1059/2036/1059 2449/2935/2448 2452/2939/2451 1058/2039/1058
f 1060/2034/1060 2446/2932/2445 2449/2935/2448 1059/2036/1059
f 2455/2947/2454 2456/2948/2455 2459/2949/2458 2458/2950/2457
f 2456/2948/2455 2457/2951/2456 2460/2952/2459 2459/2949/2458
f 2458/2950/2457 2459/2949/2458 2462/2953/2461 2461/2954/2460
f 2459/2949/2458 2460/2952/2459 2463/2955/2462 2462/2953/2461
f 134/2913/134 928/2956/928 2455/2947/2454 1061/2914/1061
f 928/2956/928 927/2957/927 2456/2948/2455 2455/2947/2454
f 927/2957/927 926/2958/926 2457/2951/2456 2456/2948/2455
f 926/2958/926 122/2312/122 1043/2931/1043 2457/2951/2456
f 2457/2951/2456 1043/2931/1043 1044/2930/1044 2460/2952/2459
f 2460/2952/2459 1044/2930/1044 1045/2929/1045 2463/2955/2462
f 2463/2955/2462 1045/2929/1045 154/2041/154 1055/2043/1055
f 2462/2953/2461 2463/2955/2462 1055/2043/1055 1056/2040/1056
f 2461/2954/2460 2462/2953/2461 1056/2040/1056 1057/2038/1057
f 1063/2916/1063 2461/2954/2460 1057/2038/1057 156/2037/156
f 1062/2915/1062 2458/2950/2457 2461/2954/2460 1063/2916/1063
f 1061/2914/1061 2455/2947/2454 2458/2950/2457 1062/2915/1062
f 2464/2959/2463 2465/2960/2464 2468/2961/2467 2467/2962/2466
f 2465/2960/2464 2466/2963/2465 2469/2964/2468 2468/2961/2467
f 2467/2965/2466 2468/2966/2467 2471/2967/2470 2470/2968/2469
f 2468/2961/2467 2469/2964/2468 2472/2969/2471 2471/2970/2470
f 157/1954/157 1066/2500/1066 2464/2959/2463 1070/1955/1070
f 1066/2500/1066 1065/2499/1065 2465/2960/2464 2464/2959/2463
f 1065/2499/1065 1064/2498/1064 2466/2963/2465 2465/2960/2464
f 1064/2498/1064 131/2459/131 902/2457/902 2466/2963/2465
f 2466/2963/2465 902/2457/902 903/2456/903 2469/2964/2468
f 2469/2964/2468 903/2456/903 904/2455/904 2472/2969/2471
f 2472/2969/2471 904/2455/904 130/2971/130 913/2972/913
f 2471/2967/2470 2472/2973/2471 913/2974/913 912/2975/912
f 2470/2968/2469 2471/2967/2470 912/2975/912 911/2514/911
f 1072/1960/1072 2470/2968/2469 911/2514/911 158/1962/158
f 1071/1958/1071 2467/2965/2466 2470/2968/2469 1072/1960/1072
f 1070/1957/1070 2464/2976/2463 2467/2965/2466 1071/1958/1071
f 2473/2977/2472 2474/2978/2473 2477/2979/2476 2476/2980/2475
f 2474/2978/2473 2475/2981/2474 2478/2982/2477 2477/2979/2476
f 2476/2980/2475 2477/2979/2476 2480/2983/2479 2479/2984/2478
f 2477/2979/2476 2478/2982/2477 2481/2985/2480 2480/2983/2479
f 159/1821/159 1096/2986/1096 2473/2977/2472 1081/1822/1081
f 1096/2986/1096 1095/2987/1095 2474/2978/2473 2473/2977/2472
f 1095/2987/1095 1094/2988/1094 2475/2981/2474 2474/2978/2473
f 1094/2988/1094 161/2989/161 1090/2990/1090 2475/2981/2474
f 2475/2981/2474 1090/2990/1090 1089/2991/1089 2478/2982/2477
f 2478/2982/2477 1089/2991/1089 1088/2992/1088 2481/2985/2480
f 2481/2985/2480 1088/2992/1088 162/2993/162 1093/2994/1093
f 2480/2983/2479 2481/2985/2480 1093/2994/1093 1092/2995/1092
f 2479/2984/2478 2480/2983/2479 1092/2995/1092 1091/2996/1091
f 1079/1828/1079 2479/2984/2478 1091/2996/1091 160/1826/160
f 1080/1824/1080 2476/2980/2475 2479/2984/2478 1079/1828/1079
f 1081/1822/1081 2473/2977/2472 2476/2980/2475 1080/1824/1080
f 2482/2997/2481 2483/2998/2482 2486/2999/2485 2485/3000/2484
f 2483/2998/2482 2484/3001/2483 2487/3002/2486 2486/2999/2485
f 2485/3000/2484 2486/2999/2485 2489/3003/2488 2488/3004/2487
f 2486/2999/2485 2487/3002/2486 2490/3005/2489 2489/3003/2488
f 161/2989/161 1111/3006/1111 2482/2997/2481 1090/2990/1090
f 1111/3006/1111 1110/3007/1110 2483/2998/2482 2482/2997/2481
f 1110/3007/1110 1109/3008/1109 2484/3001/2483 2483/2998/2482
f 1109/3008/1109 163/3009/163 1105/3010/1105 2484/3001/2483
f 2484/3001/2483 1105/3010/1105 1104/3011/1104 2487/3002/2486
f 2487/3002/2486 1104/3011/1104 1103/3012/1103 2490/3005/2489
f 2490/3005/2489 1103/3012/1103 164/3013/164 1108/3014/1108
f 2489/3003/2488 2490/3005/2489 1108/3014/1108 1107/3015/1107
f 2488/3004/2487 2489/3003/2488 1107/3015/1107 1106/3016/1106
f 1088/2992/1088 2488/3004/2487 1106/3016/1106 162/2993/162
f 1089/2991/1089 2485/3000/2484 2488/3004/2487 1088/2992/1088
f 1090/2990/1090 2482/2997/2481 2485/3000/2484 1089/2991/1089
f 2491/3017/2490 2492/3018/2491 2495/3019/2494 2494/3020/2493
f 2492/3018/2491 2493/3021/2492 2496/3022/2495 2495/3019/2494
f 2494/3020/2493 2495/3019/2494 2498/3023/2497 2497/3024/2496
f 2495/3019/2494 2496/3022/2495 2499/3025/2498 2498/3023/2497
f 16/240/16 175/1463/175 2491/3017/2490 718/1854/718
f 175/1463/175 174/1475/174 2492/3018/2491 2491/3017/2490
f 174/1475/174 173/1473/173 2493/3021/2492 2492/3018/2491
f 173/1473/173 84/1474/84 1084/3026/1084 2493/3021/2492
f 2493/3021/2492 1084/3026/1084 1083/3027/1083 2496/3022/2495
f 2496/3022/2495 1083/3027/1083 1082/3028/1082 2499/3025/2498
f 2499/3025/2498 1082/3028/1082 161/3029/161 1094/3030/1094
f 2498/3023/2497 2499/3025/2498 1094/3030/1094 1095/3031/1095
f 2497/3024/2496 2498/3023/2497 1095/3031/1095 1096/3032/1096
f 716/1858/716 2497/3024/2496 1096/3032/1096 159/1856/159
f 717/1855/717 2494/3020/2493 2497/3024/2496 716/1858/716
f 718/1854/718 2491/3017/2490 2494/3020/2493 717/1855/717
f 2500/3033/2499 2501/3034/2500 2504/3035/2503 2503/3036/2502
f 2501/3034/2500 2502/3037/2501 2505/3038/2504 2504/3035/2503
f 2503/3036/2502 2504/3035/2503 2507/3039/2506 2506/3040/2505
f 2504/3035/2503 2505/3038/2504 2508/3041/2507 2507/3039/2506
f 160/1826/160 1091/2996/1091 2500/3042/2499 1078/1827/1078
f 1091/2996/1091 1092/2995/1092 2501/3043/2500 2500/3042/2499
f 1092/2995/1092 1093/2994/1093 2502/3044/2501 2501/3043/2500
f 1093/2994/1093 162/2993/162 1087/3045/1087 2502/3044/2501
f 2502/3037/2501 1087/3046/1087 1086/3047/1086 2505/3038/2504
f 2505/3038/2504 1086/3047/1086 1085/3048/1085 2508/3041/2507
f 2508/3041/2507 1085/3048/1085 83/1489/83 637/1488/637
f 2507/3039/2506 2508/3041/2507 637/1488/637 636/1487/636
f 2506/3040/2505 2507/3039/2506 636/1487/636 635/1486/635
f 1076/1830/1076 2506/3040/2505 635/1486/635 80/203/80
f 1077/1831/1077 2503/3036/2502 2506/3040/2505 1076/1830/1076
f 1078/3049/1078 2500/3033/2499 2503/3036/2502 1077/1831/1077
f 2509/3050/2508 2510/3051/2509 2513/3052/2512 2512/3053/2511
f 2510/3051/2509 2511/3054/2510 2514/3055/2513 2513/3052/2512
f 2512/3053/2511 2513/3052/2512 2516/3056/2515 2515/3057/2514
f 2513/3052/2512 2514/3055/2513 2517/3058/2516 2516/3056/2515
f 163/3009/163 1126/3059/1126 2509/3050/2508 1105/3010/1105
f 1126/3059/1126 1125/3060/1125 2510/3051/2509 2509/3050/2508
f 1125/3060/1125 1124/3061/1124 2511/3054/2510 2510/3051/2509
f 1124/3061/1124 165/3062/165 1120/3063/1120 2511/3054/2510
f 2511/3054/2510 1120/3063/1120 1119/3064/1119 2514/3055/2513
f 2514/3055/2513 1119/3064/1119 1118/3065/1118 2517/3058/2516
f 2517/3058/2516 1118/3065/1118 166/3066/166 1123/3067/1123
f 2516/3056/2515 2517/3058/2516 1123/3067/1123 1122/3068/1122
f 2515/3057/2514 2516/3056/2515 1122/3068/1122 1121/3069/1121
f 1103/3012/1103 2515/3057/2514 1121/3069/1121 164/3013/164
f 1104/3011/1104 2512/3053/2511 2515/3057/2514 1103/3012/1103
f 1105/3010/1105 2509/3050/2508 2512/3053/2511 1104/3011/1104
f 2518/3070/2517 2519/3071/2518 2522/3072/2521 2521/3073/2520
f 2519/3071/2518 2520/3074/2519 2523/3075/2522 2522/3072/2521
f 2521/3073/2520 2522/3072/2521 2525/3076/2524 2524/3077/2523
f 2522/3072/2521 2523/3075/2522 2526/3078/2525 2525/3076/2524
f 84/1474/84 655/1525/655 2518/3070/2517 1084/3026/1084
f 655/1525/655 654/1535/654 2519/3071/2518 2518/3070/2517
f 654/1535/654 653/1533/653 2520/3074/2519 2519/3071/2518
f 653/1533/653 88/1534/88 1099/3079/1099 2520/3074/2519
f 2520/3074/2519 1099/3079/1099 1098/3080/1098 2523/3075/2522
f 2523/3075/2522 1098/3080/1098 1097/3081/1097 2526/3078/2525
f 2526/3078/2525 1097/3081/1097 163/3082/163 1109/3083/1109
f 2525/3076/2524 2526/3078/2525 1109/3083/1109 1110/3084/1110
f 2524/3077/2523 2525/3076/2524 1110/3084/1110 1111/3085/1111
f 1082/3028/1082 2524/3077/2523 1111/3085/1111 161/3029/161
f 1083/3027/1083 2521/3073/2520 2524/3077/2523 1082/3028/1082
f 1084/3026/1084 2518/3070/2517 2521/3073/2520 1083/3027/1083
f 2527/3086/2526 2528/3087/2527 2531/3088/2530 2530/3089/2529
f 2528/3087/2527 2529/3090/2528 2532/3091/2531 2531/3088/2530
f 2530/3089/2529 2531/3088/2530 2534/3092/2533 2533/3093/2532
f 2531/3088/2530 2532/3091/2531 2535/3094/2534 2534/3092/2533
f 162/2993/162 1106/3016/1106 2527/3095/2526 1087/3045/1087
f 1106/3016/1106 1107/3015/1107 2528/3096/2527 2527/3095/2526
f 1107/3015/1107 1108/3014/1108 2529/3097/2528 2528/3096/2527
f 1108/3014/1108 164/3013/164 1102/3098/1102 2529/3097/2528
f 2529/3090/2528 1102/3099/1102 1101/3100/1101 2532/3091/2531
f 2532/3091/2531 1101/3100/1101 1100/3101/1100 2535/3094/2534
f 2535/3094/2534 1100/3101/1100 87/1553/87 658/1552/658
f 2534/3092/2533 2535/3094/2534 658/1552/658 657/1551/657
f 2533/3093/2532 2534/3092/2533 657/1551/657 656/1550/656
f 1085/3102/1085 2533/3093/2532 656/1550/656 83/1549/83
f 1086/3103/1086 2530/3089/2529 2533/3093/2532 1085/3102/1085
f 1087/3045/1087 2527/3095/2526 2530/3104/2529 1086/3105/1086
f 2536/3106/2535 2537/3107/2536 2540/3108/2539 2539/3109/2538
f 2537/3110/2536 2538/3111/2537 2541/3112/2540 2540/3113/2539
f 2539/3114/2538 2540/3113/2539 2543/3115/2542 2542/3116/2541
f 2540/3113/2539 2541/3112/2540 2544/3117/2543 2543/3115/2542
f 165/3062/165 1112/3118/1112 2536/3106/2535 1120/3063/1120
f 1112/3119/1112 1113/3120/1113 2537/3121/2536 2536/3122/2535
f 1113/3120/1113 1114/3123/1114 2538/3124/2537 2537/3121/2536
f 1114/3123/1114 92/1586/92 619/1585/619 2538/3124/2537
f 2538/3111/2537 619/1582/619 618/1581/618 2541/3112/2540
f 2541/3112/2540 618/1581/618 617/1580/617 2544/3117/2543
f 2544/3117/2543 617/1580/617 91/1579/91 1115/3125/1115
f 2543/3115/2542 2544/3117/2543 1115/3125/1115 1116/3126/1116
f 2542/3116/2541 2543/3115/2542 1116/3126/1116 1117/3127/1117
f 1118/3065/1118 2542/3128/2541 1117/3129/1117 166/3066/166
f 1119/3064/1119 2539/3109/2538 2542/3128/2541 1118/3065/1118
f 1120/3063/1120 2536/3106/2535 2539/3109/2538 1119/3064/1119
f 2545/3130/2544 2546/3131/2545 2549/3132/2548 2548/3133/2547
f 2546/3131/2545 2547/3134/2546 2550/3135/2549 2549/3132/2548
f 2548/3133/2547 2549/3132/2548 2552/3136/2551 2551/3137/2550
f 2549/3132/2548 2550/3135/2549 2553/3138/2552 2552/3136/2551
f 88/1534/88 676/1600/676 2545/3130/2544 1099/3079/1099
f 676/1600/676 675/1607/675 2546/3131/2545 2545/3130/2544
f 675/1607/675 674/1606/674 2547/3134/2546 2546/3131/2545
f 674/1606/674 92/1586/92 1114/3123/1114 2547/3134/2546
f 2547/3134/2546 1114/3123/1114 1113/3120/1113 2550/3135/2549
f 2550/3135/2549 1113/3120/1113 1112/3119/1112 2553/3138/2552
f 2553/3138/2552 1112/3119/1112 165/3139/165 1124/3140/1124
f 2552/3136/2551 2553/3138/2552 1124/3140/1124 1125/3141/1125
f 2551/3137/2550 2552/3136/2551 1125/3141/1125 1126/3142/1126
f 1097/3081/1097 2551/3137/2550 1126/3142/1126 163/3082/163
f 1098/3080/1098 2548/3133/2547 2551/3137/2550 1097/3081/1097
f 1099/3079/1099 2545/3130/2544 2548/3133/2547 1098/3080/1098
f 2554/3143/2553 2555/3144/2554 2558/3145/2557 2557/3146/2556
f 2555/3144/2554 2556/3147/2555 2559/3148/2558 2558/3145/2557
f 2557/3146/2556 2558/3145/2557 2561/3149/2560 2560/3150/2559
f 2558/3145/2557 2559/3148/2558 2562/3151/2561 2561/3149/2560
f 164/3152/164 1121/3153/1121 2554/3143/2553 1102/3099/1102
f 1121/3153/1121 1122/3154/1122 2555/3144/2554 2554/3143/2553
f 1122/3068/1122 1123/3067/1123 2556/3155/2555 2555/3156/2554
f 1123/3067/1123 166/3066/166 1117/3129/1117 2556/3155/2555
f 2556/3147/2555 1117/3157/1117 1116/3158/1116 2559/3148/2558
f 2559/3148/2558 1116/3158/1116 1115/3159/1115 2562/3151/2561
f 2562/3151/2561 1115/3159/1115 91/1621/91 679/1620/679
f 2561/3149/2560 2562/3151/2561 679/1620/679 678/1619/678
f 2560/3150/2559 2561/3149/2560 678/1619/678 677/1618/677
f 1100/3101/1100 2560/3150/2559 677/1618/677 87/1553/87
f 1101/3100/1101 2557/3146/2556 2560/3150/2559 1100/3101/1100
f 1102/3099/1102 2554/3143/2553 2557/3146/2556 1101/3100/1101
