# Blender 5.1.2
# www.blender.org
mtllib party.mtl
o Cone
v 0.361604 2.305967 -0.883474
v 0.423229 2.327762 -0.878435
v 0.481563 2.352271 -0.861273
v 0.534364 2.378554 -0.832647
v 0.579602 2.405599 -0.793658
v 0.615539 2.432368 -0.745803
v 0.640794 2.457833 -0.690923
v 0.654396 2.481013 -0.631126
v 0.655823 2.501019 -0.568709
v 0.645020 2.517082 -0.506073
v 0.622402 2.528585 -0.445622
v 0.588839 2.535085 -0.389682
v 0.545619 2.536333 -0.340401
v 0.494405 2.532280 -0.299674
v 0.437163 2.523083 -0.269065
v 0.376094 2.509094 -0.249751
v 0.313546 2.490853 -0.242473
v 0.251920 2.469058 -0.247513
v 0.193586 2.444549 -0.264675
v 0.140786 2.418266 -0.293301
v 0.095548 2.391221 -0.332290
v 0.059611 2.364452 -0.380144
v 0.034356 2.338987 -0.435025
v 0.020754 2.315807 -0.494822
v 0.019326 2.295800 -0.557238
v 0.030129 2.279737 -0.619875
v 0.052747 2.268235 -0.680325
v 0.086311 2.261735 -0.736266
v 0.129530 2.260487 -0.785546
v 0.180745 2.264540 -0.826274
v 0.237986 2.273737 -0.856883
v 0.299055 2.287725 -0.876197
v 0.046396 3.285986 -0.840810
vn 0.0594 0.0625 -0.9963
vn 0.2299 0.1283 -0.9647
vn 0.3879 0.2005 -0.8996
vn 0.5273 0.2763 -0.8035
vn 0.6427 0.3528 -0.6800
vn 0.7297 0.4271 -0.5340
vn 0.7849 0.4963 -0.3709
vn 0.8063 0.5577 -0.1972
vn 0.7930 0.6089 -0.0194
vn 0.7455 0.6481 0.1556
vn 0.6656 0.6737 0.3211
vn 0.5564 0.6847 0.4707
vn 0.4222 0.6807 0.5986
vn 0.2680 0.6619 0.7000
vn 0.0998 0.6289 0.7710
vn -0.0760 0.5831 0.8088
vn -0.2525 0.5262 0.8120
vn -0.4230 0.4604 0.7804
vn -0.5810 0.3882 0.7153
vn -0.7204 0.3123 0.6192
vn -0.8358 0.2358 0.4958
vn -0.9228 0.1616 0.3497
vn -0.9781 0.0924 0.1867
vn -0.9994 0.0310 0.0129
vn -0.9861 -0.0203 -0.1649
vn -0.9386 -0.0594 -0.3399
vn -0.8587 -0.0850 -0.5053
vn -0.7496 -0.0961 -0.6549
vn -0.6153 -0.0921 -0.7829
vn -0.4611 -0.0732 -0.8843
vn -0.2929 -0.0403 -0.9553
vn -0.1172 0.0056 -0.9931
vt 0.250000 0.490000
vt 0.250000 0.250000
vt 0.296822 0.485388
vt 0.341844 0.471731
vt 0.383337 0.449553
vt 0.419706 0.419706
vt 0.449553 0.383337
vt 0.471731 0.341844
vt 0.485388 0.296822
vt 0.490000 0.250000
vt 0.485388 0.203178
vt 0.471731 0.158156
vt 0.449553 0.116663
vt 0.419706 0.080294
vt 0.383337 0.050447
vt 0.341844 0.028269
vt 0.296822 0.014612
vt 0.250000 0.010000
vt 0.203178 0.014612
vt 0.158156 0.028269
vt 0.116663 0.050447
vt 0.080294 0.080294
vt 0.050447 0.116663
vt 0.028269 0.158156
vt 0.014612 0.203178
vt 0.010000 0.250000
vt 0.014612 0.296822
vt 0.028269 0.341844
vt 0.050447 0.383337
vt 0.080294 0.419706
vt 0.116663 0.449553
vt 0.158156 0.471731
vt 0.203178 0.485388
s 0
usemtl Material
f 1/1/1 33/2/1 2/3/1
f 2/3/2 33/2/2 3/4/2
f 3/4/3 33/2/3 4/5/3
f 4/5/4 33/2/4 5/6/4
f 5/6/5 33/2/5 6/7/5
f 6/7/6 33/2/6 7/8/6
f 7/8/7 33/2/7 8/9/7
f 8/9/8 33/2/8 9/10/8
f 9/10/9 33/2/9 10/11/9
f 10/11/10 33/2/10 11/12/10
f 11/12/11 33/2/11 12/13/11
f 12/13/12 33/2/12 13/14/12
f 13/14/13 33/2/13 14/15/13
f 14/15/14 33/2/14 15/16/14
f 15/16/15 33/2/15 16/17/15
f 16/17/16 33/2/16 17/18/16
f 17/18/17 33/2/17 18/19/17
f 18/19/18 33/2/18 19/20/18
f 19/20/19 33/2/19 20/21/19
f 20/21/20 33/2/20 21/22/20
f 21/22/21 33/2/21 22/23/21
f 22/23/22 33/2/22 23/24/22
f 23/24/23 33/2/23 24/25/23
f 24/25/24 33/2/24 25/26/24
f 25/26/25 33/2/25 26/27/25
f 26/27/26 33/2/26 27/28/26
f 27/28/27 33/2/27 28/29/27
f 28/29/28 33/2/28 29/30/28
f 29/30/29 33/2/29 30/31/29
f 30/31/30 33/2/30 31/32/30
f 31/32/31 33/2/31 32/33/31
f 32/33/32 33/2/32 1/1/32
o Cylinder
v 3.277738 0.057290 -1.003138
v 3.472829 0.057290 -0.983923
v 3.660422 0.057290 -0.927017
v 3.833309 0.057290 -0.834607
v 3.984845 0.057290 -0.710244
v 4.109208 0.057290 -0.558708
v 4.201618 0.057290 -0.385821
v 4.258523 0.057290 -0.198228
v 4.277739 0.057290 -0.003138
v 4.258523 0.057290 0.191953
v 4.201618 0.057290 0.379546
v 4.109208 0.057290 0.552433
v 3.984845 0.057290 0.703969
v 3.833309 0.057290 0.828332
v 3.660422 0.057290 0.920742
v 3.472829 0.057290 0.977648
v 3.277738 0.057290 0.996862
v 3.082648 0.057290 0.977648
v 2.895055 0.057290 0.920742
v 2.722168 0.057290 0.828332
v 2.570632 0.057290 0.703969
v 2.446269 0.057290 0.552433
v 2.353859 0.057290 0.379546
v 2.296953 0.057290 0.191953
v 2.277738 0.057290 -0.003138
v 2.296953 0.057290 -0.198228
v 2.353859 0.057290 -0.385821
v 2.446269 0.057290 -0.558708
v 2.570632 0.057290 -0.710244
v 2.722168 0.057290 -0.834607
v 2.895055 0.057290 -0.927017
v 3.082648 0.057290 -0.983923
v 3.277738 0.366578 -1.003138
v 3.472829 0.366578 -0.983923
v 3.660422 0.366578 -0.927017
v 3.833309 0.366578 -0.834607
v 3.984845 0.366578 -0.710244
v 4.109208 0.366578 -0.558708
v 4.201618 0.366578 -0.385821
v 4.258523 0.366578 -0.198228
v 4.277739 0.366578 -0.003138
v 4.258523 0.366578 0.191953
v 4.201618 0.366578 0.379546
v 4.109208 0.366578 0.552433
v 3.984845 0.366578 0.703969
v 3.833309 0.366578 0.828332
v 3.660422 0.366578 0.920742
v 3.472829 0.366578 0.977648
v 3.277738 0.366578 0.996862
v 3.082648 0.366578 0.977648
v 2.895055 0.366578 0.920742
v 2.722168 0.366578 0.828332
v 2.570632 0.366578 0.703969
v 2.446269 0.366578 0.552433
v 2.353859 0.366578 0.379546
v 2.296953 0.366578 0.191953
v 2.277738 0.366578 -0.003138
v 2.296953 0.366578 -0.198228
v 2.353859 0.366578 -0.385821
v 2.446269 0.366578 -0.558708
v 2.570632 0.366578 -0.710244
v 2.722168 0.366578 -0.834607
v 2.895055 0.366578 -0.927017
v 3.082648 0.366578 -0.983923
v 3.474444 0.883907 -0.992046
v 3.277738 0.883907 -1.011420
v 3.277738 0.368678 -1.011420
v 3.663591 0.883907 -0.934669
v 3.837910 0.883907 -0.841494
v 3.990702 0.883907 -0.716101
v 4.116095 0.883907 -0.563309
v 4.209270 0.883907 -0.388991
v 4.266647 0.883907 -0.199844
v 4.286021 0.883907 -0.003138
v 4.266647 0.883907 0.193569
v 4.209270 0.883907 0.382715
v 4.116095 0.883907 0.557034
v 3.990702 0.883907 0.709826
v 3.837910 0.883907 0.835219
v 3.663591 0.883907 0.928394
v 3.474444 0.883907 0.985771
v 3.277738 0.883907 1.005145
v 3.081032 0.883907 0.985771
v 2.891885 0.883907 0.928394
v 2.717566 0.883907 0.835219
v 2.564775 0.883907 0.709826
v 2.439382 0.883907 0.557034
v 2.346207 0.883907 0.382715
v 2.288830 0.883907 0.193569
v 2.269456 0.883907 -0.003138
v 2.288830 0.883907 -0.199844
v 2.346207 0.883907 -0.388991
v 2.439382 0.883907 -0.563309
v 2.564775 0.883907 -0.716101
v 2.717566 0.883907 -0.841494
v 2.891885 0.883907 -0.934669
v 3.081032 0.883907 -0.992046
v 3.474444 0.368678 -0.992046
v 3.663591 0.368678 -0.934669
v 3.837910 0.368678 -0.841494
v 3.990702 0.368678 -0.716101
v 4.116095 0.368678 -0.563309
v 4.209270 0.368678 -0.388991
v 4.266647 0.368678 -0.199844
v 4.286021 0.368678 -0.003138
v 4.266647 0.368678 0.193569
v 4.209270 0.368678 0.382715
v 4.116095 0.368678 0.557034
v 3.990702 0.368678 0.709826
v 3.837910 0.368678 0.835219
v 3.663591 0.368678 0.928394
v 3.474444 0.368678 0.985771
v 3.277738 0.368678 1.005145
v 3.081032 0.368678 0.985771
v 2.891885 0.368678 0.928394
v 2.717566 0.368678 0.835219
v 2.564775 0.368678 0.709826
v 2.439382 0.368678 0.557034
v 2.346207 0.368678 0.382715
v 2.288830 0.368678 0.193569
v 2.269456 0.368678 -0.003138
v 2.288830 0.368678 -0.199844
v 2.346207 0.368678 -0.388991
v 2.439382 0.368678 -0.563309
v 2.564775 0.368678 -0.716101
v 2.717566 0.368678 -0.841494
v 2.891885 0.368678 -0.934669
v 3.081032 0.368678 -0.992046
vn 0.0480 -0.9693 -0.2411
vn -0.0000 -0.9693 -0.2458
vn -0.1738 -0.9693 -0.1738
vn -0.2044 -0.9693 -0.1366
vn 0.0480 -0.9693 0.2411
vn 0.0941 -0.9693 0.2271
vn 0.0941 -0.9693 -0.2271
vn -0.1366 -0.9693 -0.2044
vn -0.0000 -0.9693 0.2458
vn 0.1366 -0.9693 -0.2044
vn -0.0941 -0.9693 -0.2271
vn -0.0480 -0.9693 0.2411
vn 0.1738 -0.9693 -0.1738
vn -0.0480 -0.9693 -0.2411
vn -0.0941 -0.9693 0.2271
vn 0.2044 -0.9693 -0.1366
vn -0.1366 -0.9693 0.2044
vn 0.2271 -0.9693 -0.0941
vn -0.1738 -0.9693 0.1738
vn 0.2411 -0.9693 -0.0480
vn -0.2044 -0.9693 0.1366
vn 0.2458 -0.9693 -0.0000
vn -0.2271 -0.9693 0.0941
vn 0.2411 -0.9693 0.0480
vn -0.2411 -0.9693 0.0480
vn 0.2271 -0.9693 0.0941
vn -0.2458 -0.9693 -0.0000
vn 0.2044 -0.9693 0.1366
vn -0.2411 -0.9693 -0.0480
vn 0.1738 -0.9693 0.1738
vn -0.2271 -0.9693 -0.0941
vn 0.1366 -0.9693 0.2044
vn -0.0000 -1.0000 -0.0000
vn -0.1951 -0.0000 -0.9808
vn -0.0000 -0.0000 -1.0000
vn -0.3827 -0.0000 -0.9239
vn -0.5556 -0.0000 -0.8315
vn -0.7071 -0.0000 -0.7071
vn -0.8315 -0.0000 -0.5556
vn -0.9239 -0.0000 -0.3827
vn -0.9808 -0.0000 -0.1951
vn -1.0000 -0.0000 -0.0000
vn -0.9808 -0.0000 0.1951
vn -0.9239 -0.0000 0.3827
vn -0.8315 -0.0000 0.5556
vn -0.7071 -0.0000 0.7071
vn -0.5556 -0.0000 0.8315
vn -0.3827 -0.0000 0.9239
vn -0.1951 -0.0000 0.9808
vn -0.0000 -0.0000 1.0000
vn 0.1951 -0.0000 0.9808
vn 0.3827 -0.0000 0.9239
vn 0.5556 -0.0000 0.8315
vn 0.7071 -0.0000 0.7071
vn 0.8315 -0.0000 0.5556
vn 0.9239 -0.0000 0.3827
vn 0.9808 -0.0000 0.1951
vn 1.0000 -0.0000 -0.0000
vn 0.9808 -0.0000 -0.1951
vn 0.9239 -0.0000 -0.3827
vn 0.8315 -0.0000 -0.5556
vn 0.7071 -0.0000 -0.7071
vn 0.5556 -0.0000 -0.8315
vn 0.3827 -0.0000 -0.9239
vn 0.1951 -0.0000 -0.9808
vn -0.0000 1.0000 -0.0000
vt 0.968750 0.688525
vt 1.000000 0.688525
vt 0.125000 0.688525
vt 0.156250 0.688525
vt 0.531250 0.688525
vt 0.562500 0.688525
vt 0.937500 0.688525
vt 0.093750 0.688525
vt 0.500000 0.688525
vt 0.906250 0.688525
vt 0.062500 0.688525
vt 0.468750 0.688525
vt 0.875000 0.688525
vt 0.031250 0.688525
vt 0.437500 0.688525
vt 0.843750 0.688525
vt 0.000000 0.688525
vt 0.406250 0.688525
vt 0.812500 0.688525
vt 0.375000 0.688525
vt 0.781250 0.688525
vt 0.343750 0.688525
vt 0.750000 0.688525
vt 0.312500 0.688525
vt 0.718750 0.688525
vt 0.281250 0.688525
vt 0.687500 0.688525
vt 0.250000 0.688525
vt 0.656250 0.688525
vt 0.218750 0.688525
vt 0.625000 0.688525
vt 0.187500 0.688525
vt 0.593750 0.688525
vt 0.750000 0.490000
vt 0.796822 0.485388
vt 0.841844 0.471731
vt 0.883337 0.449553
vt 0.919706 0.419706
vt 0.949553 0.383337
vt 0.971731 0.341844
vt 0.985388 0.296822
vt 0.990000 0.250000
vt 0.985388 0.203178
vt 0.971731 0.158156
vt 0.949553 0.116663
vt 0.919706 0.080294
vt 0.883337 0.050447
vt 0.841844 0.028269
vt 0.796822 0.014612
vt 0.750000 0.010000
vt 0.703178 0.014612
vt 0.658156 0.028269
vt 0.616663 0.050447
vt 0.580294 0.080294
vt 0.550447 0.116663
vt 0.528269 0.158156
vt 0.514612 0.203178
vt 0.510000 0.250000
vt 0.514612 0.296822
vt 0.528269 0.341844
vt 0.550447 0.383337
vt 0.580294 0.419706
vt 0.616663 0.449553
vt 0.658156 0.471731
vt 0.703178 0.485388
vt 0.031250 0.500000
vt 0.000000 0.500000
vt 0.062500 0.500000
vt 0.093750 0.500000
vt 0.125000 0.500000
vt 0.156250 0.500000
vt 0.187500 0.500000
vt 0.218750 0.500000
vt 0.250000 0.500000
vt 0.281250 0.500000
vt 0.312500 0.500000
vt 0.343750 0.500000
vt 0.375000 0.500000
vt 0.406250 0.500000
vt 0.437500 0.500000
vt 0.468750 0.500000
vt 0.500000 0.500000
vt 0.531250 0.500000
vt 0.562500 0.500000
vt 0.593750 0.500000
vt 0.625000 0.500000
vt 0.656250 0.500000
vt 0.687500 0.500000
vt 0.718750 0.500000
vt 0.750000 0.500000
vt 0.781250 0.500000
vt 0.812500 0.500000
vt 0.843750 0.500000
vt 0.875000 0.500000
vt 0.906250 0.500000
vt 0.937500 0.500000
vt 0.968750 0.500000
vt 1.000000 0.500000
vt 1.000000 1.000000
vt 0.968750 1.000000
vt 0.937500 1.000000
vt 0.906250 1.000000
vt 0.875000 1.000000
vt 0.843750 1.000000
vt 0.812500 1.000000
vt 0.781250 1.000000
vt 0.750000 1.000000
vt 0.718750 1.000000
vt 0.687500 1.000000
vt 0.656250 1.000000
vt 0.625000 1.000000
vt 0.593750 1.000000
vt 0.562500 1.000000
vt 0.531250 1.000000
vt 0.500000 1.000000
vt 0.468750 1.000000
vt 0.437500 1.000000
vt 0.406250 1.000000
vt 0.375000 1.000000
vt 0.343750 1.000000
vt 0.312500 1.000000
vt 0.281250 1.000000
vt 0.250000 1.000000
vt 0.218750 1.000000
vt 0.187500 1.000000
vt 0.156250 1.000000
vt 0.125000 1.000000
vt 0.093750 1.000000
vt 0.062500 1.000000
vt 0.296822 0.485388
vt 0.250000 0.490000
vt 0.203178 0.485388
vt 0.158156 0.471731
vt 0.116663 0.449553
vt 0.080294 0.419706
vt 0.050447 0.383337
vt 0.028269 0.341844
vt 0.014612 0.296822
vt 0.010000 0.250000
vt 0.014612 0.203178
vt 0.028269 0.158156
vt 0.050447 0.116663
vt 0.080294 0.080294
vt 0.116663 0.050447
vt 0.158156 0.028269
vt 0.203178 0.014612
vt 0.250000 0.010000
vt 0.296822 0.014612
vt 0.341844 0.028269
vt 0.383337 0.050447
vt 0.419706 0.080294
vt 0.449553 0.116663
vt 0.471731 0.158156
vt 0.485388 0.203178
vt 0.490000 0.250000
vt 0.485388 0.296822
vt 0.471731 0.341844
vt 0.449553 0.383337
vt 0.419706 0.419706
vt 0.383337 0.449553
vt 0.341844 0.471731
vt 0.031250 1.000000
vt 0.000000 1.000000
s 1
usemtl Material.003
f 67/34/33 66/35/34 100/35/34 131/34/33
f 94/36/35 93/37/36 157/37/36 158/36/35
f 81/38/37 80/39/38 144/39/38 145/38/37
f 68/40/39 67/34/33 131/34/33 132/40/39
f 95/41/40 94/36/35 158/36/35 159/41/40
f 82/42/41 81/38/37 145/38/37 146/42/41
f 69/43/42 68/40/39 132/40/39 133/43/42
f 96/44/43 95/41/40 159/41/40 160/44/43
f 83/45/44 82/42/41 146/42/41 147/45/44
f 70/46/45 69/43/42 133/43/42 134/46/45
f 97/47/46 96/44/43 160/44/43 161/47/46
f 84/48/47 83/45/44 147/45/44 148/48/47
f 71/49/48 70/46/45 134/46/45 135/49/48
f 66/50/34 97/47/46 161/47/46 100/50/34
f 85/51/49 84/48/47 148/48/47 149/51/49
f 72/52/50 71/49/48 135/49/48 136/52/50
f 86/53/51 85/51/49 149/51/49 150/53/51
f 73/54/52 72/52/50 136/52/50 137/54/52
f 87/55/53 86/53/51 150/53/51 151/55/53
f 74/56/54 73/54/52 137/54/52 138/56/54
f 88/57/55 87/55/53 151/55/53 152/57/55
f 75/58/56 74/56/54 138/56/54 139/58/56
f 89/59/57 88/57/55 152/57/55 153/59/57
f 76/60/58 75/58/56 139/58/56 140/60/58
f 90/61/59 89/59/57 153/59/57 154/61/59
f 77/62/60 76/60/58 140/60/58 141/62/60
f 91/63/61 90/61/59 154/61/59 155/63/61
f 78/64/62 77/62/60 141/62/60 142/64/62
f 92/65/63 91/63/61 155/63/61 156/65/63
f 79/66/64 78/64/62 142/64/62 143/66/64
f 93/37/36 92/65/63 156/65/63 157/37/36
f 80/39/38 79/66/64 143/66/64 144/39/38
f 34/67/65 35/68/65 36/69/65 37/70/65 38/71/65 39/72/65 40/73/65 41/74/65 42/75/65 43/76/65 44/77/65 45/78/65 46/79/65 47/80/65 48/81/65 49/82/65 50/83/65 51/84/65 52/85/65 53/86/65 54/87/65 55/88/65 56/89/65 57/90/65 58/91/65 59/92/65 60/93/65 61/94/65 62/95/65 63/96/65 64/97/65 65/98/65
f 65/99/66 97/47/66 66/50/67 34/100/67
f 64/101/68 96/44/68 97/47/66 65/99/66
f 63/102/69 95/41/69 96/44/68 64/101/68
f 62/103/70 94/36/70 95/41/69 63/102/69
f 61/104/71 93/37/71 94/36/70 62/103/70
f 60/105/72 92/65/72 93/37/71 61/104/71
f 59/106/73 91/63/73 92/65/72 60/105/72
f 58/107/74 90/61/74 91/63/73 59/106/73
f 57/108/75 89/59/75 90/61/74 58/107/74
f 56/109/76 88/57/76 89/59/75 57/108/75
f 55/110/77 87/55/77 88/57/76 56/109/76
f 54/111/78 86/53/78 87/55/77 55/110/77
f 53/112/79 85/51/79 86/53/78 54/111/78
f 52/113/80 84/48/80 85/51/79 53/112/79
f 51/114/81 83/45/81 84/48/80 52/113/80
f 50/115/82 82/42/82 83/45/81 51/114/81
f 49/116/83 81/38/83 82/42/82 50/115/82
f 48/117/84 80/39/84 81/38/83 49/116/83
f 47/118/85 79/66/85 80/39/84 48/117/84
f 46/119/86 78/64/86 79/66/85 47/118/85
f 45/120/87 77/62/87 78/64/86 46/119/86
f 44/121/88 76/60/88 77/62/87 45/120/87
f 43/122/89 75/58/89 76/60/88 44/121/88
f 42/123/90 74/56/90 75/58/89 43/122/89
f 41/124/91 73/54/91 74/56/90 42/123/90
f 40/125/92 72/52/92 73/54/91 41/124/91
f 39/126/93 71/49/93 72/52/92 40/125/92
f 38/127/94 70/46/94 71/49/93 39/126/93
f 37/128/95 69/43/95 70/46/94 38/127/94
f 36/129/96 68/40/96 69/43/95 37/128/95
f 35/130/97 67/34/97 68/40/96 36/129/96
f 34/131/67 66/35/67 67/34/97 35/130/97
usemtl Material.013
f 100/35/67 99/132/67 98/133/97 131/34/97
f 131/34/97 98/133/97 101/134/96 132/40/96
f 132/40/96 101/134/96 102/135/95 133/43/95
f 133/43/95 102/135/95 103/136/94 134/46/94
f 134/46/94 103/136/94 104/137/93 135/49/93
f 135/49/93 104/137/93 105/138/92 136/52/92
f 136/52/92 105/138/92 106/139/91 137/54/91
f 137/54/91 106/139/91 107/140/90 138/56/90
f 138/56/90 107/140/90 108/141/89 139/58/89
f 139/58/89 108/141/89 109/142/88 140/60/88
f 140/60/88 109/142/88 110/143/87 141/62/87
f 141/62/87 110/143/87 111/144/86 142/64/86
f 142/64/86 111/144/86 112/145/85 143/66/85
f 143/66/85 112/145/85 113/146/84 144/39/84
f 144/39/84 113/146/84 114/147/83 145/38/83
f 145/38/83 114/147/83 115/148/82 146/42/82
f 146/42/82 115/148/82 116/149/81 147/45/81
f 147/45/81 116/149/81 117/150/80 148/48/80
f 148/48/80 117/150/80 118/151/79 149/51/79
f 149/51/79 118/151/79 119/152/78 150/53/78
f 150/53/78 119/152/78 120/153/77 151/55/77
f 151/55/77 120/153/77 121/154/76 152/57/76
f 152/57/76 121/154/76 122/155/75 153/59/75
f 153/59/75 122/155/75 123/156/74 154/61/74
f 154/61/74 123/156/74 124/157/73 155/63/73
f 155/63/73 124/157/73 125/158/72 156/65/72
f 156/65/72 125/158/72 126/159/71 157/37/71
f 157/37/71 126/159/71 127/160/70 158/36/70
f 158/36/70 127/160/70 128/161/69 159/41/69
f 159/41/69 128/161/69 129/162/68 160/44/68
f 98/163/98 99/164/98 130/165/98 129/166/98 128/167/98 127/168/98 126/169/98 125/170/98 124/171/98 123/172/98 122/173/98 121/174/98 120/175/98 119/176/98 118/177/98 117/178/98 116/179/98 115/180/98 114/181/98 113/182/98 112/183/98 111/184/98 110/185/98 109/186/98 108/187/98 107/188/98 106/189/98 105/190/98 104/191/98 103/192/98 102/193/98 101/194/98
f 160/44/68 129/162/68 130/195/66 161/47/66
f 161/47/66 130/195/66 99/196/67 100/50/67
o Plane
v -7.828035 0.010221 7.828035
v 7.828035 0.010221 7.828035
v -7.828035 0.010221 -7.828035
v 7.828035 0.010221 -7.828035
vn -0.0000 1.0000 -0.0000
vt 0.000000 0.000000
vt 1.000000 0.000000
vt 1.000000 1.000000
vt 0.000000 1.000000
s 0
usemtl Material.002
f 162/197/99 163/198/99 165/199/99 164/200/99
o Plane.001
v -4.427237 9.804230 5.760875
v -4.427236 -1.717520 5.760875
v -4.427237 9.804230 -5.760875
v -4.427236 -1.717520 -5.760875
vn 1.0000 -0.0000 -0.0000
vt 0.000000 0.000000
vt 1.000000 0.000000
vt 1.000000 1.000000
vt 0.000000 1.000000
s 0
usemtl Material.004
f 166/201/100 167/202/100 169/203/100 168/204/100
o Plane.002
v -4.378172 5.174731 -0.446136
v -4.372334 5.108580 0.007767
v -4.384541 5.246896 -0.941304
v -4.380262 4.066526 -0.649765
v -4.335445 5.246919 -0.941932
v -4.329076 5.174754 -0.446765
v -4.323238 5.108603 0.007139
v -4.331167 4.066549 -0.650393
vn -0.9999 -0.0005 0.0128
vn 0.9999 0.0005 -0.0128
vn 0.0111 -0.5337 0.8456
vn 0.0014 0.9895 0.1442
vn -0.0123 -0.2398 -0.9707
vt 0.000000 0.000000
vt 0.000000 1.000000
vt 1.000000 1.000000
vt 1.000000 0.000000
s 0
usemtl Material.011
f 170/205/101 172/206/101 173/207/101 171/208/101
f 175/205/102 176/208/102 177/207/102 174/206/102
f 171/208/103 173/207/103 177/207/103 176/208/103
f 172/206/104 170/205/104 175/205/104 174/206/104
f 173/207/105 172/206/105 174/206/105 177/207/105
f 170/205/104 171/208/104 176/208/104 175/205/104
o Plane.003
v -4.387962 5.424343 -1.524619
v -4.367013 5.273344 -1.091954
v -4.410814 5.589069 -1.996617
v -4.397719 4.374872 -1.934625
v -4.361767 5.589484 -1.998847
v -4.338915 5.424757 -1.526849
v -4.317966 5.273758 -1.094183
v -4.348672 4.375288 -1.936855
vn -0.9989 -0.0085 0.0454
vn 0.9989 0.0085 -0.0454
vn 0.0389 -0.6843 0.7282
vn 0.0070 0.9442 0.3292
vn -0.0449 -0.0514 -0.9977
vt 0.000000 0.000000
vt 0.000000 1.000000
vt 1.000000 1.000000
vt 1.000000 0.000000
s 0
usemtl Material.010
f 178/209/106 180/210/106 181/211/106 179/212/106
f 183/209/107 184/212/107 185/211/107 182/210/107
f 179/212/108 181/211/108 185/211/108 184/212/108
f 180/210/109 178/209/109 183/209/109 182/210/109
f 181/211/110 180/210/110 182/210/110 185/211/110
f 178/209/109 179/212/109 184/212/109 183/209/109
o Plane.004
v -4.412930 6.546474 -3.435264
v -4.393093 6.239297 -3.095134
v -4.434569 6.881575 -3.806314
v -4.427599 5.738435 -4.220405
v -4.385520 6.882581 -3.808266
v -4.363879 6.547480 -3.437216
v -4.344042 6.240304 -3.097086
v -4.378549 5.739441 -4.222357
vn -0.9990 -0.0205 0.0398
vn 0.9990 0.0205 -0.0398
vn 0.0349 -0.9134 0.4055
vn 0.0114 0.7424 0.6698
vn -0.0444 0.3400 -0.9394
vt 0.000000 0.000000
vt 0.000000 1.000000
vt 1.000000 1.000000
vt 1.000000 0.000000
s 0
usemtl Material.012
f 186/213/111 188/214/111 189/215/111 187/216/111
f 191/213/112 192/216/112 193/215/112 190/214/112
f 187/216/113 189/215/113 193/215/113 192/216/113
f 188/214/114 186/213/114 191/213/114 190/214/114
f 189/215/115 188/214/115 190/214/115 193/215/115
f 186/213/114 187/216/114 192/216/114 191/213/114
o Plane.005
v -4.405274 5.897839 -2.538190
v -4.400140 5.660692 -2.145541
v -4.410875 6.156545 -2.966535
v -4.412740 4.955540 -3.155932
v -4.361780 6.156568 -2.967163
v -4.356179 5.897862 -2.538818
v -4.351045 5.660715 -2.146169
v -4.363645 4.955563 -3.156560
vn -0.9999 -0.0005 0.0128
vn 0.9999 0.0005 -0.0128
vn 0.0077 -0.8201 0.5722
vn 0.0062 0.8560 0.5169
vn -0.0127 0.1558 -0.9877
vt 0.000000 0.000000
vt 0.000000 1.000000
vt 1.000000 1.000000
vt 1.000000 0.000000
s 0
usemtl Material.005
f 194/217/116 196/218/116 197/219/116 195/220/116
f 199/217/117 200/220/117 201/219/117 198/218/117
f 195/220/118 197/219/118 201/219/118 200/220/118
f 196/218/119 194/217/119 199/217/119 198/218/119
f 197/219/120 196/218/120 198/218/120 201/219/120
f 194/217/119 195/220/119 200/220/119 199/217/119
o Plane.006
v -4.349874 5.314682 1.770641
v -4.344241 5.428323 2.215043
v -4.356019 5.190710 1.285840
v -4.346311 4.213460 2.009149
v -4.306924 5.190732 1.285211
v -4.300779 5.314704 1.770013
v -4.295146 5.428346 2.214414
v -4.297215 4.213483 2.008520
vn -0.9999 -0.0005 0.0128
vn 0.9999 0.0005 -0.0128
vn 0.0127 -0.1671 0.9859
vn -0.0036 0.9688 -0.2477
vn -0.0100 -0.5950 -0.8037
vt 0.000000 0.000000
vt 0.000000 1.000000
vt 1.000000 1.000000
vt 1.000000 0.000000
s 0
usemtl Material.009
f 202/221/121 204/222/121 205/223/121 203/224/121
f 207/221/122 208/224/122 209/223/122 206/222/122
f 203/224/123 205/223/123 209/223/123 208/224/123
f 204/222/124 202/221/124 207/221/124 206/222/124
f 205/223/125 204/222/125 206/222/125 209/223/125
f 202/221/124 203/224/124 208/224/124 207/221/124
o Plane.007
v -4.359629 5.130005 0.679163
v -4.338447 5.157235 1.136600
v -4.382737 5.100299 0.180141
v -4.363779 4.003539 0.704589
v -4.333690 5.100068 0.177884
v -4.310582 5.129773 0.676906
v -4.289400 5.157003 1.134343
v -4.314733 4.003307 0.702332
vn -0.9989 0.0047 0.0460
vn 0.9989 -0.0047 -0.0460
vn 0.0414 -0.3512 0.9354
vn 0.0020 0.9982 -0.0595
vn -0.0435 -0.4316 -0.9010
vt 0.000000 0.000000
vt 0.000000 1.000000
vt 1.000000 1.000000
vt 1.000000 0.000000
s 0
usemtl Material.006
f 210/225/126 212/226/126 213/227/126 211/228/126
f 215/225/127 216/228/127 217/227/127 214/226/127
f 211/228/128 213/227/128 217/227/128 216/228/128
f 212/226/129 210/225/129 215/225/129 214/226/129
f 213/227/130 212/226/130 214/226/130 217/227/130
f 210/225/129 211/228/129 216/228/129 215/225/129
o Plane.008
v -4.332518 5.705311 2.818941
v -4.312012 5.908036 3.229941
v -4.354889 5.484157 2.370578
v -4.331147 4.676995 3.279541
v -4.305839 5.483312 2.368547
v -4.283468 5.704467 2.816911
v -4.262961 5.907192 3.227910
v -4.282096 4.676150 3.277511
vn -0.9990 0.0172 0.0414
vn 0.9990 -0.0172 -0.0414
vn 0.0420 0.0396 0.9983
vn -0.0029 0.8969 -0.4422
vn -0.0403 -0.7477 -0.6629
vt 0.000000 0.000000
vt 0.000000 1.000000
vt 1.000000 1.000000
vt 1.000000 0.000000
s 0
usemtl Material.008
f 218/229/131 220/230/131 221/231/131 219/232/131
f 223/229/132 224/232/132 225/231/132 222/230/132
f 219/232/133 221/231/133 225/231/133 224/232/133
f 220/230/134 218/229/134 223/229/134 222/230/134
f 221/231/135 220/230/135 222/230/135 225/231/135
f 218/229/134 219/232/134 224/232/134 223/229/134
o Plane.009
v -4.324965 6.299145 3.753196
v -4.320418 6.576370 4.118659
v -4.329926 5.996716 3.354508
v -4.316257 5.376825 4.400373
v -4.280830 5.996739 3.353879
v -4.275870 6.299168 3.752568
v -4.271323 6.576393 4.118032
v -4.267161 5.376848 4.399745
vn -0.9999 -0.0005 0.0128
vn 0.9999 0.0005 -0.0128
vn 0.0123 0.2287 0.9734
vn -0.0081 0.7967 -0.6043
vn -0.0061 -0.8603 -0.5098
vt 0.000000 0.000000
vt 0.000000 1.000000
vt 1.000000 1.000000
vt 1.000000 0.000000
s 0
usemtl Material.007
f 226/233/136 228/234/136 229/235/136 227/236/136
f 231/233/137 232/236/137 233/235/137 230/234/137
f 227/236/138 229/235/138 233/235/138 232/236/138
f 228/234/139 226/233/139 231/233/139 230/234/139
f 229/235/140 228/234/140 230/234/140 233/235/140
f 226/233/139 227/236/139 232/236/139 231/233/139
o Cat
v -0.990979 0.688070 0.652558
v -0.996169 2.064277 0.660886
v 0.799094 1.142317 0.752317
v 0.801353 1.676878 0.752049
v 0.662208 0.685378 0.639618
v 0.718917 2.038808 0.634560
v -1.105638 1.685627 0.782098
v -1.105638 1.138682 0.785579
v -1.142855 0.622553 0.000000
v -1.131392 2.227329 -0.000000
v 0.817736 0.634722 0.000000
v 0.830273 2.185218 0.000000
v 0.974444 1.717998 -0.000000
v 0.974444 1.102443 -0.000000
v -1.344927 1.881389 -0.000000
v -1.446076 0.976275 -0.000000
v -0.599539 0.651175 0.816510
v 0.206701 0.646112 0.828911
v 0.133534 2.220376 0.786353
v -0.576273 2.168495 0.760383
v -0.601848 2.384276 0.000000
v 0.177189 2.396997 -0.000000
v 0.255603 0.421689 0.000000
v -0.659597 0.434981 -0.000000
v 0.196043 1.100762 0.960326
v -0.585214 1.105702 0.945756
v 0.184279 1.709026 0.960480
v -0.588587 1.708109 0.947166
v -1.140158 0.651486 0.348449
v 0.811775 2.159078 0.322258
v -1.105953 2.183162 0.348976
v 0.809626 0.661526 0.327302
v -1.316012 1.130097 0.473119
v -1.300995 1.756170 0.442784
v 0.948444 1.111406 0.369091
v 0.948444 1.709035 0.369091
v 0.158430 2.409641 0.333334
v -0.604285 2.356962 0.358845
v -0.602811 0.381298 0.327200
v 0.207757 0.386125 0.352783
v 0.479945 0.711471 0.777615
v 0.585465 2.337601 0.000000
v 0.531535 2.176946 0.734840
v 0.541159 0.481351 0.000000
v 0.554774 1.127496 0.900046
v 0.560260 1.687035 0.898645
v 0.597762 2.368342 0.324764
v 0.472247 0.408490 0.297884
v 0.479789 2.591799 0.757821
v 0.388456 2.657912 0.788750
v 0.411490 2.717627 0.609643
v 0.512488 2.657135 0.576948
v 0.460711 0.531779 0.692907
v 0.188810 0.466228 0.656213
v 0.641095 0.473210 0.385093
v 0.440394 0.140934 0.427431
v 0.278613 0.166025 0.446660
v 0.564221 0.198259 0.458090
v 0.454919 0.182635 0.637537
v 0.274974 0.198615 0.608878
v 0.560811 0.222553 0.599733
v 0.594296 0.415494 0.627129
v -0.918615 0.408204 0.357071
v -0.613624 0.443396 0.665581
v -0.887865 0.420349 0.648724
v -0.679081 0.155393 0.385251
v -0.857071 0.164181 0.384185
v -0.683964 0.169073 0.638641
v -0.850225 0.163883 0.629793
v -0.650667 0.126672 0.519459
v -0.886710 0.129313 0.509433
v -0.569499 0.341130 0.507228
v -0.956983 0.408665 0.519058
v -0.192596 0.425017 0.342439
v -0.175593 0.410221 0.000000
v -0.181535 0.583154 0.809116
v -0.198260 0.497994 0.641026
v 0.310149 2.567172 0.530818
v 0.289237 2.497229 0.746031
v -1.471146 1.609717 0.000000
v -1.487715 1.179363 0.242142
v -1.513795 1.472675 0.231102
v -1.593874 1.608344 0.000000
v -1.703137 1.229421 0.000000
v -1.675973 1.333579 0.167768
v -1.633517 1.515893 0.175733
v -1.723637 1.803659 0.000000
v -1.897169 1.566732 0.000000
v -1.849730 1.613217 0.151881
v -1.761405 1.744606 0.154413
v -1.881660 2.051107 -0.000000
v -2.020821 1.996855 0.000000
v -1.964617 1.930507 0.134395
v -1.876131 1.978755 0.136083
v -0.990980 0.688070 -0.652558
v -0.996169 2.064277 -0.660886
v 0.799094 1.142317 -0.752317
v 0.801353 1.676878 -0.752049
v 0.662208 0.685378 -0.639618
v 0.718917 2.038808 -0.634560
v -1.105638 1.685627 -0.782098
v -1.105639 1.138682 -0.785579
v -0.599539 0.651175 -0.816510
v 0.206701 0.646112 -0.828911
v 0.133534 2.220376 -0.786353
v -0.576273 2.168495 -0.760383
v 0.196043 1.100762 -0.960326
v -0.585214 1.105702 -0.945756
v 0.184279 1.709026 -0.960480
v -0.588587 1.708109 -0.947166
v -1.140158 0.651486 -0.348449
v 0.811775 2.159078 -0.322258
v -1.105953 2.183162 -0.348977
v 0.809626 0.661526 -0.327302
v -1.316012 1.130097 -0.473119
v -1.300995 1.756170 -0.442784
v 0.948444 1.111406 -0.369091
v 0.948444 1.709035 -0.369091
v 0.158430 2.409641 -0.333334
v -0.604285 2.356962 -0.358845
v -0.602811 0.381298 -0.327200
v 0.207757 0.386125 -0.352783
v 0.479945 0.711471 -0.777615
v 0.531535 2.176946 -0.734840
v 0.554774 1.127496 -0.900046
v 0.560260 1.687035 -0.898645
v 0.597762 2.368342 -0.324764
v 0.472247 0.408490 -0.297884
v 0.479789 2.591799 -0.757821
v 0.388456 2.657912 -0.788750
v 0.411490 2.717627 -0.609643
v 0.512488 2.657135 -0.576947
v 0.460711 0.531779 -0.692907
v 0.188810 0.466228 -0.656213
v 0.641095 0.473210 -0.385093
v 0.440394 0.140935 -0.427431
v 0.278613 0.166025 -0.446660
v 0.564221 0.198259 -0.458090
v 0.454919 0.182635 -0.637537
v 0.274974 0.198615 -0.608878
v 0.560811 0.222553 -0.599733
v 0.594296 0.415494 -0.627129
v -0.918615 0.408204 -0.357071
v -0.613624 0.443396 -0.665581
v -0.887865 0.420349 -0.648724
v -0.679081 0.155393 -0.385251
v -0.857071 0.164181 -0.384185
v -0.683964 0.169073 -0.638641
v -0.850225 0.163883 -0.629793
v -0.650668 0.126672 -0.519459
v -0.886710 0.129313 -0.509433
v -0.569499 0.341130 -0.507228
v -0.956983 0.408665 -0.519058
v -0.192596 0.425017 -0.342439
v -0.181535 0.583154 -0.809116
v -0.198260 0.497994 -0.641026
v 0.310149 2.567172 -0.530818
v 0.289237 2.497229 -0.746031
v -1.487716 1.179363 -0.242142
v -1.513795 1.472675 -0.231102
v -1.675973 1.333579 -0.167768
v -1.633517 1.515893 -0.175733
v -1.849730 1.613217 -0.151881
v -1.761405 1.744606 -0.154413
v -1.964617 1.930507 -0.134395
v -1.876131 1.978755 -0.136083
v -1.124200 0.668063 0.428589
v -1.095967 0.685406 0.507067
v -1.054545 0.696516 0.581532
v -1.083147 1.808729 0.755709
v -1.054300 1.917034 0.723013
v -1.022491 2.006069 0.688350
v -1.643461 1.166558 0.000000
v -1.579187 1.106093 0.000000
v -1.512622 1.044006 -0.000000
v -1.205479 2.161048 -0.000000
v -1.262474 2.082251 0.000000
v -1.307311 1.989508 -0.000000
v 0.988819 1.566505 0.000000
v 0.993611 1.410221 0.000000
v 0.988820 1.253936 -0.000000
v 0.877684 2.097919 0.000000
v 0.918089 1.988067 0.000000
v 0.950629 1.859986 0.000000
v 0.814654 1.546228 0.766232
v 0.818852 1.410065 0.770987
v 0.813736 1.273668 0.766340
v 0.733552 1.985329 0.663840
v 0.755670 1.901313 0.698377
v 0.780084 1.796834 0.728798
v 0.789590 2.135183 0.413734
v 0.762672 2.103944 0.503285
v 0.736941 2.068541 0.581814
v 0.775176 1.020372 0.729569
v 0.744077 0.908518 0.701264
v 0.707893 0.804750 0.670985
v 0.530447 0.728565 0.759782
v 0.578476 0.737837 0.736502
v 0.622149 0.730496 0.702267
v -0.722206 2.148284 0.739975
v -0.842767 2.120781 0.712966
v -0.936840 2.089875 0.683860
v -1.119416 1.272928 0.801021
v -1.124009 1.412444 0.805371
v -1.119416 1.551816 0.798955
v -1.120394 2.203417 0.259049
v -1.127976 2.217116 0.171421
v -1.130906 2.224880 0.085327
v 0.814758 0.646578 0.248285
v 0.815463 0.638244 0.168586
v 0.816765 0.635134 0.085413
v -1.023423 0.794115 0.689904
v -1.054752 0.899662 0.726214
v -1.083203 1.014121 0.759481
v 0.653629 2.317158 -0.000000
v 0.717581 2.289263 0.000000
v 0.776678 2.247441 0.000000
v -0.788363 0.458829 -0.000000
v -0.915708 0.495768 -0.000000
v -1.035620 0.549405 -0.000000
v 0.950433 0.960447 -0.000000
v 0.916522 0.832311 0.000000
v 0.872395 0.722311 -0.000000
v -1.380526 0.899341 0.000000
v -1.311628 0.811489 -0.000000
v -1.233929 0.714533 0.000000
v -1.474192 1.090631 0.202955
v -1.459597 1.024932 0.146454
v -1.449607 0.987675 0.076687
v -1.323826 1.790581 0.339628
v -1.338448 1.828700 0.230873
v -1.344162 1.864807 0.116873
v -0.755765 1.116988 0.921930
v -0.897678 1.127547 0.887390
v -1.013465 1.135428 0.841990
v -0.757188 1.700716 0.922470
v -0.898100 1.692549 0.887131
v -1.013518 1.686541 0.840543
v 0.924173 1.119451 0.473339
v 0.890775 1.128714 0.577103
v 0.848874 1.137051 0.672668
v 0.924208 1.700970 0.473334
v 0.891058 1.691571 0.577069
v 0.849828 1.682865 0.672555
v -0.914367 0.699441 0.719609
v -0.824199 0.689081 0.763823
v -0.719074 0.670712 0.795559
v -0.116227 0.598284 0.819696
v -0.018993 0.618025 0.829443
v 0.095295 0.633286 0.832387
v 0.447996 2.183106 0.794843
v 0.362668 2.192616 0.820854
v 0.264440 2.201908 0.821160
v -0.045982 2.194595 0.779098
v -0.226673 2.186047 0.776233
v -0.407492 2.179613 0.771489
v -1.035847 2.282345 -0.000000
v -0.916754 2.326616 -0.000000
v -0.772595 2.360480 -0.000000
v -0.406123 2.398522 0.000000
v -0.199542 2.404450 -0.000000
v 0.000645 2.403471 -0.000000
v 0.474873 0.462987 0.000000
v 0.408451 0.446350 -0.000000
v 0.336994 0.432298 -0.000000
v -0.293564 0.410607 -0.000000
v -0.412766 0.413316 -0.000000
v -0.534382 0.420666 -0.000000
v 0.492506 1.120905 0.919192
v 0.420537 1.114415 0.936302
v 0.326004 1.107782 0.950353
v 0.023269 1.093942 0.965359
v -0.177801 1.091233 0.965229
v -0.387219 1.095949 0.959440
v 0.494092 1.693121 0.917613
v 0.416847 1.699069 0.934803
v 0.317314 1.704498 0.949372
v 0.011508 1.712236 0.967188
v -0.187327 1.713557 0.968160
v -0.393575 1.712384 0.961964
v 0.190417 0.956296 0.934725
v 0.189521 0.828301 0.902375
v 0.197692 0.724299 0.866581
v -0.578420 0.963647 0.920023
v -0.576990 0.837146 0.887780
v -0.586416 0.732717 0.852649
v 0.093688 2.383488 0.454896
v 0.072265 2.345267 0.571049
v 0.081729 2.295247 0.682780
v -0.598176 2.331353 0.463798
v -0.589721 2.293160 0.570512
v -0.581544 2.239752 0.671777
v -0.613622 0.500158 0.707088
v -0.612147 0.543364 0.744237
v -0.608106 0.590540 0.780467
v 0.194185 0.518051 0.707708
v 0.202196 0.553446 0.750153
v 0.207734 0.592221 0.790208
v 0.133913 2.093967 0.851935
v 0.148531 1.972754 0.898386
v 0.167279 1.845409 0.934463
v -0.575780 2.077630 0.830735
v -0.578929 1.968880 0.883677
v -0.583827 1.844841 0.921668
v 0.195203 1.562335 0.976126
v 0.200070 1.408889 0.981325
v 0.199983 1.253445 0.976063
v -0.591579 1.561586 0.962197
v -0.592225 1.409392 0.967060
v -0.590208 1.255955 0.961624
v -1.143281 0.625718 0.093916
v -1.144442 0.632546 0.184053
v -1.145149 0.640326 0.267956
v 0.830716 2.184781 0.076353
v 0.829914 2.181875 0.154391
v 0.824667 2.174106 0.235798
v -1.022496 2.091222 0.607242
v -1.054340 2.124588 0.529217
v -1.083280 2.156241 0.440774
v 0.725973 0.708122 0.563815
v 0.766997 0.701225 0.488050
v 0.794426 0.682387 0.408131
v -1.177141 1.136353 0.718420
v -1.232639 1.131466 0.642415
v -1.277230 1.128041 0.559877
v -1.176906 1.692187 0.711583
v -1.230762 1.706388 0.630356
v -1.270895 1.727845 0.540172
v 0.974038 1.102583 0.087752
v 0.971194 1.103563 0.177312
v 0.963476 1.106224 0.270489
v 0.974038 1.717858 0.087752
v 0.971194 1.716878 0.177312
v 0.963476 1.714217 0.270489
v 0.173143 2.396954 0.071454
v 0.164461 2.397964 0.146222
v 0.156665 2.401646 0.228425
v -0.602990 2.383795 0.084105
v -0.605096 2.380716 0.170453
v -0.606187 2.372589 0.261285
v -0.656018 0.434092 0.088981
v -0.644187 0.428464 0.174040
v -0.624242 0.413658 0.252147
v 0.250225 0.421229 0.088562
v 0.237257 0.418009 0.176044
v 0.221484 0.408879 0.261868
v -0.301019 0.423274 0.340324
v -0.405839 0.418159 0.336678
v -0.503528 0.406553 0.330818
v -0.955534 0.465983 0.344560
v -1.007783 0.519102 0.334793
v -1.072484 0.578099 0.335385
v -0.422919 2.370830 0.356011
v -0.229785 2.379351 0.348066
v -0.036335 2.388215 0.338354
v 0.664713 2.307084 0.311927
v 0.717836 2.264450 0.310230
v 0.766406 2.219140 0.314115
v 0.963069 1.562065 0.375377
v 0.967944 1.410221 0.377472
v 0.963069 1.258376 0.375377
v -1.177482 2.101535 0.364897
v -1.231510 2.003034 0.389194
v -1.271520 1.887850 0.416834
v -1.289794 0.986255 0.445165
v -1.251620 0.857902 0.408080
v -1.201140 0.745322 0.373865
v -1.322268 1.609037 0.462872
v -1.333068 1.450894 0.476366
v -1.330779 1.287954 0.482022
v -1.013896 2.248035 0.344732
v -0.900101 2.297514 0.348535
v -0.763815 2.333266 0.355026
v 0.414257 0.395493 0.297348
v 0.353964 0.384706 0.302497
v 0.288835 0.379440 0.317435
v 0.854224 2.075494 0.333620
v 0.892360 1.969901 0.346476
v 0.924371 1.846386 0.358931
v 0.924338 0.974057 0.359010
v 0.892092 0.850560 0.347107
v 0.853317 0.745016 0.335748
v 0.297454 0.660298 0.820588
v 0.369043 0.676230 0.808568
v 0.427772 0.693443 0.793896
v 0.317268 2.386333 0.000000
v 0.425786 2.372361 -0.000000
v 0.512074 2.355858 0.000000
v 0.688213 2.056133 0.651846
v 0.645568 2.080412 0.673701
v 0.596318 2.114282 0.698910
v 0.753112 0.572070 0.000000
v 0.682631 0.529877 -0.000000
v 0.610921 0.501839 0.000000
v 0.742388 1.142959 0.810562
v 0.681030 1.139776 0.850829
v 0.617623 1.134158 0.878772
v 0.746604 1.675112 0.810050
v 0.687081 1.676967 0.850017
v 0.624421 1.681316 0.877650
v 0.306524 2.429920 0.292119
v 0.418070 2.431023 0.283175
v 0.512942 2.412243 0.291622
v 0.615598 0.451332 0.343197
v 0.577962 0.435092 0.315554
v 0.528470 0.421428 0.302259
v 0.535527 0.480132 0.089971
v 0.519591 0.471827 0.173173
v 0.496000 0.449766 0.243548
v 0.587528 2.337814 0.067943
v 0.592223 2.340200 0.139540
v 0.597065 2.347801 0.219420
v 0.567043 1.551602 0.914685
v 0.568733 1.409482 0.920177
v 0.564814 1.266253 0.915254
v 0.530563 2.044454 0.792262
v 0.538231 1.929159 0.836401
v 0.549493 1.811907 0.872178
v 0.615140 2.340726 0.434776
v 0.604179 2.301686 0.537047
v 0.576779 2.250367 0.636184
v 0.538672 0.998517 0.875289
v 0.518874 0.883547 0.844131
v 0.498318 0.786545 0.810322
v 0.458470 0.583589 0.706260
v 0.459168 0.621222 0.725305
v 0.466403 0.659568 0.749111
v 0.456903 2.612712 0.780472
v 0.427863 2.634816 0.797355
v 0.403797 2.651038 0.798371
v 0.407062 2.724937 0.655128
v 0.400544 2.717068 0.711571
v 0.393675 2.690116 0.759936
v 0.431886 2.719586 0.595561
v 0.460643 2.709091 0.582118
v 0.491222 2.684882 0.576524
v 0.516138 2.659499 0.620168
v 0.511093 2.648252 0.676048
v 0.496522 2.621056 0.726115
v 0.310666 2.526256 0.770022
v 0.340469 2.570868 0.789251
v 0.368496 2.621135 0.794214
v 0.302083 2.540005 0.495380
v 0.283019 2.498765 0.449768
v 0.242563 2.451835 0.398764
v 0.559748 2.452873 0.408289
v 0.537293 2.538147 0.476832
v 0.522675 2.611487 0.535751
v 0.482394 2.530709 0.755593
v 0.488304 2.434446 0.746815
v 0.502306 2.316772 0.736054
v 0.455331 0.345856 0.335594
v 0.445414 0.271771 0.363757
v 0.440951 0.199157 0.391371
v 0.166215 0.388084 0.438394
v 0.151460 0.403293 0.514218
v 0.156384 0.428096 0.586125
v 0.602369 0.629369 0.670836
v 0.557718 0.586935 0.681330
v 0.511714 0.555735 0.687930
v 0.402924 0.510640 0.696267
v 0.339070 0.492131 0.695067
v 0.269963 0.477116 0.685119
v 0.763044 0.601888 0.324747
v 0.717266 0.558681 0.333503
v 0.675969 0.520999 0.356602
v 0.669185 0.606059 0.561637
v 0.664389 0.547555 0.499163
v 0.656009 0.504118 0.438944
v 0.392210 0.138735 0.425582
v 0.344797 0.140924 0.427434
v 0.304389 0.151318 0.435568
v 0.547617 0.173568 0.446148
v 0.520081 0.153621 0.436022
v 0.483826 0.144364 0.430408
v 0.442332 0.108027 0.477831
v 0.445892 0.103378 0.536059
v 0.450334 0.127932 0.592499
v 0.268984 0.157515 0.479960
v 0.263267 0.159409 0.528207
v 0.266581 0.176531 0.576187
v 0.548946 0.206229 0.611755
v 0.528396 0.195009 0.624092
v 0.497270 0.187799 0.632678
v 0.402923 0.179064 0.638799
v 0.349395 0.179820 0.634430
v 0.303660 0.187449 0.622885
v 0.564012 0.201577 0.573168
v 0.567069 0.188912 0.532956
v 0.566809 0.189069 0.489534
v 0.268469 0.202080 0.431690
v 0.256073 0.259572 0.413984
v 0.239826 0.325022 0.392592
v 0.590549 0.395669 0.625203
v 0.580398 0.345694 0.618282
v 0.569155 0.276704 0.609001
v 0.575577 0.247897 0.444847
v 0.592267 0.323414 0.428632
v 0.613604 0.403920 0.409299
v 0.225773 0.388987 0.638246
v 0.245835 0.311294 0.629315
v 0.261932 0.242910 0.619528
v 0.458897 0.265369 0.664419
v 0.461479 0.361755 0.677834
v 0.462047 0.455109 0.685139
v 0.627104 0.570645 0.628552
v 0.607717 0.488711 0.626145
v 0.597772 0.433988 0.626969
v -0.709333 0.382986 0.305035
v -0.798652 0.391908 0.306751
v -0.869074 0.401119 0.325887
v -0.564074 0.361835 0.531441
v -0.562052 0.386347 0.568783
v -0.574978 0.411392 0.614676
v -0.702651 0.436974 0.682383
v -0.776330 0.431853 0.680727
v -0.839251 0.426745 0.668799
v -0.961707 0.411359 0.478211
v -0.960295 0.412719 0.435975
v -0.947635 0.411937 0.394784
v -0.715616 0.144158 0.378748
v -0.768600 0.140198 0.375232
v -0.821222 0.149370 0.378099
v -0.652115 0.129633 0.560423
v -0.657630 0.137321 0.595984
v -0.669701 0.152225 0.623075
v -0.717274 0.154575 0.642884
v -0.766274 0.146243 0.643198
v -0.815845 0.151505 0.637537
v -0.887334 0.130755 0.468904
v -0.883112 0.136646 0.431730
v -0.871527 0.149338 0.402056
v -0.881053 0.342584 0.643648
v -0.873956 0.266641 0.639645
v -0.862835 0.203250 0.634839
v -0.672965 0.211346 0.644467
v -0.661740 0.278791 0.649658
v -0.647910 0.358912 0.654334
v -0.633003 0.316218 0.354340
v -0.648580 0.249607 0.367183
v -0.664119 0.191881 0.377128
v -0.869778 0.203995 0.377592
v -0.882789 0.266489 0.371254
v -0.896642 0.338719 0.365448
v -0.898742 0.491102 0.655985
v -0.916209 0.555120 0.661847
v -0.943121 0.616145 0.662053
v -0.665754 0.141020 0.404719
v -0.655026 0.129789 0.436811
v -0.650838 0.125888 0.476662
v -0.864326 0.148233 0.612717
v -0.876990 0.135427 0.584609
v -0.883847 0.130004 0.549143
v -0.558791 0.368342 0.390567
v -0.550136 0.361924 0.441006
v -0.558730 0.352444 0.481077
v -0.919658 0.412309 0.622116
v -0.938598 0.406379 0.590886
v -0.949863 0.405930 0.556587
v -0.920058 0.184312 0.506844
v -0.937925 0.254070 0.506650
v -0.947752 0.331287 0.510254
v -0.704155 0.093707 0.519137
v -0.768926 0.083262 0.516659
v -0.833579 0.095182 0.513074
v -0.582138 0.301548 0.509575
v -0.596425 0.242761 0.513212
v -0.616525 0.180057 0.517047
v -0.970838 0.480478 0.534639
v -0.985653 0.547297 0.559266
v -0.995411 0.612274 0.595599
v 0.114029 0.412042 0.349644
v 0.017549 0.422176 0.346993
v -0.085396 0.425334 0.344576
v 0.160812 0.415059 -0.000000
v 0.054885 0.411654 0.000000
v -0.058483 0.410400 0.000000
v -0.469401 0.634686 0.827467
v -0.345599 0.617837 0.828240
v -0.245672 0.597898 0.819700
v -0.193336 0.517145 0.698714
v -0.188492 0.536963 0.746879
v -0.184243 0.560121 0.784652
v -0.176938 0.410452 0.086933
v -0.180597 0.412070 0.173336
v -0.186004 0.416463 0.258681
v -0.199346 0.438674 0.423933
v -0.203389 0.456588 0.501900
v -0.202424 0.477212 0.574858
v -0.307086 0.495350 0.641950
v -0.414165 0.489296 0.646431
v -0.514482 0.476063 0.655330
v 0.097735 0.489010 0.648915
v 0.005705 0.497183 0.644653
v -0.093255 0.499159 0.642047
v 0.394415 2.692083 0.580233
v 0.367484 2.649972 0.549178
v 0.335217 2.603796 0.532772
v 0.213076 2.316709 0.764384
v 0.254253 2.393119 0.758292
v 0.277045 2.455245 0.753241
v 0.296454 2.553604 0.575022
v 0.286170 2.533150 0.639324
v 0.284435 2.512191 0.703100
v -1.379430 1.763323 -0.000000
v -1.411626 1.668191 -0.000000
v -1.441761 1.623737 0.000000
v -1.353793 1.139891 0.386859
v -1.394229 1.152640 0.315443
v -1.439585 1.164115 0.270370
v -1.473820 1.593251 0.092291
v -1.483030 1.554305 0.167265
v -1.498934 1.508323 0.212079
v -1.507718 1.437219 0.248682
v -1.500894 1.373206 0.262478
v -1.495522 1.280832 0.261515
v -1.928957 2.077305 0.000000
v -1.973006 2.079079 0.000000
v -2.006172 2.053304 -0.000000
v -1.685740 1.292804 0.135791
v -1.694464 1.259722 0.095272
v -1.700734 1.237529 0.049059
v -1.597642 1.601516 0.052917
v -1.607226 1.582433 0.102241
v -1.620045 1.553192 0.144378
v -1.645588 1.472719 0.193437
v -1.656305 1.426199 0.197513
v -1.666242 1.378947 0.188708
v -1.535590 1.471815 0.223850
v -1.565734 1.476727 0.210598
v -1.599227 1.490186 0.192806
v -1.630173 1.282662 0.180679
v -1.583425 1.239160 0.197862
v -1.535887 1.204314 0.218591
v -1.501063 1.600063 0.000000
v -1.531615 1.593411 -0.000000
v -1.562615 1.594568 -0.000000
v -1.868869 1.591299 0.123546
v -1.883873 1.576948 0.086952
v -1.893665 1.569111 0.044852
v -1.726083 1.799906 0.046079
v -1.733306 1.788730 0.089168
v -1.745137 1.770256 0.126276
v -1.781664 1.712540 0.171128
v -1.804358 1.677341 0.176119
v -1.827658 1.642927 0.169625
v -1.666641 1.556723 0.164342
v -1.698638 1.610635 0.158188
v -1.730046 1.674354 0.155477
v -1.807452 1.529647 0.152860
v -1.764495 1.456022 0.154977
v -1.720716 1.391085 0.159518
v -1.851519 1.464789 0.000000
v -1.805393 1.376111 0.000000
v -1.756647 1.298415 0.000000
v -1.625294 1.638264 0.000000
v -1.657151 1.682719 0.000000
v -1.689810 1.738815 0.000000
v -1.983763 1.952276 0.115198
v -2.003434 1.975419 0.083535
v -2.016337 1.991188 0.043822
v -1.880694 2.045439 0.044634
v -1.878718 2.029023 0.084968
v -1.876975 2.003755 0.116907
v -1.898262 1.979748 0.142179
v -1.926429 1.971553 0.144892
v -1.950609 1.952179 0.141156
v -1.793026 1.817419 0.153197
v -1.824317 1.886018 0.150008
v -1.853914 1.942968 0.143588
v -1.951669 1.877975 0.141525
v -1.926086 1.797979 0.147627
v -1.890630 1.705834 0.150684
v -2.011749 1.909183 -0.000000
v -1.983480 1.800047 0.000000
v -1.942968 1.681785 -0.000000
v -1.759058 1.873710 -0.000000
v -1.796727 1.942827 -0.000000
v -1.837357 2.004221 0.000000
v -1.124200 0.668063 -0.428589
v -1.095967 0.685406 -0.507067
v -1.054545 0.696516 -0.581532
v -1.083147 1.808729 -0.755709
v -1.054300 1.917034 -0.723013
v -1.022491 2.006069 -0.688350
v 0.814654 1.546228 -0.766232
v 0.818852 1.410065 -0.770987
v 0.813736 1.273668 -0.766340
v 0.733552 1.985329 -0.663840
v 0.755670 1.901313 -0.698376
v 0.780084 1.796834 -0.728798
v 0.789590 2.135183 -0.413734
v 0.762672 2.103944 -0.503285
v 0.736941 2.068541 -0.581814
v 0.775176 1.020372 -0.729569
v 0.744077 0.908518 -0.701264
v 0.707893 0.804750 -0.670985
v 0.530447 0.728565 -0.759782
v 0.578476 0.737837 -0.736502
v 0.622149 0.730496 -0.702267
v -0.722206 2.148284 -0.739975
v -0.842767 2.120781 -0.712966
v -0.936840 2.089875 -0.683860
v -1.119416 1.272928 -0.801021
v -1.124009 1.412444 -0.805371
v -1.119416 1.551816 -0.798955
v -1.120394 2.203417 -0.259049
v -1.127976 2.217116 -0.171421
v -1.130906 2.224880 -0.085327
v 0.814758 0.646578 -0.248285
v 0.815463 0.638244 -0.168586
v 0.816765 0.635134 -0.085413
v -1.023423 0.794115 -0.689904
v -1.054752 0.899662 -0.726214
v -1.083204 1.014121 -0.759481
v -1.474191 1.090631 -0.202955
v -1.459597 1.024932 -0.146454
v -1.449606 0.987675 -0.076687
v -1.323826 1.790581 -0.339628
v -1.338448 1.828700 -0.230873
v -1.344162 1.864807 -0.116873
v -0.755765 1.116988 -0.921930
v -0.897678 1.127547 -0.887390
v -1.013465 1.135428 -0.841990
v -0.757188 1.700716 -0.922470
v -0.898100 1.692549 -0.887131
v -1.013518 1.686541 -0.840543
v 0.924173 1.119451 -0.473339
v 0.890775 1.128714 -0.577103
v 0.848875 1.137051 -0.672668
v 0.924208 1.700970 -0.473334
v 0.891058 1.691571 -0.577070
v 0.849828 1.682865 -0.672555
v -0.914367 0.699441 -0.719609
v -0.824199 0.689081 -0.763823
v -0.719074 0.670712 -0.795559
v -0.116227 0.598284 -0.819696
v -0.018993 0.618025 -0.829443
v 0.095295 0.633286 -0.832387
v 0.447996 2.183106 -0.794843
v 0.362668 2.192616 -0.820854
v 0.264440 2.201908 -0.821160
v -0.045982 2.194595 -0.779098
v -0.226673 2.186047 -0.776233
v -0.407492 2.179613 -0.771489
v 0.492506 1.120905 -0.919192
v 0.420537 1.114415 -0.936302
v 0.326004 1.107782 -0.950353
v 0.023269 1.093942 -0.965359
v -0.177801 1.091233 -0.965229
v -0.387219 1.095949 -0.959440
v 0.494092 1.693121 -0.917613
v 0.416847 1.699069 -0.934803
v 0.317314 1.704498 -0.949372
v 0.011508 1.712236 -0.967188
v -0.187327 1.713557 -0.968160
v -0.393575 1.712384 -0.961964
v 0.190418 0.956296 -0.934725
v 0.189521 0.828301 -0.902375
v 0.197692 0.724299 -0.866581
v -0.578420 0.963647 -0.920023
v -0.576990 0.837146 -0.887780
v -0.586416 0.732717 -0.852649
v 0.093688 2.383488 -0.454896
v 0.072265 2.345267 -0.571049
v 0.081729 2.295247 -0.682780
v -0.598176 2.331353 -0.463798
v -0.589721 2.293160 -0.570512
v -0.581545 2.239752 -0.671777
v -0.613622 0.500158 -0.707088
v -0.612147 0.543364 -0.744237
v -0.608106 0.590540 -0.780467
v 0.194185 0.518051 -0.707708
v 0.202196 0.553446 -0.750153
v 0.207734 0.592220 -0.790208
v 0.133913 2.093967 -0.851935
v 0.148531 1.972754 -0.898386
v 0.167279 1.845409 -0.934463
v -0.575780 2.077630 -0.830735
v -0.578929 1.968880 -0.883677
v -0.583828 1.844841 -0.921668
v 0.195203 1.562335 -0.976126
v 0.200070 1.408889 -0.981325
v 0.199983 1.253445 -0.976063
v -0.591579 1.561586 -0.962197
v -0.592225 1.409392 -0.967060
v -0.590208 1.255955 -0.961624
v -1.143281 0.625718 -0.093916
v -1.144442 0.632546 -0.184053
v -1.145149 0.640326 -0.267956
v 0.830716 2.184781 -0.076353
v 0.829914 2.181875 -0.154391
v 0.824667 2.174106 -0.235798
v -1.022496 2.091222 -0.607242
v -1.054340 2.124588 -0.529217
v -1.083280 2.156241 -0.440774
v 0.725973 0.708122 -0.563815
v 0.766997 0.701225 -0.488050
v 0.794426 0.682387 -0.408130
v -1.177141 1.136353 -0.718420
v -1.232639 1.131466 -0.642415
v -1.277230 1.128041 -0.559877
v -1.176906 1.692187 -0.711583
v -1.230762 1.706388 -0.630356
v -1.270895 1.727845 -0.540172
v 0.974038 1.102583 -0.087752
v 0.971194 1.103563 -0.177312
v 0.963476 1.106224 -0.270489
v 0.974038 1.717858 -0.087752
v 0.971194 1.716878 -0.177312
v 0.963476 1.714217 -0.270489
v 0.173143 2.396954 -0.071454
v 0.164461 2.397964 -0.146222
v 0.156665 2.401646 -0.228425
v -0.602990 2.383795 -0.084105
v -0.605096 2.380716 -0.170453
v -0.606187 2.372589 -0.261285
v -0.656018 0.434092 -0.088981
v -0.644187 0.428464 -0.174040
v -0.624242 0.413658 -0.252147
v 0.250225 0.421229 -0.088562
v 0.237257 0.418009 -0.176044
v 0.221484 0.408879 -0.261868
v -0.301019 0.423274 -0.340324
v -0.405839 0.418159 -0.336678
v -0.503528 0.406553 -0.330818
v -0.955534 0.465983 -0.344560
v -1.007783 0.519101 -0.334793
v -1.072484 0.578099 -0.335385
v -0.422919 2.370830 -0.356011
v -0.229785 2.379351 -0.348066
v -0.036335 2.388215 -0.338354
v 0.664713 2.307084 -0.311927
v 0.717836 2.264450 -0.310230
v 0.766406 2.219140 -0.314115
v 0.963069 1.562065 -0.375377
v 0.967944 1.410221 -0.377472
v 0.963069 1.258376 -0.375377
v -1.177482 2.101535 -0.364897
v -1.231510 2.003034 -0.389194
v -1.271520 1.887850 -0.416834
v -1.289794 0.986255 -0.445165
v -1.251620 0.857902 -0.408080
v -1.201140 0.745322 -0.373865
v -1.322268 1.609037 -0.462872
v -1.333068 1.450894 -0.476366
v -1.330780 1.287954 -0.482022
v -1.013896 2.248035 -0.344732
v -0.900101 2.297514 -0.348535
v -0.763815 2.333266 -0.355026
v 0.414257 0.395493 -0.297348
v 0.353964 0.384706 -0.302497
v 0.288835 0.379440 -0.317435
v 0.854224 2.075494 -0.333620
v 0.892360 1.969902 -0.346476
v 0.924371 1.846386 -0.358931
v 0.924338 0.974057 -0.359010
v 0.892092 0.850560 -0.347107
v 0.853317 0.745016 -0.335748
v 0.297454 0.660298 -0.820588
v 0.369043 0.676230 -0.808568
v 0.427772 0.693443 -0.793896
v 0.688213 2.056133 -0.651846
v 0.645568 2.080412 -0.673701
v 0.596318 2.114282 -0.698910
v 0.742388 1.142959 -0.810562
v 0.681029 1.139776 -0.850829
v 0.617623 1.134158 -0.878773
v 0.746604 1.675112 -0.810050
v 0.687081 1.676967 -0.850017
v 0.624421 1.681316 -0.877650
v 0.306524 2.429920 -0.292119
v 0.418070 2.431023 -0.283175
v 0.512942 2.412243 -0.291622
v 0.615598 0.451332 -0.343197
v 0.577963 0.435092 -0.315554
v 0.528470 0.421428 -0.302259
v 0.535527 0.480132 -0.089971
v 0.519591 0.471827 -0.173173
v 0.496000 0.449766 -0.243548
v 0.587528 2.337814 -0.067943
v 0.592223 2.340200 -0.139540
v 0.597065 2.347801 -0.219420
v 0.567043 1.551602 -0.914685
v 0.568733 1.409482 -0.920177
v 0.564814 1.266253 -0.915254
v 0.530563 2.044454 -0.792262
v 0.538231 1.929159 -0.836401
v 0.549493 1.811907 -0.872178
v 0.615140 2.340726 -0.434776
v 0.604179 2.301686 -0.537047
v 0.576779 2.250367 -0.636184
v 0.538672 0.998517 -0.875289
v 0.518874 0.883547 -0.844131
v 0.498318 0.786545 -0.810322
v 0.458470 0.583589 -0.706260
v 0.459168 0.621222 -0.725305
v 0.466403 0.659568 -0.749111
v 0.456903 2.612712 -0.780472
v 0.427863 2.634816 -0.797355
v 0.403796 2.651038 -0.798371
v 0.407062 2.724938 -0.655127
v 0.400544 2.717068 -0.711571
v 0.393675 2.690116 -0.759936
v 0.431886 2.719586 -0.595561
v 0.460643 2.709091 -0.582118
v 0.491222 2.684882 -0.576524
v 0.516138 2.659499 -0.620168
v 0.511093 2.648252 -0.676048
v 0.496522 2.621056 -0.726115
v 0.310666 2.526256 -0.770022
v 0.340469 2.570868 -0.789251
v 0.368496 2.621135 -0.794214
v 0.302083 2.540005 -0.495380
v 0.283019 2.498765 -0.449768
v 0.242563 2.451835 -0.398764
v 0.559748 2.452873 -0.408289
v 0.537294 2.538147 -0.476832
v 0.522675 2.611487 -0.535751
v 0.482394 2.530709 -0.755593
v 0.488304 2.434446 -0.746815
v 0.502306 2.316771 -0.736054
v 0.455331 0.345856 -0.335593
v 0.445414 0.271771 -0.363757
v 0.440950 0.199157 -0.391371
v 0.166215 0.388084 -0.438394
v 0.151460 0.403293 -0.514218
v 0.156384 0.428096 -0.586125
v 0.602369 0.629369 -0.670836
v 0.557718 0.586935 -0.681330
v 0.511714 0.555735 -0.687930
v 0.402924 0.510640 -0.696267
v 0.339070 0.492131 -0.695067
v 0.269963 0.477116 -0.685119
v 0.763044 0.601888 -0.324747
v 0.717266 0.558681 -0.333503
v 0.675969 0.520999 -0.356602
v 0.669184 0.606059 -0.561637
v 0.664389 0.547555 -0.499163
v 0.656009 0.504118 -0.438944
v 0.392210 0.138735 -0.425582
v 0.344797 0.140924 -0.427434
v 0.304389 0.151318 -0.435568
v 0.547617 0.173568 -0.446148
v 0.520081 0.153621 -0.436022
v 0.483826 0.144364 -0.430408
v 0.442332 0.108028 -0.477831
v 0.445892 0.103378 -0.536059
v 0.450334 0.127932 -0.592499
v 0.268984 0.157515 -0.479960
v 0.263267 0.159409 -0.528207
v 0.266581 0.176531 -0.576187
v 0.548946 0.206229 -0.611755
v 0.528396 0.195009 -0.624092
v 0.497270 0.187799 -0.632678
v 0.402923 0.179064 -0.638799
v 0.349396 0.179820 -0.634430
v 0.303660 0.187449 -0.622885
v 0.564012 0.201577 -0.573168
v 0.567069 0.188912 -0.532956
v 0.566809 0.189069 -0.489534
v 0.268469 0.202080 -0.431690
v 0.256073 0.259572 -0.413984
v 0.239826 0.325022 -0.392592
v 0.590549 0.395669 -0.625203
v 0.580398 0.345694 -0.618282
v 0.569155 0.276704 -0.609001
v 0.575577 0.247897 -0.444847
v 0.592267 0.323414 -0.428632
v 0.613604 0.403920 -0.409299
v 0.225773 0.388987 -0.638246
v 0.245835 0.311294 -0.629315
v 0.261932 0.242910 -0.619528
v 0.458897 0.265369 -0.664419
v 0.461479 0.361755 -0.677834
v 0.462047 0.455109 -0.685139
v 0.627104 0.570644 -0.628552
v 0.607717 0.488711 -0.626145
v 0.597772 0.433988 -0.626969
v -0.709333 0.382986 -0.305035
v -0.798652 0.391908 -0.306751
v -0.869074 0.401119 -0.325887
v -0.564074 0.361835 -0.531441
v -0.562052 0.386347 -0.568783
v -0.574978 0.411392 -0.614676
v -0.702651 0.436974 -0.682383
v -0.776330 0.431853 -0.680727
v -0.839251 0.426745 -0.668799
v -0.961707 0.411359 -0.478211
v -0.960295 0.412719 -0.435975
v -0.947635 0.411937 -0.394784
v -0.715616 0.144158 -0.378748
v -0.768600 0.140198 -0.375232
v -0.821222 0.149370 -0.378099
v -0.652115 0.129633 -0.560423
v -0.657630 0.137322 -0.595984
v -0.669701 0.152225 -0.623075
v -0.717274 0.154575 -0.642884
v -0.766274 0.146243 -0.643198
v -0.815845 0.151505 -0.637537
v -0.887334 0.130755 -0.468904
v -0.883112 0.136646 -0.431730
v -0.871527 0.149338 -0.402056
v -0.881053 0.342584 -0.643648
v -0.873956 0.266641 -0.639645
v -0.862835 0.203250 -0.634839
v -0.672965 0.211347 -0.644467
v -0.661740 0.278791 -0.649658
v -0.647910 0.358912 -0.654334
v -0.633003 0.316218 -0.354340
v -0.648580 0.249606 -0.367183
v -0.664119 0.191881 -0.377128
v -0.869778 0.203995 -0.377592
v -0.882789 0.266488 -0.371254
v -0.896642 0.338719 -0.365448
v -0.898742 0.491102 -0.655985
v -0.916209 0.555120 -0.661847
v -0.943121 0.616145 -0.662053
v -0.665754 0.141020 -0.404719
v -0.655026 0.129789 -0.436811
v -0.650838 0.125888 -0.476662
v -0.864326 0.148233 -0.612717
v -0.876990 0.135427 -0.584609
v -0.883847 0.130004 -0.549143
v -0.558791 0.368342 -0.390567
v -0.550135 0.361924 -0.441006
v -0.558730 0.352444 -0.481077
v -0.919658 0.412308 -0.622116
v -0.938598 0.406379 -0.590885
v -0.949863 0.405930 -0.556587
v -0.920058 0.184312 -0.506844
v -0.937925 0.254070 -0.506650
v -0.947752 0.331287 -0.510254
v -0.704155 0.093707 -0.519137
v -0.768927 0.083262 -0.516659
v -0.833579 0.095182 -0.513074
v -0.582138 0.301548 -0.509575
v -0.596425 0.242761 -0.513213
v -0.616525 0.180057 -0.517047
v -0.970838 0.480478 -0.534639
v -0.985653 0.547297 -0.559266
v -0.995411 0.612274 -0.595599
v 0.114029 0.412042 -0.349644
v 0.017549 0.422176 -0.346993
v -0.085396 0.425334 -0.344576
v -0.469401 0.634686 -0.827467
v -0.345599 0.617837 -0.828240
v -0.245672 0.597898 -0.819700
v -0.193336 0.517145 -0.698715
v -0.188492 0.536963 -0.746879
v -0.184243 0.560121 -0.784652
v -0.176938 0.410452 -0.086933
v -0.180597 0.412070 -0.173336
v -0.186004 0.416463 -0.258681
v -0.199346 0.438674 -0.423933
v -0.203389 0.456588 -0.501900
v -0.202424 0.477212 -0.574858
v -0.307086 0.495350 -0.641950
v -0.414165 0.489296 -0.646431
v -0.514482 0.476063 -0.655330
v 0.097735 0.489010 -0.648915
v 0.005705 0.497183 -0.644653
v -0.093255 0.499159 -0.642047
v 0.394415 2.692083 -0.580233
v 0.367484 2.649972 -0.549178
v 0.335217 2.603796 -0.532772
v 0.213076 2.316709 -0.764384
v 0.254253 2.393119 -0.758292
v 0.277045 2.455245 -0.753241
v 0.296455 2.553604 -0.575022
v 0.286170 2.533150 -0.639324
v 0.284435 2.512191 -0.703100
v -1.353793 1.139891 -0.386860
v -1.394229 1.152640 -0.315443
v -1.439585 1.164115 -0.270370
v -1.473820 1.593251 -0.092291
v -1.483029 1.554305 -0.167265
v -1.498934 1.508323 -0.212079
v -1.507718 1.437219 -0.248682
v -1.500894 1.373206 -0.262478
v -1.495522 1.280832 -0.261515
v -1.685740 1.292804 -0.135791
v -1.694464 1.259722 -0.095272
v -1.700734 1.237529 -0.049059
v -1.597642 1.601516 -0.052917
v -1.607226 1.582433 -0.102241
v -1.620045 1.553192 -0.144378
v -1.645588 1.472719 -0.193437
v -1.656305 1.426199 -0.197513
v -1.666242 1.378947 -0.188708
v -1.535590 1.471815 -0.223850
v -1.565734 1.476727 -0.210598
v -1.599227 1.490186 -0.192806
v -1.630173 1.282662 -0.180679
v -1.583425 1.239160 -0.197862
v -1.535887 1.204314 -0.218591
v -1.868869 1.591299 -0.123546
v -1.883873 1.576948 -0.086952
v -1.893665 1.569111 -0.044852
v -1.726083 1.799906 -0.046079
v -1.733306 1.788730 -0.089168
v -1.745136 1.770256 -0.126276
v -1.781663 1.712540 -0.171128
v -1.804358 1.677341 -0.176119
v -1.827658 1.642927 -0.169625
v -1.666641 1.556723 -0.164342
v -1.698638 1.610635 -0.158188
v -1.730046 1.674354 -0.155477
v -1.807452 1.529647 -0.152860
v -1.764494 1.456022 -0.154977
v -1.720716 1.391085 -0.159518
v -1.983763 1.952276 -0.115198
v -2.003434 1.975419 -0.083535
v -2.016337 1.991188 -0.043822
v -1.880694 2.045439 -0.044634
v -1.878718 2.029023 -0.084968
v -1.876975 2.003754 -0.116907
v -1.898262 1.979748 -0.142179
v -1.926429 1.971553 -0.144892
v -1.950609 1.952179 -0.141156
v -1.793026 1.817419 -0.153197
v -1.824317 1.886018 -0.150008
v -1.853914 1.942968 -0.143588
v -1.951669 1.877975 -0.141525
v -1.926086 1.797979 -0.147627
v -1.890630 1.705834 -0.150684
v 0.832256 0.763998 0.424985
v 0.868355 0.866520 0.442881
v 0.899888 0.986221 0.459751
v 0.800341 0.783383 0.514092
v 0.835005 0.884128 0.538248
v 0.866307 1.000130 0.559950
v 0.757713 0.796959 0.598114
v 0.792887 0.898961 0.626745
v 0.824412 1.012521 0.652339
v -0.763380 1.261328 0.937398
v -0.766067 1.409906 0.942604
v -0.763958 1.557957 0.937607
v -0.907775 1.266552 0.902757
v -0.911184 1.410395 0.907798
v -0.907946 1.554065 0.902570
v -1.025688 1.270721 0.857399
v -1.029768 1.411146 0.862201
v -1.025709 1.551490 0.856536
v 0.899887 1.834134 0.459819
v 0.867919 1.953477 0.443476
v 0.830487 2.055101 0.427113
v 0.866840 1.819749 0.560031
v 0.835812 1.933725 0.539307
v 0.800683 2.029573 0.518633
v 0.826531 1.806244 0.652144
v 0.798159 1.914514 0.626576
v 0.768431 2.003167 0.600062
v -0.746446 1.833804 0.896917
v -0.734650 1.954376 0.859338
v -0.725327 2.059993 0.807745
v -0.882405 1.821231 0.861403
v -0.864500 1.937070 0.824763
v -0.849152 2.037562 0.776111
v -0.993887 1.811385 0.814577
v -0.970264 1.922303 0.779849
v -0.947789 2.015985 0.737183
v 0.608205 0.381646 0.543421
v 0.628511 0.434506 0.461475
v 0.635660 0.478235 0.521792
v 0.637479 0.534923 0.579953
v 0.614153 0.458599 0.591494
v 0.599324 0.410080 0.608590
v 0.592134 0.351977 0.588586
v 0.579222 0.272535 0.576965
v 0.586295 0.269659 0.534963
v 0.585408 0.260399 0.486590
v 0.605213 0.348384 0.478123
v -0.752501 2.307774 0.456331
v -0.884215 2.271829 0.445819
v -0.994167 2.221911 0.438496
v -0.739204 2.270041 0.558571
v -0.865854 2.235140 0.542973
v -0.970450 2.187459 0.530464
v -0.727759 2.217718 0.655260
v -0.849873 2.185801 0.633890
v -0.947881 2.144652 0.614192
v -0.724499 0.755640 0.830308
v -0.732276 0.859837 0.865035
v -0.743970 0.981621 0.896772
v -0.842606 0.776574 0.796208
v -0.862072 0.880215 0.830569
v -0.881456 0.997906 0.862280
v -0.941923 0.790376 0.749504
v -0.968804 0.894496 0.784230
v -0.993624 1.009656 0.816514
v -1.414545 1.516237 0.259589
v -1.368573 1.305758 0.390224
v -1.368855 1.479141 0.375160
v -1.351150 1.642766 0.358555
v -1.372326 1.686654 0.245977
v -1.379017 1.739130 0.124552
v -1.412653 1.636272 0.124850
v -1.444126 1.599438 0.109651
v -1.454578 1.541415 0.197525
v -1.478344 1.480434 0.238050
v -1.461826 1.416605 0.265043
v -1.451821 1.297539 0.279583
v -1.408790 1.315470 0.315168
v -1.321912 0.868042 0.215425
v -1.221071 0.738422 0.287061
v -1.283118 0.857110 0.318037
v -1.326284 0.990909 0.358276
v -1.367750 1.009118 0.282949
v -1.419267 1.046537 0.234191
v -1.397061 0.957631 0.172842
v -1.384435 0.911935 0.090455
v -1.314518 0.822814 0.101222
v -1.235054 0.720824 0.098863
v -1.233555 0.733037 0.195909
v -1.290601 1.920121 0.316941
v -1.248459 2.031545 0.293428
v -1.193142 2.125696 0.272869
v -1.301952 1.951864 0.213714
v -1.257919 2.056574 0.196456
v -1.201532 2.144451 0.181544
v -1.306543 1.978258 0.107625
v -1.261770 2.075006 0.098492
v -1.204879 2.156672 0.090663
v 0.939009 1.262361 0.481721
v 0.943958 1.410218 0.484515
v 0.939024 1.558072 0.481720
v 0.905778 1.266947 0.587642
v 0.910808 1.410201 0.591151
v 0.905892 1.553426 0.587628
v 0.863858 1.271071 0.685171
v 0.868952 1.410155 0.689327
v 0.864246 1.549140 0.685125
v 0.443834 0.770549 0.828603
v 0.461553 0.870297 0.863274
v 0.478614 0.988507 0.894588
v 0.381699 0.754960 0.844859
v 0.395243 0.857069 0.880193
v 0.408954 0.978483 0.911702
v 0.302716 0.739603 0.857912
v 0.308411 0.843269 0.893641
v 0.317089 0.967922 0.925469
v -0.177918 0.779635 0.897560
v 0.063492 0.707568 0.869395
v 0.030374 0.810469 0.904975
v 0.021185 0.943959 0.938534
v -0.177929 0.937239 0.937399
v -0.385119 0.946936 0.932566
v -0.395159 0.814004 0.899044
v -0.431403 0.710793 0.863684
v -0.283800 0.682230 0.861785
v -0.178766 0.639635 0.845058
v -0.074609 0.681584 0.863215
v 0.189045 2.418541 0.479643
v 0.167135 2.382120 0.581511
v 0.174299 2.345112 0.682888
v 0.242869 2.462306 0.513079
v 0.224602 2.429533 0.598359
v 0.228108 2.403780 0.686036
v 0.273795 2.507498 0.546600
v 0.259885 2.480394 0.618093
v 0.260567 2.460096 0.691949
v -0.057451 2.363683 0.451598
v -0.237572 2.353510 0.458044
v -0.422808 2.344858 0.463681
v -0.069213 2.324609 0.569361
v -0.240416 2.314323 0.572273
v -0.419356 2.306104 0.574207
v -0.063111 2.270038 0.681904
v -0.235786 2.259561 0.681422
v -0.413656 2.251939 0.679502
v -1.071231 0.594356 0.407825
v -1.020699 0.532417 0.396854
v -0.978421 0.474469 0.393923
v -1.055479 0.609641 0.478503
v -1.017719 0.543498 0.457451
v -0.984952 0.480087 0.443954
v -1.028197 0.618617 0.543894
v -1.003925 0.549668 0.513248
v -0.980561 0.482306 0.491860
v -0.434463 0.437760 0.501632
v -0.496603 0.405251 0.401654
v -0.412071 0.426118 0.415906
v -0.308740 0.435495 0.421816
v -0.315162 0.452415 0.500976
v -0.312613 0.473655 0.575294
v -0.418879 0.465308 0.581706
v -0.508636 0.448153 0.598524
v -0.512208 0.420658 0.543986
v -0.534074 0.390255 0.504542
v -0.505318 0.403136 0.462008
v 0.481911 1.821062 0.891553
v 0.468502 1.941751 0.858337
v 0.457215 2.060489 0.822511
v 0.402068 1.830054 0.909023
v 0.385358 1.953367 0.877121
v 0.370915 2.073208 0.844581
v 0.300428 1.838394 0.923525
v 0.281579 1.964148 0.890113
v 0.266456 2.085116 0.852964
v -0.002574 1.850370 0.941178
v -0.018409 1.977800 0.903316
v -0.032487 2.094195 0.851274
v -0.196078 1.852513 0.942315
v -0.206424 1.979209 0.903765
v -0.216689 2.091631 0.849702
v -0.395650 1.851012 0.936334
v -0.398582 1.976827 0.897908
v -0.402443 2.087281 0.843925
v 0.501123 1.262989 0.934266
v 0.504160 1.409419 0.939127
v 0.501767 1.554646 0.933625
v 0.427698 1.259821 0.951352
v 0.429701 1.409351 0.956213
v 0.426199 1.557576 0.950743
v 0.331624 1.256667 0.965591
v 0.332592 1.409200 0.970568
v 0.328094 1.560203 0.965192
v 0.025334 1.250423 0.981867
v 0.024797 1.408438 0.987560
v 0.020556 1.563778 0.982610
v -0.177853 1.249282 0.982177
v -0.178862 1.408264 0.988132
v -0.181722 1.564312 0.983368
v -0.389651 1.251451 0.976004
v -0.391123 1.408707 0.981789
v -0.392233 1.563693 0.977030
v -0.531740 0.420297 0.086904
v -0.411383 0.413334 0.086167
v -0.293544 0.410798 0.086324
v -0.524439 0.417963 0.171958
v -0.408401 0.413537 0.171517
v -0.294119 0.412143 0.172148
v -0.513992 0.412498 0.253568
v -0.405719 0.414494 0.255255
v -0.296262 0.415843 0.256977
v -0.909975 0.487042 0.198705
v -1.035550 0.550644 0.093990
v -0.913886 0.494972 0.095922
v -0.784736 0.457526 0.092664
v -0.769594 0.448633 0.179579
v -0.737463 0.424502 0.251729
v -0.839504 0.441017 0.264527
v -0.911083 0.454992 0.299060
v -0.974404 0.505141 0.272523
v -1.058798 0.564602 0.262349
v -1.040816 0.554782 0.183441
v -0.003533 2.403121 0.075041
v -0.203040 2.403936 0.078901
v -0.408454 2.397991 0.082210
v -0.012813 2.401803 0.153606
v -0.211089 2.401195 0.160991
v -0.413701 2.394823 0.167130
v -0.023162 2.398438 0.239612
v -0.220474 2.394118 0.249533
v -0.419301 2.386621 0.257479
v 0.512772 2.356374 0.067225
v 0.424599 2.372953 0.067417
v 0.314332 2.386676 0.068836
v 0.514435 2.361089 0.137180
v 0.421976 2.378368 0.136762
v 0.308007 2.390434 0.140090
v 0.515906 2.375840 0.212206
v 0.419329 2.394754 0.209241
v 0.302615 2.402257 0.215485
v 0.988417 1.254005 0.089130
v 0.993210 1.410221 0.089589
v 0.988417 1.566436 0.089130
v 0.985601 1.254491 0.180145
v 0.990403 1.410221 0.181090
v 0.985601 1.565950 0.180145
v 0.977956 1.255809 0.274932
v 0.982783 1.410221 0.276413
v 0.977956 1.564632 0.274932
v -1.152589 1.816640 0.684526
v -1.119281 1.926462 0.653098
v -1.077088 2.018740 0.623670
v -1.205146 1.833940 0.602790
v -1.168576 1.947140 0.572136
v -1.119341 2.044378 0.544951
v -1.243841 1.858365 0.512782
v -1.205384 1.973861 0.483058
v -1.152822 2.073432 0.456997
v -1.087823 0.789309 0.619721
v -1.122410 0.894200 0.657204
v -1.153226 1.009847 0.691609
v -1.136926 0.776269 0.541956
v -1.175283 0.881836 0.579474
v -1.207955 1.000474 0.614962
v -1.173837 0.759449 0.459229
v -1.217120 0.867775 0.495637
v -1.251956 0.990937 0.532002
v -1.191762 1.272954 0.733678
v -1.196595 1.414921 0.737171
v -1.191629 1.556549 0.729601
v -1.247551 1.273325 0.656844
v -1.252192 1.420586 0.658681
v -1.246487 1.566903 0.649542
v -1.292113 1.277255 0.572348
v -1.295963 1.431793 0.571285
v -1.288522 1.584019 0.560169
v -0.772922 2.360004 0.084109
v -0.916621 2.325934 0.083319
v -1.035484 2.281066 0.083228
v -0.772735 2.356944 0.170077
v -0.915011 2.322373 0.168164
v -1.033049 2.276074 0.167638
v -0.770284 2.348848 0.259763
v -0.910110 2.313658 0.256061
v -1.026526 2.265641 0.254412
v 0.668775 0.522331 0.198381
v 0.605789 0.500536 0.093309
v 0.679038 0.529020 0.095414
v 0.751378 0.572272 0.090605
v 0.750908 0.575040 0.177087
v 0.758301 0.585135 0.253552
v 0.701156 0.539707 0.271569
v 0.653090 0.500191 0.306433
v 0.614960 0.483020 0.268020
v 0.558772 0.465875 0.249767
v 0.588937 0.491281 0.179728
v 0.950230 1.859773 0.085507
v 0.917779 1.987780 0.082653
v 0.877627 2.097557 0.079499
v 0.947377 1.858285 0.172705
v 0.915118 1.985787 0.166893
v 0.875576 2.095084 0.160560
v 0.939586 1.854247 0.263283
v 0.907510 1.980393 0.254305
v 0.868714 2.088423 0.244746
v 0.871741 0.722663 0.083321
v 0.916035 0.832596 0.083786
v 0.950012 0.960660 0.085649
v 0.869479 0.725221 0.166549
v 0.913311 0.834614 0.168667
v 0.947152 0.962151 0.172927
v 0.864534 0.732121 0.250015
v 0.906271 0.840078 0.255866
v 0.939431 0.966197 0.263478
v 0.331236 0.431562 0.088044
v 0.402561 0.445409 0.087658
v 0.469045 0.461903 0.088132
v 0.317297 0.426409 0.173382
v 0.387996 0.438845 0.170784
v 0.453927 0.454406 0.170550
v 0.300547 0.411791 0.252566
v 0.369727 0.420836 0.244495
v 0.433596 0.434231 0.241785
v 0.777886 2.246952 0.073496
v 0.719559 2.288844 0.071091
v 0.656033 2.317008 0.069243
v 0.779047 2.243816 0.149012
v 0.722900 2.286380 0.144823
v 0.660996 2.316636 0.141936
v 0.776460 2.235474 0.228559
v 0.723683 2.279607 0.223769
v 0.665039 2.315300 0.221673
v 0.756269 1.273968 0.825483
v 0.761336 1.409924 0.830404
v 0.757982 1.545436 0.825276
v 0.693810 1.272371 0.866130
v 0.698700 1.409758 0.871146
v 0.696268 1.546452 0.865800
v 0.629083 1.269569 0.894110
v 0.633611 1.409600 0.899106
v 0.631844 1.548700 0.893654
v 0.728504 1.793949 0.784812
v 0.708620 1.898488 0.750173
v 0.692892 1.986059 0.706520
v 0.672487 1.796674 0.823671
v 0.656957 1.904377 0.786431
v 0.645927 1.999484 0.737413
v 0.612637 1.803255 0.850982
v 0.600418 1.915753 0.813517
v 0.592654 2.020636 0.764373
v 0.746866 2.192632 0.405974
v 0.702712 2.237233 0.404820
v 0.657648 2.281857 0.411898
v 0.722640 2.156416 0.497732
v 0.681507 2.197700 0.501685
v 0.640771 2.241414 0.514274
v 0.700422 2.111334 0.581647
v 0.659637 2.145989 0.593521
v 0.616814 2.186813 0.612548
v 0.657744 0.812891 0.725804
v 0.690772 0.911183 0.756556
v 0.719818 1.021516 0.786393
v 0.606156 0.812544 0.763749
v 0.634427 0.906944 0.795464
v 0.660404 1.016963 0.826043
v 0.552476 0.802136 0.790115
v 0.576457 0.896720 0.822922
v 0.599232 1.008585 0.853877
v 0.289804 0.323167 0.357689
v 0.345612 0.327059 0.341028
v 0.401244 0.335534 0.335303
v 0.295495 0.257008 0.383135
v 0.343135 0.258493 0.367845
v 0.394302 0.264193 0.362951
v 0.301272 0.196376 0.406069
v 0.343583 0.192594 0.393406
v 0.391800 0.194377 0.389878
v 0.491511 2.705147 0.638798
v 0.463229 2.731271 0.649129
v 0.434531 2.737470 0.656562
v 0.485964 2.698299 0.697892
v 0.457949 2.725251 0.710897
v 0.429292 2.731230 0.715480
v 0.472989 2.666780 0.747431
v 0.445665 2.692370 0.762004
v 0.419202 2.700960 0.764612
v 0.547904 2.348019 0.659163
v 0.574924 2.387152 0.570558
v 0.581740 2.422171 0.481640
v 0.528000 2.454744 0.682804
v 0.551744 2.483985 0.608962
v 0.556543 2.512086 0.535665
v 0.512879 2.549073 0.705192
v 0.531884 2.574524 0.645487
v 0.536268 2.594121 0.584240
v 0.420078 2.581121 0.438655
v 0.501002 2.480804 0.369758
v 0.418961 2.493489 0.357083
v 0.327106 2.479950 0.361780
v 0.343618 2.537215 0.424111
v 0.343721 2.580685 0.478722
v 0.387379 2.628393 0.494589
v 0.416776 2.679910 0.538892
v 0.449000 2.658948 0.513943
v 0.489800 2.634932 0.512876
v 0.490873 2.562457 0.444112
v 0.369833 2.446373 0.816738
v 0.283218 2.310477 0.806612
v 0.363095 2.313996 0.813255
v 0.438352 2.310781 0.788638
v 0.435389 2.432265 0.792807
v 0.443568 2.534611 0.793093
v 0.405226 2.554789 0.813985
v 0.380558 2.586940 0.814084
v 0.348636 2.521179 0.812658
v 0.309585 2.475960 0.793014
v 0.302492 2.405198 0.801597
v 0.536287 0.654245 0.709460
v 0.506649 0.606078 0.700193
v 0.548236 0.633409 0.695677
v 0.585219 0.672652 0.695069
v 0.553990 0.685486 0.718386
v 0.513402 0.677427 0.735377
v 0.504562 0.640688 0.716299
v 0.272466 0.527611 0.713081
v 0.341811 0.543343 0.714921
v 0.403611 0.562496 0.711964
v 0.280610 0.565635 0.747356
v 0.348331 0.582041 0.742144
v 0.407253 0.601028 0.734415
v 0.289733 0.605599 0.783508
v 0.357682 0.621969 0.773856
v 0.415328 0.640294 0.762068
v 0.719876 0.603025 0.441249
v 0.707176 0.638340 0.518551
v 0.695620 0.586621 0.468493
v 0.687943 0.549050 0.412844
v 0.722100 0.582446 0.394356
v 0.757412 0.623633 0.395301
v 0.739178 0.640302 0.461353
v 0.484291 0.109923 0.479299
v 0.518714 0.119258 0.481793
v 0.545644 0.143590 0.486251
v 0.486957 0.104603 0.535352
v 0.519869 0.113610 0.534000
v 0.545815 0.138761 0.532962
v 0.491377 0.129996 0.589489
v 0.522872 0.138106 0.584144
v 0.546180 0.158870 0.577318
v 0.302128 0.127965 0.478879
v 0.345392 0.112706 0.476277
v 0.394194 0.107816 0.476302
v 0.300089 0.126463 0.530998
v 0.346282 0.109831 0.533509
v 0.397087 0.104009 0.535358
v 0.302108 0.146754 0.582314
v 0.348269 0.132292 0.589482
v 0.400306 0.127656 0.592835
v 0.403483 0.435746 0.687519
v 0.340502 0.419181 0.683936
v 0.277962 0.404875 0.669814
v 0.404183 0.346407 0.679957
v 0.344177 0.333980 0.675391
v 0.288685 0.323609 0.660042
v 0.404160 0.256040 0.666256
v 0.347730 0.250237 0.661472
v 0.298222 0.248034 0.646824
v 0.197659 0.366737 0.584258
v 0.192389 0.345916 0.518336
v 0.206636 0.331920 0.450637
v 0.222225 0.294192 0.580904
v 0.217417 0.277235 0.522160
v 0.229296 0.265836 0.463005
v 0.242381 0.227388 0.577141
v 0.237927 0.211778 0.525359
v 0.247154 0.204756 0.473582
v 0.506701 0.355958 0.339091
v 0.552060 0.367342 0.349638
v 0.588102 0.382452 0.372164
v 0.493283 0.279305 0.367203
v 0.535167 0.289038 0.376295
v 0.568663 0.303654 0.395446
v 0.486282 0.204480 0.394861
v 0.525073 0.213658 0.402543
v 0.555288 0.229758 0.417901
v 0.555039 0.402778 0.660019
v 0.597605 0.551466 0.656846
v 0.558254 0.509556 0.671276
v 0.513249 0.478031 0.679933
v 0.510744 0.380187 0.671969
v 0.504265 0.276439 0.658617
v 0.537649 0.284102 0.648172
v 0.557118 0.280920 0.631804
v 0.570388 0.361232 0.640214
v 0.586663 0.415724 0.638107
v 0.588278 0.469891 0.647982
v -0.706914 0.359282 0.670098
v -0.772335 0.354283 0.671543
v -0.832622 0.348639 0.662192
v -0.711656 0.278211 0.662907
v -0.769890 0.273950 0.664853
v -0.826696 0.270456 0.656790
v -0.715875 0.207594 0.655024
v -0.767764 0.202152 0.656601
v -0.819784 0.202527 0.649595
v -0.712221 0.121437 0.623253
v -0.765940 0.110631 0.621886
v -0.820253 0.119788 0.617265
v -0.706452 0.103254 0.595263
v -0.766557 0.091901 0.592779
v -0.827056 0.102802 0.588642
v -0.704163 0.095652 0.559742
v -0.767714 0.084638 0.556976
v -0.831401 0.096216 0.553061
v -0.844774 0.334315 0.343188
v -0.777149 0.327866 0.331990
v -0.701011 0.321548 0.334906
v -0.831705 0.262883 0.354026
v -0.768829 0.257301 0.346807
v -0.703541 0.253175 0.350917
v -0.823821 0.198569 0.363966
v -0.767343 0.191986 0.358964
v -0.710466 0.191403 0.363291
v -0.913416 0.336074 0.617276
v -0.932512 0.331174 0.585052
v -0.942726 0.329815 0.548941
v -0.905914 0.260984 0.614396
v -0.924618 0.255758 0.582579
v -0.934026 0.253509 0.545957
v -0.891360 0.196331 0.612401
v -0.908299 0.188241 0.582483
v -0.916739 0.184472 0.546401
v -0.593460 0.310606 0.390561
v -0.578123 0.305673 0.432383
v -0.577675 0.301217 0.472396
v -0.614304 0.245276 0.395405
v -0.598176 0.241509 0.431753
v -0.594325 0.240186 0.471908
v -0.635353 0.186030 0.401184
v -0.620631 0.179741 0.434438
v -0.615848 0.177966 0.474387
v -0.886810 0.625229 0.702462
v -0.864664 0.560501 0.690418
v -0.849281 0.496419 0.678736
v -0.807567 0.618108 0.737036
v -0.793658 0.557115 0.714769
v -0.783269 0.497818 0.695514
v -0.713687 0.604527 0.763046
v -0.708425 0.550034 0.732809
v -0.704074 0.498030 0.704871
v -0.920504 0.186303 0.466902
v -0.938638 0.256646 0.466956
v -0.949709 0.334239 0.470341
v -0.914929 0.191265 0.430123
v -0.932811 0.260637 0.429541
v -0.945100 0.337391 0.431357
v -0.899160 0.199248 0.399799
v -0.915712 0.264969 0.396997
v -0.929035 0.339414 0.395642
v -0.704796 0.093874 0.476568
v -0.769754 0.083968 0.474574
v -0.834378 0.096242 0.471745
v -0.707331 0.099363 0.436440
v -0.770034 0.090221 0.434631
v -0.832253 0.102604 0.433129
v -0.712548 0.114792 0.403046
v -0.769673 0.107268 0.400688
v -0.826278 0.118892 0.401157
v -0.619442 0.184707 0.558328
v -0.600045 0.250023 0.553555
v -0.584483 0.312813 0.545779
v -0.627394 0.192693 0.594997
v -0.608784 0.260532 0.591355
v -0.590987 0.329584 0.583541
v -0.644291 0.203872 0.624276
v -0.627962 0.271727 0.624677
v -0.610071 0.346654 0.622236
v -0.954923 0.517291 0.608581
v -0.966470 0.582309 0.622858
v -0.968398 0.534122 0.591242
v -0.960088 0.475110 0.570113
v -0.947415 0.472650 0.600233
v -0.929629 0.480841 0.629073
v -0.944640 0.537802 0.632077
v -0.090826 0.564840 0.787705
v -0.085631 0.538974 0.747930
v -0.088273 0.518332 0.699378
v 0.007708 0.573595 0.792215
v 0.014973 0.542322 0.749970
v 0.012134 0.518504 0.701259
v 0.110576 0.582251 0.793251
v 0.112341 0.546400 0.750924
v 0.106722 0.517258 0.703887
v -0.076453 0.416606 0.260499
v -0.067752 0.412227 0.174641
v -0.061123 0.410628 0.087612
v 0.029866 0.415339 0.262380
v 0.041789 0.412652 0.175864
v 0.051097 0.411779 0.088206
v 0.130195 0.411951 0.263852
v 0.144659 0.413970 0.176682
v 0.156098 0.414923 0.088594
v -0.514314 0.506711 0.705391
v -0.409509 0.512442 0.702192
v -0.301458 0.515546 0.699715
v -0.507884 0.539928 0.749490
v -0.400246 0.538417 0.750164
v -0.293438 0.537132 0.748339
v -0.494314 0.580134 0.789753
v -0.381602 0.571765 0.791660
v -0.278602 0.563802 0.787955
v 0.087794 0.461358 0.583282
v 0.000938 0.474882 0.579310
v -0.096808 0.478507 0.576402
v 0.086053 0.437662 0.510249
v 0.000842 0.453279 0.506724
v -0.096980 0.457809 0.503883
v 0.096237 0.420642 0.432186
v 0.007002 0.435110 0.428828
v -0.092799 0.439462 0.426126
v 0.323157 2.603344 0.594357
v 0.313672 2.587033 0.661053
v 0.310273 2.561435 0.723595
v 0.352596 2.652798 0.613717
v 0.342770 2.638863 0.681744
v 0.338686 2.610491 0.743414
v 0.380527 2.695369 0.637251
v 0.371770 2.684334 0.699506
v 0.366942 2.656837 0.754566
v -1.538899 1.282201 0.242993
v -1.539550 1.357887 0.251307
v -1.539397 1.420481 0.243858
v -1.581833 1.301161 0.223040
v -1.578416 1.364625 0.234081
v -1.573428 1.423717 0.229972
v -1.624307 1.334431 0.204103
v -1.617496 1.388469 0.214656
v -1.609331 1.441356 0.211224
v -1.707559 1.432226 0.178715
v -1.694355 1.475295 0.186219
v -1.680813 1.517669 0.181579
v -1.748238 1.493886 0.173245
v -1.731640 1.534307 0.180070
v -1.715005 1.574239 0.175151
v -1.788273 1.564072 0.170736
v -1.768270 1.602050 0.177294
v -1.748507 1.640004 0.172289
v -1.514910 1.054269 0.065772
v -1.520930 1.085296 0.126900
v -1.529015 1.136599 0.178984
v -1.579820 1.115576 0.057923
v -1.581307 1.142637 0.112405
v -1.582913 1.184942 0.160079
v -1.642405 1.175396 0.052549
v -1.639546 1.199822 0.102140
v -1.635338 1.236673 0.145821
v -1.524733 1.517830 0.192884
v -1.512324 1.558302 0.145234
v -1.503957 1.588264 0.078140
v -1.554723 1.522681 0.176224
v -1.543279 1.559424 0.127748
v -1.534845 1.584247 0.067135
v -1.587122 1.532270 0.159197
v -1.575203 1.565251 0.113275
v -1.566182 1.586828 0.058804
v -1.865833 1.729016 0.168236
v -1.839688 1.757997 0.174663
v -1.814565 1.788667 0.169728
v -1.900025 1.814578 0.164442
v -1.872727 1.837847 0.170593
v -1.846282 1.862189 0.165852
v -1.927749 1.890899 0.156099
v -1.901858 1.910359 0.161472
v -1.875271 1.926839 0.157318
v -1.753513 1.305526 0.046905
v -1.745296 1.325099 0.090999
v -1.733772 1.354498 0.129473
v -1.802000 1.381927 0.045708
v -1.792936 1.398281 0.088630
v -1.779876 1.423528 0.125982
v -1.848086 1.469025 0.045135
v -1.838692 1.481491 0.087502
v -1.824694 1.501820 0.124333
v -1.651977 1.590007 0.134674
v -1.638676 1.615754 0.095220
v -1.629020 1.632371 0.049241
v -1.683082 1.640805 0.129444
v -1.669829 1.663483 0.091440
v -1.660608 1.677758 0.047263
v -1.713941 1.702063 0.127154
v -1.701200 1.722262 0.089792
v -1.692824 1.734622 0.046403
v -1.972250 1.996439 0.117134
v -1.946075 2.018780 0.119096
v -1.912352 2.021309 0.118066
v -1.990440 2.027549 0.084124
v -1.960607 2.052154 0.084922
v -1.921128 2.052026 0.084901
v -2.002126 2.046721 0.043943
v -1.969789 2.072296 0.044184
v -1.926830 2.070908 0.044386
v -1.939185 1.682064 0.044583
v -1.928508 1.684493 0.086385
v -1.911958 1.691520 0.122647
v -1.979314 1.798128 0.044277
v -1.967495 1.794437 0.085482
v -1.949183 1.792557 0.120698
v -2.007279 1.905168 0.043972
v -1.994509 1.894983 0.084225
v -1.974861 1.882614 0.117372
v -1.777120 1.841236 0.125359
v -1.766642 1.858962 0.088588
v -1.760845 1.869949 0.045803
v -1.809814 1.908371 0.123282
v -1.801630 1.926765 0.087594
v -1.797741 1.938661 0.045451
v -1.843028 1.964620 0.119629
v -1.838743 1.985504 0.086097
v -1.837453 1.999363 0.045022
v 0.832256 0.763998 -0.424985
v 0.800341 0.783383 -0.514092
v 0.757713 0.796959 -0.598114
v 0.868355 0.866520 -0.442881
v 0.835005 0.884128 -0.538248
v 0.792887 0.898961 -0.626745
v 0.899887 0.986221 -0.459751
v 0.866307 1.000130 -0.559950
v 0.824412 1.012521 -0.652338
v -0.763380 1.261328 -0.937398
v -0.907775 1.266552 -0.902757
v -1.025688 1.270721 -0.857399
v -0.766067 1.409906 -0.942604
v -0.911184 1.410395 -0.907798
v -1.029767 1.411146 -0.862201
v -0.763958 1.557957 -0.937607
v -0.907946 1.554064 -0.902570
v -1.025709 1.551490 -0.856536
v 0.899887 1.834134 -0.459819
v 0.866840 1.819749 -0.560031
v 0.826531 1.806244 -0.652144
v 0.867919 1.953477 -0.443476
v 0.835812 1.933725 -0.539307
v 0.798159 1.914514 -0.626576
v 0.830487 2.055101 -0.427113
v 0.800683 2.029573 -0.518633
v 0.768431 2.003167 -0.600062
v -0.746446 1.833804 -0.896917
v -0.882405 1.821231 -0.861403
v -0.993887 1.811385 -0.814577
v -0.734650 1.954376 -0.859338
v -0.864500 1.937070 -0.824763
v -0.970264 1.922303 -0.779849
v -0.725327 2.059993 -0.807745
v -0.849152 2.037562 -0.776111
v -0.947789 2.015985 -0.737183
v 0.608205 0.381646 -0.543421
v 0.628511 0.434505 -0.461475
v 0.605213 0.348384 -0.478123
v 0.585408 0.260399 -0.486590
v 0.586295 0.269659 -0.534963
v 0.579222 0.272534 -0.576965
v 0.592134 0.351977 -0.588586
v 0.599325 0.410080 -0.608590
v 0.614153 0.458599 -0.591494
v 0.637479 0.534923 -0.579953
v 0.635660 0.478235 -0.521792
v -0.752501 2.307774 -0.456331
v -0.739204 2.270041 -0.558571
v -0.727759 2.217718 -0.655260
v -0.884215 2.271829 -0.445819
v -0.865854 2.235140 -0.542973
v -0.849873 2.185801 -0.633890
v -0.994167 2.221911 -0.438496
v -0.970450 2.187459 -0.530464
v -0.947881 2.144652 -0.614192
v -0.724499 0.755640 -0.830308
v -0.842606 0.776574 -0.796208
v -0.941923 0.790376 -0.749504
v -0.732276 0.859837 -0.865035
v -0.862071 0.880215 -0.830569
v -0.968804 0.894496 -0.784230
v -0.743970 0.981621 -0.896772
v -0.881456 0.997906 -0.862280
v -0.993624 1.009656 -0.816514
v -1.414545 1.516237 -0.259589
v -1.368574 1.305758 -0.390224
v -1.408790 1.315470 -0.315168
v -1.451821 1.297539 -0.279583
v -1.461826 1.416605 -0.265043
v -1.478344 1.480434 -0.238050
v -1.454578 1.541415 -0.197525
v -1.444125 1.599438 -0.109651
v -1.412653 1.636272 -0.124850
v -1.379017 1.739130 -0.124552
v -1.372326 1.686654 -0.245977
v -1.351150 1.642766 -0.358555
v -1.368855 1.479141 -0.375160
v -1.321912 0.868042 -0.215425
v -1.221071 0.738422 -0.287061
v -1.233555 0.733037 -0.195909
v -1.235054 0.720824 -0.098863
v -1.314518 0.822814 -0.101222
v -1.384435 0.911935 -0.090455
v -1.397061 0.957631 -0.172842
v -1.419267 1.046537 -0.234191
v -1.367750 1.009118 -0.282949
v -1.326284 0.990909 -0.358276
v -1.283118 0.857110 -0.318037
v -1.290601 1.920121 -0.316941
v -1.301952 1.951864 -0.213714
v -1.306543 1.978258 -0.107625
v -1.248459 2.031545 -0.293428
v -1.257919 2.056574 -0.196456
v -1.261770 2.075006 -0.098492
v -1.193142 2.125696 -0.272869
v -1.201532 2.144451 -0.181544
v -1.204878 2.156672 -0.090663
v 0.939009 1.262361 -0.481721
v 0.905778 1.266947 -0.587642
v 0.863858 1.271071 -0.685171
v 0.943958 1.410218 -0.484515
v 0.910808 1.410201 -0.591152
v 0.868952 1.410155 -0.689327
v 0.939024 1.558072 -0.481720
v 0.905892 1.553426 -0.587628
v 0.864246 1.549140 -0.685125
v 0.443834 0.770549 -0.828603
v 0.381699 0.754960 -0.844859
v 0.302716 0.739603 -0.857912
v 0.461553 0.870297 -0.863274
v 0.395243 0.857069 -0.880193
v 0.308411 0.843269 -0.893641
v 0.478614 0.988507 -0.894588
v 0.408954 0.978483 -0.911702
v 0.317089 0.967922 -0.925469
v -0.177918 0.779635 -0.897560
v 0.063492 0.707568 -0.869395
v -0.074609 0.681584 -0.863215
v -0.178766 0.639635 -0.845058
v -0.283800 0.682230 -0.861785
v -0.431403 0.710793 -0.863684
v -0.395159 0.814004 -0.899044
v -0.385119 0.946936 -0.932566
v -0.177929 0.937239 -0.937399
v 0.021185 0.943959 -0.938534
v 0.030374 0.810469 -0.904975
v 0.189045 2.418541 -0.479643
v 0.242869 2.462306 -0.513080
v 0.273795 2.507498 -0.546600
v 0.167135 2.382120 -0.581511
v 0.224602 2.429533 -0.598359
v 0.259885 2.480394 -0.618093
v 0.174299 2.345112 -0.682888
v 0.228108 2.403780 -0.686036
v 0.260567 2.460096 -0.691949
v -0.057451 2.363683 -0.451598
v -0.069213 2.324609 -0.569361
v -0.063111 2.270038 -0.681904
v -0.237572 2.353510 -0.458043
v -0.240416 2.314323 -0.572273
v -0.235786 2.259561 -0.681422
v -0.422808 2.344858 -0.463681
v -0.419356 2.306104 -0.574207
v -0.413656 2.251939 -0.679502
v -1.071231 0.594356 -0.407825
v -1.055479 0.609641 -0.478503
v -1.028197 0.618617 -0.543894
v -1.020699 0.532417 -0.396854
v -1.017719 0.543498 -0.457451
v -1.003925 0.549668 -0.513248
v -0.978421 0.474469 -0.393923
v -0.984952 0.480087 -0.443954
v -0.980561 0.482306 -0.491860
v -0.434463 0.437760 -0.501632
v -0.496603 0.405251 -0.401654
v -0.505318 0.403136 -0.462008
v -0.534073 0.390255 -0.504542
v -0.512208 0.420658 -0.543986
v -0.508636 0.448153 -0.598524
v -0.418879 0.465308 -0.581706
v -0.312613 0.473655 -0.575294
v -0.315162 0.452415 -0.500976
v -0.308740 0.435495 -0.421816
v -0.412071 0.426118 -0.415906
v 0.481911 1.821062 -0.891553
v 0.402068 1.830054 -0.909023
v 0.300428 1.838394 -0.923525
v 0.468502 1.941751 -0.858337
v 0.385358 1.953367 -0.877121
v 0.281579 1.964148 -0.890113
v 0.457215 2.060489 -0.822511
v 0.370915 2.073208 -0.844581
v 0.266456 2.085116 -0.852964
v -0.002574 1.850370 -0.941178
v -0.196078 1.852513 -0.942315
v -0.395650 1.851012 -0.936334
v -0.018409 1.977800 -0.903316
v -0.206424 1.979209 -0.903765
v -0.398582 1.976827 -0.897908
v -0.032487 2.094195 -0.851274
v -0.216689 2.091631 -0.849703
v -0.402443 2.087281 -0.843925
v 0.501123 1.262989 -0.934266
v 0.427698 1.259821 -0.951352
v 0.331624 1.256667 -0.965591
v 0.504160 1.409419 -0.939127
v 0.429701 1.409351 -0.956213
v 0.332592 1.409200 -0.970568
v 0.501767 1.554646 -0.933625
v 0.426199 1.557576 -0.950743
v 0.328094 1.560203 -0.965192
v 0.025334 1.250423 -0.981867
v -0.177853 1.249282 -0.982177
v -0.389651 1.251451 -0.976004
v 0.024797 1.408438 -0.987560
v -0.178862 1.408264 -0.988132
v -0.391123 1.408707 -0.981789
v 0.020556 1.563778 -0.982610
v -0.181722 1.564312 -0.983368
v -0.392233 1.563693 -0.977030
v -0.531740 0.420297 -0.086904
v -0.524439 0.417963 -0.171958
v -0.513992 0.412498 -0.253568
v -0.411383 0.413334 -0.086167
v -0.408401 0.413537 -0.171517
v -0.405719 0.414494 -0.255255
v -0.293544 0.410798 -0.086324
v -0.294119 0.412143 -0.172148
v -0.296262 0.415843 -0.256977
v -0.909975 0.487042 -0.198705
v -1.035550 0.550644 -0.093990
v -1.040816 0.554782 -0.183441
v -1.058798 0.564602 -0.262349
v -0.974404 0.505141 -0.272523
v -0.911083 0.454992 -0.299060
v -0.839504 0.441017 -0.264527
v -0.737463 0.424502 -0.251729
v -0.769594 0.448633 -0.179579
v -0.784735 0.457526 -0.092664
v -0.913886 0.494972 -0.095922
v -0.003533 2.403121 -0.075041
v -0.012813 2.401803 -0.153606
v -0.023162 2.398438 -0.239612
v -0.203040 2.403936 -0.078901
v -0.211089 2.401195 -0.160991
v -0.220474 2.394118 -0.249533
v -0.408454 2.397990 -0.082210
v -0.413701 2.394823 -0.167130
v -0.419301 2.386621 -0.257479
v 0.512772 2.356374 -0.067225
v 0.514435 2.361089 -0.137180
v 0.515906 2.375840 -0.212206
v 0.424599 2.372953 -0.067417
v 0.421976 2.378368 -0.136762
v 0.419329 2.394754 -0.209241
v 0.314332 2.386676 -0.068836
v 0.308007 2.390434 -0.140090
v 0.302615 2.402257 -0.215485
v 0.988417 1.254005 -0.089130
v 0.985601 1.254491 -0.180145
v 0.977956 1.255809 -0.274932
v 0.993210 1.410221 -0.089589
v 0.990403 1.410221 -0.181090
v 0.982783 1.410221 -0.276413
v 0.988417 1.566436 -0.089130
v 0.985601 1.565950 -0.180145
v 0.977956 1.564632 -0.274932
v -1.152589 1.816640 -0.684526
v -1.205146 1.833940 -0.602790
v -1.243841 1.858365 -0.512782
v -1.119281 1.926462 -0.653098
v -1.168576 1.947140 -0.572136
v -1.205384 1.973861 -0.483058
v -1.077088 2.018740 -0.623670
v -1.119341 2.044378 -0.544951
v -1.152822 2.073432 -0.456997
v -1.087823 0.789309 -0.619721
v -1.136926 0.776269 -0.541956
v -1.173837 0.759449 -0.459229
v -1.122410 0.894200 -0.657204
v -1.175283 0.881836 -0.579474
v -1.217120 0.867775 -0.495637
v -1.153226 1.009847 -0.691609
v -1.207955 1.000474 -0.614962
v -1.251956 0.990937 -0.532002
v -1.191762 1.272954 -0.733678
v -1.247551 1.273325 -0.656844
v -1.292113 1.277254 -0.572348
v -1.196595 1.414921 -0.737171
v -1.252192 1.420586 -0.658681
v -1.295962 1.431793 -0.571285
v -1.191629 1.556549 -0.729601
v -1.246487 1.566903 -0.649542
v -1.288522 1.584019 -0.560169
v -0.772922 2.360004 -0.084109
v -0.772735 2.356944 -0.170077
v -0.770284 2.348848 -0.259763
v -0.916621 2.325934 -0.083319
v -0.915011 2.322373 -0.168164
v -0.910110 2.313658 -0.256061
v -1.035484 2.281066 -0.083228
v -1.033049 2.276074 -0.167638
v -1.026526 2.265641 -0.254412
v 0.668775 0.522331 -0.198381
v 0.605789 0.500536 -0.093309
v 0.588937 0.491281 -0.179728
v 0.558772 0.465875 -0.249767
v 0.614960 0.483020 -0.268020
v 0.653090 0.500191 -0.306433
v 0.701156 0.539707 -0.271569
v 0.758301 0.585135 -0.253552
v 0.750908 0.575040 -0.177087
v 0.751378 0.572272 -0.090605
v 0.679038 0.529020 -0.095414
v 0.950230 1.859773 -0.085507
v 0.947377 1.858285 -0.172705
v 0.939586 1.854247 -0.263283
v 0.917779 1.987780 -0.082653
v 0.915118 1.985787 -0.166893
v 0.907510 1.980393 -0.254305
v 0.877627 2.097557 -0.079499
v 0.875576 2.095084 -0.160560
v 0.868714 2.088423 -0.244746
v 0.871741 0.722663 -0.083321
v 0.869479 0.725221 -0.166549
v 0.864534 0.732120 -0.250015
v 0.916035 0.832596 -0.083786
v 0.913311 0.834614 -0.168667
v 0.906271 0.840078 -0.255866
v 0.950012 0.960660 -0.085649
v 0.947152 0.962151 -0.172927
v 0.939431 0.966197 -0.263478
v 0.331236 0.431562 -0.088044
v 0.317297 0.426409 -0.173382
v 0.300547 0.411791 -0.252566
v 0.402561 0.445409 -0.087658
v 0.387996 0.438845 -0.170784
v 0.369727 0.420836 -0.244495
v 0.469045 0.461903 -0.088132
v 0.453927 0.454406 -0.170550
v 0.433596 0.434231 -0.241785
v 0.777886 2.246952 -0.073496
v 0.779047 2.243816 -0.149012
v 0.776460 2.235474 -0.228559
v 0.719559 2.288844 -0.071091
v 0.722900 2.286380 -0.144823
v 0.723683 2.279607 -0.223769
v 0.656033 2.317008 -0.069243
v 0.660996 2.316636 -0.141936
v 0.665038 2.315299 -0.221673
v 0.756269 1.273968 -0.825484
v 0.693810 1.272371 -0.866130
v 0.629083 1.269569 -0.894110
v 0.761336 1.409924 -0.830404
v 0.698700 1.409758 -0.871146
v 0.633611 1.409600 -0.899106
v 0.757982 1.545436 -0.825276
v 0.696268 1.546452 -0.865800
v 0.631844 1.548700 -0.893654
v 0.728504 1.793949 -0.784812
v 0.672487 1.796674 -0.823671
v 0.612637 1.803256 -0.850982
v 0.708620 1.898488 -0.750173
v 0.656957 1.904377 -0.786431
v 0.600418 1.915753 -0.813517
v 0.692892 1.986059 -0.706520
v 0.645927 1.999484 -0.737413
v 0.592654 2.020636 -0.764373
v 0.746866 2.192632 -0.405974
v 0.722640 2.156416 -0.497731
v 0.700422 2.111334 -0.581647
v 0.702713 2.237233 -0.404820
v 0.681507 2.197700 -0.501685
v 0.659638 2.145989 -0.593521
v 0.657648 2.281857 -0.411898
v 0.640771 2.241414 -0.514274
v 0.616814 2.186813 -0.612547
v 0.657744 0.812891 -0.725804
v 0.606156 0.812544 -0.763749
v 0.552476 0.802136 -0.790115
v 0.690772 0.911183 -0.756556
v 0.634427 0.906944 -0.795464
v 0.576457 0.896720 -0.822922
v 0.719818 1.021516 -0.786393
v 0.660404 1.016963 -0.826043
v 0.599232 1.008585 -0.853877
v 0.289804 0.323167 -0.357689
v 0.295495 0.257008 -0.383135
v 0.301272 0.196376 -0.406069
v 0.345612 0.327059 -0.341028
v 0.343135 0.258493 -0.367845
v 0.343583 0.192594 -0.393406
v 0.401244 0.335533 -0.335303
v 0.394302 0.264193 -0.362951
v 0.391800 0.194376 -0.389878
v 0.491511 2.705147 -0.638798
v 0.485964 2.698299 -0.697892
v 0.472989 2.666780 -0.747431
v 0.463229 2.731271 -0.649129
v 0.457949 2.725250 -0.710897
v 0.445665 2.692370 -0.762004
v 0.434532 2.737470 -0.656562
v 0.429292 2.731230 -0.715480
v 0.419202 2.700960 -0.764612
v 0.547904 2.348019 -0.659162
v 0.528000 2.454744 -0.682804
v 0.512879 2.549073 -0.705192
v 0.574924 2.387152 -0.570558
v 0.551744 2.483985 -0.608962
v 0.531884 2.574524 -0.645487
v 0.581740 2.422171 -0.481640
v 0.556543 2.512086 -0.535665
v 0.536268 2.594121 -0.584240
v 0.420078 2.581121 -0.438655
v 0.501002 2.480804 -0.369758
v 0.490873 2.562457 -0.444112
v 0.489800 2.634932 -0.512876
v 0.449000 2.658948 -0.513943
v 0.416776 2.679910 -0.538892
v 0.387379 2.628393 -0.494590
v 0.343721 2.580685 -0.478722
v 0.343618 2.537214 -0.424111
v 0.327106 2.479950 -0.361780
v 0.418961 2.493489 -0.357083
v 0.369833 2.446373 -0.816738
v 0.283218 2.310477 -0.806612
v 0.302492 2.405198 -0.801597
v 0.309585 2.475960 -0.793014
v 0.348636 2.521179 -0.812658
v 0.380558 2.586940 -0.814084
v 0.405226 2.554789 -0.813985
v 0.443568 2.534611 -0.793093
v 0.435389 2.432265 -0.792807
v 0.438352 2.310781 -0.788638
v 0.363095 2.313996 -0.813255
v 0.536287 0.654246 -0.709460
v 0.506649 0.606078 -0.700193
v 0.504562 0.640688 -0.716299
v 0.513402 0.677427 -0.735377
v 0.553990 0.685486 -0.718386
v 0.585219 0.672652 -0.695069
v 0.548236 0.633409 -0.695677
v 0.272466 0.527611 -0.713081
v 0.280610 0.565635 -0.747356
v 0.289733 0.605599 -0.783508
v 0.341811 0.543342 -0.714921
v 0.348331 0.582041 -0.742144
v 0.357682 0.621969 -0.773856
v 0.403611 0.562496 -0.711964
v 0.407253 0.601028 -0.734415
v 0.415328 0.640294 -0.762068
v 0.719876 0.603025 -0.441249
v 0.707176 0.638340 -0.518551
v 0.739178 0.640302 -0.461353
v 0.757412 0.623633 -0.395301
v 0.722100 0.582446 -0.394356
v 0.687943 0.549050 -0.412844
v 0.695620 0.586621 -0.468493
v 0.484291 0.109923 -0.479299
v 0.486957 0.104603 -0.535352
v 0.491377 0.129996 -0.589489
v 0.518714 0.119258 -0.481793
v 0.519868 0.113610 -0.534000
v 0.522872 0.138106 -0.584144
v 0.545644 0.143590 -0.486251
v 0.545815 0.138761 -0.532962
v 0.546180 0.158870 -0.577318
v 0.302128 0.127965 -0.478879
v 0.300089 0.126463 -0.530998
v 0.302108 0.146754 -0.582313
v 0.345392 0.112706 -0.476277
v 0.346282 0.109831 -0.533509
v 0.348269 0.132292 -0.589482
v 0.394194 0.107816 -0.476302
v 0.397087 0.104009 -0.535358
v 0.400306 0.127656 -0.592834
v 0.403483 0.435746 -0.687519
v 0.404182 0.346407 -0.679957
v 0.404160 0.256040 -0.666256
v 0.340502 0.419181 -0.683936
v 0.344177 0.333980 -0.675391
v 0.347730 0.250237 -0.661472
v 0.277962 0.404875 -0.669814
v 0.288685 0.323609 -0.660042
v 0.298222 0.248033 -0.646824
v 0.197659 0.366737 -0.584258
v 0.222225 0.294192 -0.580904
v 0.242381 0.227388 -0.577141
v 0.192389 0.345916 -0.518336
v 0.217417 0.277235 -0.522160
v 0.237927 0.211778 -0.525359
v 0.206636 0.331920 -0.450637
v 0.229296 0.265836 -0.463005
v 0.247154 0.204756 -0.473582
v 0.506701 0.355958 -0.339091
v 0.493283 0.279305 -0.367203
v 0.486282 0.204480 -0.394861
v 0.552060 0.367342 -0.349638
v 0.535167 0.289038 -0.376295
v 0.525073 0.213658 -0.402543
v 0.588102 0.382452 -0.372164
v 0.568663 0.303654 -0.395446
v 0.555288 0.229758 -0.417901
v 0.555039 0.402778 -0.660019
v 0.597604 0.551466 -0.656846
v 0.588278 0.469891 -0.647982
v 0.586663 0.415724 -0.638107
v 0.570388 0.361232 -0.640214
v 0.557118 0.280920 -0.631804
v 0.537649 0.284102 -0.648172
v 0.504265 0.276439 -0.658617
v 0.510744 0.380187 -0.671969
v 0.513249 0.478031 -0.679933
v 0.558254 0.509556 -0.671276
v -0.706914 0.359282 -0.670098
v -0.711656 0.278211 -0.662907
v -0.715875 0.207594 -0.655024
v -0.772335 0.354283 -0.671543
v -0.769890 0.273950 -0.664853
v -0.767764 0.202152 -0.656601
v -0.832622 0.348639 -0.662192
v -0.826696 0.270456 -0.656790
v -0.819784 0.202527 -0.649595
v -0.712221 0.121437 -0.623253
v -0.706452 0.103254 -0.595263
v -0.704163 0.095652 -0.559742
v -0.765940 0.110631 -0.621886
v -0.766557 0.091901 -0.592779
v -0.767715 0.084638 -0.556976
v -0.820253 0.119788 -0.617265
v -0.827056 0.102802 -0.588642
v -0.831401 0.096216 -0.553061
v -0.844774 0.334315 -0.343188
v -0.831705 0.262883 -0.354026
v -0.823821 0.198570 -0.363966
v -0.777149 0.327865 -0.331990
v -0.768829 0.257301 -0.346807
v -0.767343 0.191986 -0.358964
v -0.701011 0.321548 -0.334906
v -0.703541 0.253175 -0.350917
v -0.710466 0.191403 -0.363291
v -0.913416 0.336074 -0.617276
v -0.905914 0.260984 -0.614396
v -0.891360 0.196331 -0.612401
v -0.932512 0.331174 -0.585052
v -0.924618 0.255758 -0.582579
v -0.908299 0.188241 -0.582483
v -0.942726 0.329815 -0.548941
v -0.934026 0.253508 -0.545957
v -0.916739 0.184472 -0.546401
v -0.593460 0.310606 -0.390561
v -0.614304 0.245276 -0.395405
v -0.635352 0.186030 -0.401184
v -0.578123 0.305674 -0.432383
v -0.598176 0.241509 -0.431753
v -0.620631 0.179741 -0.434438
v -0.577675 0.301217 -0.472396
v -0.594325 0.240186 -0.471908
v -0.615848 0.177966 -0.474387
v -0.886810 0.625229 -0.702462
v -0.807567 0.618107 -0.737036
v -0.713687 0.604527 -0.763047
v -0.864664 0.560501 -0.690418
v -0.793658 0.557115 -0.714769
v -0.708425 0.550035 -0.732809
v -0.849281 0.496419 -0.678736
v -0.783269 0.497818 -0.695514
v -0.704074 0.498030 -0.704871
v -0.920504 0.186303 -0.466902
v -0.914929 0.191265 -0.430123
v -0.899160 0.199248 -0.399799
v -0.938638 0.256646 -0.466956
v -0.932811 0.260637 -0.429541
v -0.915712 0.264969 -0.396997
v -0.949709 0.334239 -0.470341
v -0.945101 0.337391 -0.431357
v -0.929035 0.339414 -0.395642
v -0.704796 0.093874 -0.476568
v -0.707331 0.099363 -0.436440
v -0.712548 0.114792 -0.403046
v -0.769754 0.083968 -0.474574
v -0.770034 0.090221 -0.434631
v -0.769673 0.107268 -0.400688
v -0.834378 0.096242 -0.471745
v -0.832253 0.102604 -0.433129
v -0.826278 0.118892 -0.401157
v -0.619442 0.184707 -0.558328
v -0.627395 0.192693 -0.594997
v -0.644291 0.203872 -0.624276
v -0.600045 0.250022 -0.553555
v -0.608784 0.260532 -0.591355
v -0.627962 0.271727 -0.624677
v -0.584483 0.312813 -0.545779
v -0.590987 0.329584 -0.583541
v -0.610071 0.346654 -0.622236
v -0.954923 0.517291 -0.608581
v -0.966470 0.582309 -0.622858
v -0.944640 0.537802 -0.632077
v -0.929629 0.480841 -0.629073
v -0.947415 0.472650 -0.600233
v -0.960088 0.475110 -0.570113
v -0.968398 0.534122 -0.591242
v -0.090826 0.564840 -0.787705
v 0.007708 0.573595 -0.792214
v 0.110576 0.582251 -0.793251
v -0.085631 0.538974 -0.747930
v 0.014973 0.542322 -0.749970
v 0.112341 0.546400 -0.750924
v -0.088273 0.518332 -0.699378
v 0.012134 0.518504 -0.701259
v 0.106722 0.517258 -0.703887
v -0.076453 0.416606 -0.260499
v 0.029866 0.415339 -0.262380
v 0.130195 0.411951 -0.263852
v -0.067752 0.412227 -0.174641
v 0.041789 0.412652 -0.175864
v 0.144659 0.413969 -0.176682
v -0.061123 0.410628 -0.087612
v 0.051097 0.411779 -0.088206
v 0.156098 0.414923 -0.088594
v -0.514314 0.506711 -0.705391
v -0.507884 0.539928 -0.749490
v -0.494314 0.580134 -0.789753
v -0.409509 0.512442 -0.702192
v -0.400246 0.538417 -0.750164
v -0.381602 0.571765 -0.791660
v -0.301458 0.515546 -0.699715
v -0.293438 0.537131 -0.748339
v -0.278602 0.563802 -0.787955
v 0.087794 0.461358 -0.583282
v 0.086053 0.437662 -0.510249
v 0.096237 0.420642 -0.432186
v 0.000938 0.474882 -0.579310
v 0.000842 0.453279 -0.506724
v 0.007002 0.435110 -0.428828
v -0.096808 0.478507 -0.576402
v -0.096980 0.457809 -0.503883
v -0.092799 0.439462 -0.426126
v 0.323157 2.603344 -0.594357
v 0.352596 2.652798 -0.613717
v 0.380527 2.695369 -0.637252
v 0.313672 2.587034 -0.661053
v 0.342770 2.638863 -0.681744
v 0.371770 2.684334 -0.699506
v 0.310273 2.561435 -0.723595
v 0.338686 2.610491 -0.743414
v 0.366942 2.656837 -0.754566
v -1.538899 1.282201 -0.242993
v -1.581833 1.301161 -0.223040
v -1.624307 1.334431 -0.204103
v -1.539550 1.357887 -0.251307
v -1.578416 1.364625 -0.234081
v -1.617496 1.388469 -0.214656
v -1.539397 1.420481 -0.243858
v -1.573428 1.423717 -0.229972
v -1.609331 1.441356 -0.211224
v -1.707559 1.432226 -0.178715
v -1.748238 1.493886 -0.173245
v -1.788273 1.564072 -0.170736
v -1.694355 1.475295 -0.186219
v -1.731640 1.534307 -0.180070
v -1.768270 1.602050 -0.177294
v -1.680813 1.517669 -0.181579
v -1.715005 1.574239 -0.175151
v -1.748507 1.640004 -0.172289
v -1.514910 1.054269 -0.065772
v -1.579820 1.115576 -0.057923
v -1.642405 1.175396 -0.052549
v -1.520930 1.085297 -0.126900
v -1.581307 1.142637 -0.112405
v -1.639546 1.199822 -0.102140
v -1.529015 1.136599 -0.178984
v -1.582913 1.184942 -0.160079
v -1.635338 1.236673 -0.145821
v -1.524734 1.517830 -0.192884
v -1.554723 1.522681 -0.176224
v -1.587122 1.532270 -0.159197
v -1.512323 1.558302 -0.145234
v -1.543279 1.559424 -0.127748
v -1.575203 1.565251 -0.113275
v -1.503957 1.588264 -0.078140
v -1.534845 1.584247 -0.067135
v -1.566182 1.586828 -0.058804
v -1.865833 1.729017 -0.168236
v -1.900025 1.814578 -0.164442
v -1.927749 1.890899 -0.156099
v -1.839688 1.757997 -0.174663
v -1.872727 1.837847 -0.170593
v -1.901858 1.910359 -0.161472
v -1.814565 1.788667 -0.169728
v -1.846282 1.862189 -0.165852
v -1.875271 1.926839 -0.157318
v -1.753513 1.305526 -0.046905
v -1.802000 1.381927 -0.045708
v -1.848086 1.469025 -0.045135
v -1.745296 1.325099 -0.090999
v -1.792936 1.398281 -0.088630
v -1.838692 1.481491 -0.087502
v -1.733772 1.354498 -0.129473
v -1.779876 1.423528 -0.125982
v -1.824694 1.501820 -0.124333
v -1.651977 1.590007 -0.134674
v -1.683082 1.640805 -0.129444
v -1.713941 1.702063 -0.127154
v -1.638676 1.615754 -0.095220
v -1.669829 1.663484 -0.091440
v -1.701200 1.722262 -0.089792
v -1.629020 1.632371 -0.049241
v -1.660608 1.677758 -0.047263
v -1.692824 1.734622 -0.046403
v -1.972250 1.996439 -0.117134
v -1.990440 2.027549 -0.084124
v -2.002126 2.046721 -0.043943
v -1.946075 2.018780 -0.119096
v -1.960607 2.052154 -0.084922
v -1.969789 2.072296 -0.044184
v -1.912352 2.021309 -0.118066
v -1.921128 2.052026 -0.084901
v -1.926830 2.070908 -0.044386
v -1.939185 1.682064 -0.044583
v -1.979314 1.798128 -0.044277
v -2.007279 1.905168 -0.043972
v -1.928508 1.684493 -0.086385
v -1.967495 1.794437 -0.085482
v -1.994509 1.894983 -0.084225
v -1.911958 1.691520 -0.122647
v -1.949183 1.792557 -0.120698
v -1.974862 1.882614 -0.117372
v -1.777120 1.841236 -0.125359
v -1.809814 1.908371 -0.123282
v -1.843028 1.964620 -0.119629
v -1.766642 1.858962 -0.088588
v -1.801630 1.926765 -0.087594
v -1.838743 1.985504 -0.086097
v -1.760845 1.869949 -0.045803
v -1.797742 1.938661 -0.045451
v -1.837453 1.999363 -0.045022
vn -0.6494 -0.4005 0.6464
vn -0.5330 0.5840 0.6123
vn 0.7660 -0.2030 0.6100
vn 0.7741 0.1950 0.6022
vn 0.7097 -0.3827 0.5915
vn 0.6607 0.5118 0.5492
vn -0.6045 0.2126 0.7677
vn -0.5957 -0.2057 0.7764
vn -0.6430 -0.7658 -0.0000
vn -0.5899 0.8074 -0.0000
vn 0.7771 -0.6293 -0.0000
vn 0.8241 0.5664 -0.0000
vn 0.9915 0.1301 -0.0000
vn 0.9914 -0.1308 -0.0000
vn -0.9535 0.3013 -0.0000
vn -0.7419 -0.6705 -0.0000
vn -0.1699 -0.4326 0.8854
vn 0.1177 -0.5027 0.8564
vn -0.2122 0.5452 0.8110
vn -0.1401 0.6918 0.7084
vn -0.1053 0.9944 -0.0000
vn 0.0557 0.9984 -0.0000
vn 0.0993 -0.9951 -0.0000
vn -0.1473 -0.9891 -0.0000
vn 0.0595 -0.1411 0.9882
vn -0.1120 -0.1467 0.9828
vn 0.0645 0.1528 0.9861
vn -0.1147 0.1464 0.9826
vn -0.7486 -0.6335 0.1958
vn 0.7994 0.5378 0.2679
vn -0.6131 0.7273 0.3085
vn 0.8118 -0.5430 0.2146
vn -0.9070 -0.1749 0.3832
vn -0.9201 0.2259 0.3201
vn 0.9694 -0.1459 0.1975
vn 0.9694 0.1458 0.1975
vn -0.2018 0.9777 -0.0576
vn -0.1113 0.9729 0.2028
vn 0.2816 -0.7939 -0.5389
vn -0.3732 -0.8633 -0.3397
vn 0.4139 -0.4823 0.7721
vn 0.2648 0.9643 -0.0000
vn 0.6694 0.2618 0.6952
vn 0.2733 -0.9619 -0.0000
vn 0.3215 -0.1721 0.9311
vn 0.3054 0.1758 0.9359
vn 0.6708 0.7280 -0.1418
vn 0.1921 -0.6977 -0.6902
vn 0.7870 0.0576 0.6143
vn -0.5273 0.5220 0.6705
vn -0.4964 0.8230 -0.2761
vn 0.8396 0.4811 -0.2521
vn 0.1548 -0.1733 0.9726
vn -0.3211 -0.6315 0.7058
vn 0.8543 -0.5134 -0.0811
vn 0.0764 -0.6962 -0.7138
vn -0.6886 -0.5359 -0.4884
vn 0.8978 -0.3318 -0.2897
vn 0.1012 -0.4826 0.8700
vn -0.6477 -0.4400 0.6220
vn 0.8855 -0.2450 0.3948
vn 0.8782 -0.1858 0.4408
vn -0.6552 -0.4356 -0.6172
vn 0.3047 -0.5091 0.8049
vn -0.4947 -0.1380 0.8580
vn 0.3908 -0.4476 -0.8043
vn -0.4055 -0.3747 -0.8338
vn 0.3664 -0.3080 0.8780
vn -0.4179 -0.3369 0.8437
vn 0.7023 -0.7104 0.0459
vn -0.7183 -0.6953 0.0250
vn 0.8997 -0.4062 0.1599
vn -0.9725 -0.1817 0.1458
vn 0.0075 -0.9913 0.1313
vn -0.0008 -1.0000 -0.0000
vn 0.0038 -0.6352 0.7723
vn 0.0164 -0.9507 0.3096
vn -0.8168 0.5380 -0.2084
vn -0.8782 0.3320 0.3444
vn -0.3234 0.9463 -0.0000
vn -0.5406 -0.2977 0.7869
vn -0.2985 0.4689 0.8313
vn 0.5561 0.8311 -0.0000
vn -0.7592 -0.6509 -0.0000
vn -0.5749 -0.3333 0.7473
vn 0.1012 0.4811 0.8708
vn 0.8915 0.4531 -0.0000
vn -0.9200 -0.3919 -0.0000
vn -0.5619 -0.2538 0.7873
vn 0.5534 0.2587 0.7918
vn 0.6059 0.7956 -0.0000
vn -0.9962 0.0873 -0.0000
vn -0.6290 0.0037 0.7774
vn 0.3915 0.4822 0.7837
vn -0.6494 -0.4005 -0.6464
vn -0.5330 0.5840 -0.6123
vn 0.7660 -0.2030 -0.6100
vn 0.7741 0.1950 -0.6022
vn 0.7097 -0.3827 -0.5915
vn 0.6607 0.5118 -0.5492
vn -0.6045 0.2126 -0.7677
vn -0.5957 -0.2057 -0.7764
vn -0.1699 -0.4326 -0.8854
vn 0.1177 -0.5027 -0.8564
vn -0.2122 0.5452 -0.8110
vn -0.1401 0.6918 -0.7084
vn 0.0595 -0.1411 -0.9882
vn -0.1120 -0.1467 -0.9828
vn 0.0645 0.1528 -0.9861
vn -0.1147 0.1464 -0.9826
vn -0.7486 -0.6335 -0.1958
vn 0.7994 0.5378 -0.2679
vn -0.6131 0.7273 -0.3085
vn 0.8118 -0.5430 -0.2146
vn -0.9070 -0.1749 -0.3832
vn -0.9201 0.2259 -0.3201
vn 0.9694 -0.1459 -0.1975
vn 0.9694 0.1458 -0.1975
vn -0.2018 0.9777 0.0576
vn -0.1113 0.9729 -0.2028
vn 0.2816 -0.7939 0.5389
vn -0.3732 -0.8633 0.3397
vn 0.4139 -0.4823 -0.7721
vn 0.6694 0.2618 -0.6952
vn 0.3215 -0.1721 -0.9311
vn 0.3054 0.1758 -0.9359
vn 0.6708 0.7280 0.1418
vn 0.1921 -0.6977 0.6902
vn 0.7870 0.0576 -0.6143
vn -0.5273 0.5220 -0.6705
vn -0.4964 0.8230 0.2761
vn 0.8396 0.4811 0.2521
vn 0.1548 -0.1733 -0.9726
vn -0.3211 -0.6315 -0.7058
vn 0.8543 -0.5134 0.0811
vn 0.0764 -0.6962 0.7138
vn -0.6886 -0.5359 0.4884
vn 0.8978 -0.3318 0.2897
vn 0.1012 -0.4826 -0.8700
vn -0.6477 -0.4400 -0.6220
vn 0.8855 -0.2450 -0.3948
vn 0.8782 -0.1858 -0.4408
vn -0.6552 -0.4356 0.6172
vn 0.3047 -0.5091 -0.8049
vn -0.4947 -0.1380 -0.8580
vn 0.3908 -0.4476 0.8043
vn -0.4055 -0.3747 0.8338
vn 0.3664 -0.3080 -0.8780
vn -0.4179 -0.3369 -0.8437
vn 0.7023 -0.7104 -0.0459
vn -0.7183 -0.6953 -0.0250
vn 0.8997 -0.4062 -0.1599
vn -0.9725 -0.1817 -0.1458
vn 0.0075 -0.9913 -0.1313
vn 0.0038 -0.6352 -0.7723
vn 0.0164 -0.9507 -0.3096
vn -0.8168 0.5380 0.2084
vn -0.8782 0.3320 -0.3444
vn -0.5406 -0.2977 -0.7869
vn -0.2985 0.4689 -0.8313
vn -0.5749 -0.3333 -0.7473
vn 0.1012 0.4811 -0.8708
vn -0.5619 -0.2538 -0.7873
vn 0.5534 0.2587 -0.7918
vn -0.6290 0.0037 -0.7774
vn 0.3915 0.4822 -0.7837
vn -0.7522 -0.5750 0.3218
vn -0.7384 -0.5228 0.4259
vn -0.7148 -0.4678 0.5199
vn -0.5964 0.3183 0.7369
vn -0.5822 0.4169 0.6980
vn -0.5607 0.5071 0.6546
vn -0.7089 -0.7053 -0.0000
vn -0.6890 -0.7247 -0.0000
vn -0.7035 -0.7107 -0.0000
vn -0.7460 0.6659 -0.0000
vn -0.8605 0.5095 -0.0000
vn -0.9250 0.3800 -0.0000
vn 0.9980 0.0626 -0.0000
vn 1.0000 -0.0000 -0.0000
vn 0.9980 -0.0626 -0.0000
vn 0.9116 0.4112 -0.0000
vn 0.9553 0.2957 -0.0000
vn 0.9786 0.2060 -0.0000
vn 0.7869 0.0940 0.6099
vn 0.7897 -0.0024 0.6135
vn 0.7833 -0.0997 0.6136
vn 0.6888 0.4529 0.5660
vn 0.7221 0.3780 0.5794
vn 0.7514 0.2928 0.5914
vn 0.7650 0.5310 0.3644
vn 0.7292 0.5274 0.4361
vn 0.6928 0.5231 0.4963
vn 0.7382 -0.3017 0.6033
vn 0.7071 -0.3796 0.5965
vn 0.6843 -0.4234 0.5936
vn 0.4369 -0.4718 0.7659
vn 0.4746 -0.4533 0.7545
vn 0.5552 -0.4180 0.7190
vn -0.2445 0.6733 0.6977
vn -0.3531 0.6478 0.6751
vn -0.4533 0.6164 0.6439
vn -0.6013 -0.0965 0.7932
vn -0.6052 0.0061 0.7961
vn -0.6069 0.1070 0.7876
vn -0.6147 0.7580 0.2181
vn -0.6069 0.7836 0.1328
vn -0.5955 0.8011 0.0598
vn 0.8017 -0.5881 0.1072
vn 0.7839 -0.6190 0.0490
vn 0.7772 -0.6289 0.0230
vn -0.6031 -0.4228 0.6764
vn -0.5902 -0.3831 0.7106
vn -0.5902 -0.3077 0.7463
vn 0.3453 0.9385 -0.0000
vn 0.4927 0.8702 -0.0000
vn 0.6743 0.7384 -0.0000
vn -0.2312 -0.9729 -0.0000
vn -0.3472 -0.9378 -0.0000
vn -0.4916 -0.8708 -0.0000
vn 0.9773 -0.2118 -0.0000
vn 0.9490 -0.3153 -0.0000
vn 0.8912 -0.4536 -0.0000
vn -0.7765 -0.6301 -0.0000
vn -0.7862 -0.6179 -0.0000
vn -0.7494 -0.6621 -0.0000
vn -0.6637 -0.4700 0.5820
vn -0.7268 -0.5904 0.3511
vn -0.7422 -0.6529 0.1514
vn -0.9343 0.2469 0.2572
vn -0.9449 0.2724 0.1814
vn -0.9515 0.2930 0.0939
vn -0.1977 -0.1566 0.9677
vn -0.3104 -0.1729 0.9347
vn -0.4472 -0.1916 0.8737
vn -0.2010 0.1578 0.9668
vn -0.3150 0.1755 0.9327
vn -0.4540 0.1960 0.8692
vn 0.9475 -0.1585 0.2777
vn 0.9147 -0.1744 0.3645
vn 0.8610 -0.1909 0.4714
vn 0.9479 0.1582 0.2766
vn 0.9165 0.1726 0.3610
vn 0.8656 0.1861 0.4649
vn -0.4991 -0.3817 0.7779
vn -0.3753 -0.3922 0.8398
vn -0.2668 -0.4083 0.8730
vn 0.0241 -0.5879 0.8085
vn 0.0390 -0.5415 0.8398
vn 0.0645 -0.5148 0.8549
vn 0.4367 0.1736 0.8827
vn 0.1591 0.1555 0.9749
vn -0.0948 0.2619 0.9604
vn -0.0693 0.6743 0.7352
vn -0.0402 0.7008 0.7122
vn -0.0665 0.7017 0.7094
vn -0.4283 0.9036 -0.0000
vn -0.2908 0.9568 -0.0000
vn -0.1841 0.9829 -0.0000
vn -0.0503 0.9987 -0.0000
vn -0.0116 0.9999 -0.0000
vn 0.0207 0.9998 -0.0000
vn 0.2543 -0.9671 -0.0000
vn 0.2180 -0.9760 -0.0000
vn 0.1613 -0.9869 -0.0000
vn -0.0126 -0.9999 -0.0000
vn -0.0408 -0.9992 -0.0000
vn -0.0861 -0.9963 -0.0000
vn 0.2763 -0.1616 0.9474
vn 0.2007 -0.1518 0.9678
vn 0.1207 -0.1445 0.9821
vn 0.0180 -0.1411 0.9898
vn -0.0147 -0.1422 0.9897
vn -0.0532 -0.1431 0.9883
vn 0.2579 0.1714 0.9509
vn 0.1899 0.1666 0.9676
vn 0.1199 0.1600 0.9798
vn 0.0237 0.1466 0.9889
vn -0.0122 0.1424 0.9897
vn -0.0544 0.1417 0.9884
vn 0.0650 -0.2118 0.9751
vn 0.0768 -0.2826 0.9562
vn 0.0965 -0.3716 0.9234
vn -0.1212 -0.2164 0.9688
vn -0.1363 -0.2767 0.9512
vn -0.1566 -0.3418 0.9266
vn -0.2505 0.9501 0.1860
vn -0.2623 0.9044 0.3365
vn -0.2865 0.8032 0.5224
vn -0.1167 0.9483 0.2950
vn -0.1248 0.9038 0.4094
vn -0.1340 0.8236 0.5511
vn 0.0509 -0.6282 0.7764
vn -0.0861 -0.6233 0.7773
vn -0.1529 -0.5410 0.8270
vn -0.0318 -0.7382 0.6739
vn 0.0876 -0.7464 0.6597
vn 0.1227 -0.6524 0.7478
vn -0.0219 0.4033 0.9148
vn 0.0475 0.3185 0.9467
vn 0.0649 0.2372 0.9693
vn -0.1394 0.5253 0.8394
vn -0.1323 0.3691 0.9199
vn -0.1229 0.2430 0.9622
vn 0.0609 0.0731 0.9955
vn 0.0586 0.0007 0.9983
vn 0.0579 -0.0694 0.9959
vn -0.1092 0.0686 0.9916
vn -0.1068 -0.0022 0.9943
vn -0.1074 -0.0730 0.9915
vn -0.6516 -0.7577 0.0360
vn -0.6783 -0.7330 0.0519
vn -0.7181 -0.6899 0.0912
vn 0.8263 0.5631 0.0128
vn 0.8289 0.5556 0.0654
vn 0.8224 0.5467 0.1574
vn -0.5632 0.6234 0.5424
vn -0.5864 0.6602 0.4693
vn -0.6028 0.6944 0.3930
vn 0.7567 -0.4546 0.4698
vn 0.7732 -0.4823 0.4118
vn 0.7989 -0.5043 0.3277
vn -0.7288 -0.2091 0.6520
vn -0.8245 -0.2011 0.5289
vn -0.8816 -0.1875 0.4332
vn -0.7385 0.2197 0.6374
vn -0.8348 0.2184 0.5054
vn -0.8920 0.2173 0.3965
vn 0.9912 -0.1313 0.0190
vn 0.9893 -0.1332 0.0596
vn 0.9829 -0.1377 0.1219
vn 0.9913 0.1306 0.0190
vn 0.9894 0.1325 0.0597
vn 0.9830 0.1373 0.1221
vn 0.0503 0.9987 -0.0043
vn 0.0268 0.9992 -0.0311
vn -0.0389 0.9968 -0.0696
vn -0.1057 0.9942 0.0190
vn -0.1067 0.9924 0.0611
vn -0.1083 0.9862 0.1249
vn -0.1421 -0.9895 -0.0252
vn -0.1151 -0.9876 -0.1065
vn -0.0175 -0.9587 -0.2837
vn 0.0925 -0.9956 -0.0115
vn 0.0589 -0.9963 -0.0624
vn -0.0561 -0.9817 -0.1818
vn 0.0297 -0.9931 0.1134
vn 0.0820 -0.9950 0.0569
vn 0.1856 -0.9752 -0.1210
vn -0.6899 -0.6442 -0.3303
vn -0.6783 -0.7302 -0.0823
vn -0.6940 -0.7152 0.0830
vn -0.0538 0.9795 0.1943
vn -0.0348 0.9830 0.1803
vn -0.0641 0.9894 0.1301
vn 0.6412 0.7589 0.1139
vn 0.6310 0.7422 0.2260
vn 0.7004 0.6630 0.2642
vn 0.9798 0.0703 0.1870
vn 0.9830 -0.0000 0.1836
vn 0.9798 -0.0703 0.1871
vn -0.7389 0.5903 0.3248
vn -0.8322 0.4496 0.3246
vn -0.8905 0.3252 0.3183
vn -0.8787 -0.3029 0.3691
vn -0.8450 -0.4184 0.3330
vn -0.8046 -0.5254 0.2766
vn -0.9314 0.1400 0.3360
vn -0.9323 0.0492 0.3582
vn -0.9247 -0.0538 0.3768
vn -0.4686 0.8384 0.2785
vn -0.3266 0.9128 0.2452
vn -0.2046 0.9541 0.2185
vn 0.1224 -0.7114 -0.6921
vn -0.0027 -0.7310 -0.6823
vn -0.1822 -0.7753 -0.6047
vn 0.8743 0.4133 0.2545
vn 0.9202 0.3131 0.2349
vn 0.9501 0.2266 0.2144
vn 0.9504 -0.2272 0.2126
vn 0.9218 -0.3147 0.2263
vn 0.8795 -0.4168 0.2295
vn 0.1987 -0.4995 0.8432
vn 0.2909 -0.4973 0.8173
vn 0.3697 -0.4910 0.7888
vn 0.1006 0.9949 -0.0000
vn 0.1564 0.9877 -0.0000
vn 0.2137 0.9769 -0.0000
vn 0.6153 0.5322 0.5815
vn 0.6167 0.5091 0.6004
vn 0.6567 0.4236 0.6239
vn 0.6090 -0.7931 -0.0000
vn 0.4418 -0.8971 -0.0000
vn 0.3235 -0.9462 -0.0000
vn 0.6261 -0.2050 0.7523
vn 0.4804 -0.1966 0.8547
vn 0.3737 -0.1839 0.9091
vn 0.6343 0.1962 0.7478
vn 0.4821 0.1903 0.8552
vn 0.3663 0.1822 0.9125
vn -0.1325 0.9142 -0.3830
vn 0.0797 0.8517 -0.5179
vn 0.3719 0.8140 -0.4462
vn 0.7270 -0.6060 -0.3227
vn 0.5005 -0.6721 -0.5457
vn 0.2916 -0.6894 -0.6631
vn 0.2716 -0.9622 -0.0201
vn 0.2674 -0.9553 -0.1259
vn 0.2494 -0.8952 -0.3693
vn 0.2722 0.9618 -0.0287
vn 0.3103 0.9476 -0.0755
vn 0.4279 0.8944 -0.1300
vn 0.2974 0.0842 0.9510
vn 0.2969 -0.0001 0.9549
vn 0.3043 -0.0835 0.9489
vn 0.4903 0.3414 0.8019
vn 0.3777 0.3293 0.8654
vn 0.3262 0.2650 0.9074
vn 0.8770 0.4614 0.1338
vn 0.8952 0.3160 0.3143
vn 0.8424 0.2636 0.4700
vn 0.3480 -0.2601 0.9007
vn 0.3784 -0.3390 0.8613
vn 0.4037 -0.4113 0.8172
vn 0.2527 -0.3439 0.9044
vn 0.3478 -0.4916 0.7984
vn 0.3992 -0.5289 0.7489
vn 0.6554 0.1166 0.7462
vn 0.4047 0.2323 0.8845
vn -0.0545 0.4194 0.9062
vn -0.5618 0.8240 -0.0736
vn -0.6056 0.7727 0.1900
vn -0.5784 0.6667 0.4701
vn -0.1173 0.9051 -0.4088
vn 0.3169 0.8325 -0.4544
vn 0.6422 0.6668 -0.3781
vn 0.9205 0.3906 0.0070
vn 0.9296 0.2632 0.2581
vn 0.8733 0.1505 0.4634
vn -0.8206 0.3267 0.4689
vn -0.7445 0.3320 0.5792
vn -0.6431 0.3916 0.6580
vn -0.7666 0.5848 -0.2653
vn -0.6611 0.7001 -0.2698
vn -0.4693 0.8562 -0.2160
vn 0.7897 0.5338 -0.3023
vn 0.8188 0.4584 -0.3457
vn 0.8349 0.4450 -0.3239
vn 0.7749 -0.0024 0.6321
vn 0.7609 0.0041 0.6489
vn 0.7444 0.0809 0.6628
vn 0.1239 -0.4550 -0.8818
vn 0.0955 -0.3614 -0.9275
vn 0.0907 -0.4431 -0.8919
vn -0.5979 -0.7970 -0.0854
vn -0.6421 -0.7485 0.1659
vn -0.5697 -0.7008 0.4293
vn 0.5411 -0.2588 0.8002
vn 0.3381 -0.1853 0.9227
vn 0.2173 -0.1611 0.9627
vn 0.0938 -0.2095 0.9733
vn -0.0023 -0.2729 0.9620
vn -0.1440 -0.3957 0.9070
vn 0.7292 -0.6600 0.1807
vn 0.6927 -0.7089 0.1330
vn 0.7523 -0.6567 0.0531
vn 0.8463 -0.3799 0.3735
vn 0.8848 -0.3998 0.2395
vn 0.8923 -0.4393 0.1042
vn -0.0044 -0.7148 -0.6993
vn -0.1842 -0.7160 -0.6734
vn -0.4483 -0.6591 -0.6039
vn 0.7370 -0.4722 -0.4837
vn 0.4422 -0.6117 -0.6560
vn 0.1841 -0.6736 -0.7158
vn 0.0399 -0.9454 -0.3235
vn 0.0218 -0.9860 0.1656
vn 0.0547 -0.7975 0.6008
vn -0.7701 -0.5986 -0.2206
vn -0.7938 -0.6009 0.0936
vn -0.7434 -0.5420 0.3919
vn 0.7372 -0.3394 0.5842
vn 0.4698 -0.4170 0.7781
vn 0.2368 -0.4546 0.8587
vn -0.0116 -0.5096 0.8603
vn -0.1795 -0.5241 0.8325
vn -0.4119 -0.5061 0.7577
vn 0.9210 -0.2931 0.2568
vn 0.9439 -0.3203 0.0803
vn 0.9351 -0.3396 -0.1012
vn -0.7310 -0.3879 -0.5614
vn -0.7276 -0.3507 -0.5895
vn -0.6554 -0.4993 -0.5667
vn 0.8723 -0.2189 0.4372
vn 0.8831 -0.2096 0.4197
vn 0.8887 -0.2069 0.4092
vn 0.9129 -0.2771 -0.2996
vn 0.9174 -0.2860 -0.2769
vn 0.9070 -0.3650 -0.2101
vn -0.5943 -0.3295 0.7337
vn -0.6841 -0.2507 0.6850
vn -0.6896 -0.3054 0.6566
vn 0.1174 -0.2283 0.9665
vn 0.1102 -0.1117 0.9876
vn 0.1099 -0.0919 0.9897
vn 0.8050 -0.2487 0.5386
vn 0.8555 -0.1888 0.4822
vn 0.8767 -0.1599 0.4537
vn 0.0066 -0.6603 -0.7510
vn -0.1950 -0.5922 -0.7818
vn -0.4174 -0.5245 -0.7421
vn 0.8403 -0.4961 0.2185
vn 0.7529 -0.5432 0.3716
vn 0.6026 -0.5503 0.5780
vn 0.0689 -0.2780 0.9581
vn -0.1033 -0.1851 0.9773
vn -0.2750 -0.1464 0.9502
vn -0.9745 -0.2201 0.0439
vn -0.9522 -0.2713 -0.1402
vn -0.8531 -0.3442 -0.3920
vn 0.1955 -0.4779 -0.8564
vn -0.0163 -0.4702 -0.8824
vn -0.2230 -0.4356 -0.8721
vn 0.7121 -0.6822 0.1655
vn 0.6759 -0.6125 0.4098
vn 0.5430 -0.4694 0.6963
vn 0.1722 -0.3642 0.9153
vn -0.0374 -0.3860 0.9217
vn -0.2399 -0.3785 0.8939
vn -0.7160 -0.6910 -0.0996
vn -0.6803 -0.6498 -0.3389
vn -0.5651 -0.5320 -0.6306
vn -0.4885 -0.0972 0.8672
vn -0.4759 -0.1186 0.8714
vn -0.4570 -0.2032 0.8659
vn 0.4020 -0.1826 0.8972
vn 0.4220 -0.1264 0.8978
vn 0.4218 -0.1907 0.8864
vn 0.4315 -0.3692 -0.8231
vn 0.4410 -0.2588 -0.8594
vn 0.4311 -0.3128 -0.8463
vn -0.4456 -0.2370 -0.8633
vn -0.4839 -0.1759 -0.8573
vn -0.5592 -0.2317 -0.7960
vn -0.5084 -0.2003 0.8375
vn -0.5545 -0.2481 0.7944
vn -0.6207 -0.3073 0.7213
vn 0.5457 -0.6066 -0.5782
vn 0.6498 -0.7051 -0.2837
vn 0.6867 -0.7243 -0.0625
vn -0.5656 -0.4953 0.6594
vn -0.6772 -0.6279 0.3836
vn -0.7142 -0.6838 0.1491
vn 0.6267 -0.7145 -0.3110
vn 0.7795 -0.6246 -0.0471
vn 0.8441 -0.5212 0.1260
vn -0.7329 -0.1420 0.6653
vn -0.8926 -0.1453 0.4267
vn -0.9565 -0.1558 0.2466
vn -0.9217 -0.3861 0.0369
vn -0.9804 -0.1891 0.0544
vn -0.9875 -0.1310 0.0878
vn 0.3493 -0.9367 0.0223
vn -0.0124 -0.9999 0.0116
vn -0.3707 -0.9287 0.0145
vn 0.9519 -0.2789 0.1268
vn 0.9583 -0.2690 0.0963
vn 0.9040 -0.4215 0.0713
vn -0.9324 -0.2746 0.2352
vn -0.8694 -0.3434 0.3552
vn -0.7785 -0.3789 0.5004
vn -0.1779 -0.9839 -0.0196
vn -0.0675 -0.9931 0.0962
vn -0.0155 -0.9914 0.1298
vn 0.0503 -0.9987 -0.0000
vn 0.0211 -0.9998 -0.0000
vn 0.0062 -1.0000 -0.0000
vn -0.0965 -0.4675 0.8787
vn -0.0521 -0.5146 0.8559
vn -0.0237 -0.5774 0.8161
vn 0.0126 -0.9353 0.3535
vn 0.0088 -0.8856 0.4644
vn 0.0056 -0.7783 0.6279
vn -0.0006 -0.9999 0.0102
vn 0.0004 -0.9994 0.0337
vn 0.0029 -0.9972 0.0743
vn 0.0138 -0.9811 0.1930
vn 0.0187 -0.9686 0.2478
vn 0.0192 -0.9577 0.2870
vn 0.0453 -0.9448 0.3246
vn 0.1092 -0.9193 0.3781
vn 0.2246 -0.8160 0.5326
vn -0.1634 -0.8654 0.4736
vn -0.0609 -0.9322 0.3569
vn -0.0092 -0.9487 0.3161
vn -0.5922 0.7262 -0.3492
vn -0.6722 0.6555 -0.3441
vn -0.7468 0.6004 -0.2863
vn -0.5224 0.4552 0.7210
vn -0.7340 0.3622 0.5745
vn -0.8393 0.3122 0.4450
vn -0.8734 0.4824 -0.0673
vn -0.8998 0.4327 0.0560
vn -0.9037 0.3869 0.1832
vn -0.9561 0.2931 -0.0000
vn -0.8993 0.4374 -0.0000
vn -0.6355 0.7721 -0.0000
vn -0.8959 -0.1695 0.4106
vn -0.8057 -0.1825 0.5635
vn -0.6340 -0.2271 0.7393
vn -0.3018 0.9063 0.2957
vn -0.2751 0.7950 0.5406
vn -0.2829 0.6248 0.7277
vn -0.2675 0.2961 0.9170
vn -0.2799 0.0806 0.9566
vn -0.3890 -0.1119 0.9144
vn 0.2555 0.9668 -0.0000
vn -0.3137 0.9495 -0.0000
vn -0.8291 0.5591 -0.0000
vn -0.6453 -0.4529 0.6152
vn -0.6993 -0.5486 0.4583
vn -0.7411 -0.6209 0.2556
vn 0.5230 0.8080 0.2714
vn 0.4350 0.7470 0.5028
vn 0.2986 0.6457 0.7028
vn -0.1314 0.2535 0.9584
vn -0.3312 0.0188 0.9434
vn -0.4751 -0.1790 0.8615
vn -0.3131 0.4712 0.8246
vn -0.2764 0.4895 0.8270
vn -0.1494 0.5068 0.8490
vn -0.5939 -0.3578 0.7206
vn -0.5880 -0.3714 0.7185
vn -0.5584 -0.3542 0.7502
vn -0.2342 0.9722 -0.0000
vn -0.0812 0.9967 -0.0000
vn 0.2223 0.9750 -0.0000
vn -0.7408 -0.3352 0.5821
vn -0.8470 -0.3743 0.3775
vn -0.9023 -0.3886 0.1866
vn 0.8811 0.4410 0.1709
vn 0.8423 0.4067 0.3539
vn 0.7475 0.3492 0.5650
vn 0.2691 0.1361 0.9534
vn -0.0337 0.0011 0.9994
vn -0.3158 -0.1335 0.9394
vn 0.3441 0.3994 0.8498
vn 0.4758 0.3219 0.8186
vn 0.5333 0.2753 0.7999
vn -0.5436 -0.2756 0.7928
vn -0.5372 -0.2938 0.7906
vn -0.5488 -0.3118 0.7756
vn -0.8986 -0.4389 -0.0000
vn -0.8657 -0.5005 -0.0000
vn -0.8181 -0.5750 -0.0000
vn 0.7584 0.6518 -0.0000
vn 0.8429 0.5380 -0.0000
vn 0.8783 0.4780 -0.0000
vn -0.7682 0.0353 0.6392
vn -0.8948 0.0595 0.4426
vn -0.9715 0.0795 0.2235
vn 0.5960 0.7806 0.1883
vn 0.5578 0.7261 0.4019
vn 0.4798 0.6195 0.6213
vn 0.1283 0.4345 0.8915
vn -0.1732 0.3159 0.9328
vn -0.4434 0.1584 0.8822
vn 0.5494 0.2715 0.7902
vn 0.5212 0.3168 0.7925
vn 0.4645 0.3917 0.7942
vn -0.6226 -0.0953 0.7767
vn -0.6075 -0.1732 0.7752
vn -0.5850 -0.2231 0.7797
vn -0.9849 -0.1732 -0.0000
vn -0.9579 -0.2871 -0.0000
vn -0.9374 -0.3483 -0.0000
vn 0.8866 0.4625 -0.0000
vn 0.8572 0.5150 -0.0000
vn 0.7817 0.6237 -0.0000
vn -0.7522 -0.5750 -0.3218
vn -0.7384 -0.5228 -0.4259
vn -0.7148 -0.4678 -0.5199
vn -0.5964 0.3183 -0.7369
vn -0.5822 0.4169 -0.6980
vn -0.5607 0.5071 -0.6546
vn 0.7869 0.0940 -0.6099
vn 0.7897 -0.0024 -0.6135
vn 0.7833 -0.0997 -0.6136
vn 0.6888 0.4529 -0.5661
vn 0.7221 0.3780 -0.5794
vn 0.7514 0.2928 -0.5914
vn 0.7650 0.5310 -0.3644
vn 0.7292 0.5274 -0.4361
vn 0.6928 0.5231 -0.4963
vn 0.7382 -0.3017 -0.6033
vn 0.7071 -0.3796 -0.5965
vn 0.6843 -0.4234 -0.5936
vn 0.4369 -0.4718 -0.7659
vn 0.4746 -0.4533 -0.7545
vn 0.5552 -0.4180 -0.7190
vn -0.2445 0.6733 -0.6977
vn -0.3531 0.6478 -0.6751
vn -0.4533 0.6164 -0.6439
vn -0.6013 -0.0965 -0.7932
vn -0.6052 0.0061 -0.7961
vn -0.6069 0.1070 -0.7876
vn -0.6147 0.7580 -0.2181
vn -0.6069 0.7836 -0.1328
vn -0.5955 0.8011 -0.0598
vn 0.8017 -0.5881 -0.1072
vn 0.7839 -0.6190 -0.0490
vn 0.7772 -0.6289 -0.0230
vn -0.6031 -0.4228 -0.6764
vn -0.5902 -0.3831 -0.7106
vn -0.5902 -0.3077 -0.7463
vn -0.6637 -0.4700 -0.5820
vn -0.7268 -0.5904 -0.3511
vn -0.7422 -0.6529 -0.1514
vn -0.9343 0.2469 -0.2572
vn -0.9449 0.2724 -0.1814
vn -0.9515 0.2930 -0.0939
vn -0.1977 -0.1566 -0.9677
vn -0.3104 -0.1729 -0.9347
vn -0.4472 -0.1916 -0.8737
vn -0.2010 0.1578 -0.9668
vn -0.3150 0.1755 -0.9327
vn -0.4540 0.1960 -0.8692
vn 0.9475 -0.1585 -0.2777
vn 0.9147 -0.1744 -0.3645
vn 0.8610 -0.1909 -0.4714
vn 0.9479 0.1582 -0.2766
vn 0.9165 0.1726 -0.3610
vn 0.8656 0.1861 -0.4649
vn -0.4991 -0.3817 -0.7779
vn -0.3753 -0.3922 -0.8398
vn -0.2667 -0.4083 -0.8730
vn 0.0241 -0.5879 -0.8085
vn 0.0390 -0.5415 -0.8398
vn 0.0645 -0.5148 -0.8549
vn 0.4367 0.1736 -0.8827
vn 0.1591 0.1555 -0.9749
vn -0.0948 0.2619 -0.9604
vn -0.0693 0.6743 -0.7352
vn -0.0402 0.7008 -0.7122
vn -0.0665 0.7017 -0.7094
vn 0.2763 -0.1616 -0.9474
vn 0.2007 -0.1518 -0.9678
vn 0.1207 -0.1445 -0.9821
vn 0.0180 -0.1411 -0.9898
vn -0.0147 -0.1422 -0.9897
vn -0.0532 -0.1431 -0.9883
vn 0.2579 0.1714 -0.9509
vn 0.1899 0.1666 -0.9676
vn 0.1199 0.1600 -0.9798
vn 0.0237 0.1466 -0.9889
vn -0.0122 0.1424 -0.9897
vn -0.0544 0.1417 -0.9884
vn 0.0650 -0.2118 -0.9751
vn 0.0768 -0.2826 -0.9562
vn 0.0965 -0.3716 -0.9234
vn -0.1212 -0.2164 -0.9688
vn -0.1363 -0.2767 -0.9512
vn -0.1566 -0.3418 -0.9266
vn -0.2505 0.9501 -0.1860
vn -0.2623 0.9044 -0.3365
vn -0.2865 0.8032 -0.5224
vn -0.1167 0.9483 -0.2950
vn -0.1248 0.9038 -0.4094
vn -0.1340 0.8236 -0.5511
vn 0.0509 -0.6282 -0.7764
vn -0.0861 -0.6233 -0.7773
vn -0.1529 -0.5410 -0.8270
vn -0.0318 -0.7382 -0.6739
vn 0.0876 -0.7464 -0.6597
vn 0.1227 -0.6524 -0.7478
vn -0.0219 0.4033 -0.9148
vn 0.0475 0.3185 -0.9467
vn 0.0649 0.2372 -0.9693
vn -0.1394 0.5253 -0.8394
vn -0.1323 0.3691 -0.9199
vn -0.1229 0.2430 -0.9622
vn 0.0609 0.0731 -0.9955
vn 0.0586 0.0007 -0.9983
vn 0.0579 -0.0694 -0.9959
vn -0.1092 0.0686 -0.9916
vn -0.1068 -0.0022 -0.9943
vn -0.1075 -0.0730 -0.9915
vn -0.6516 -0.7577 -0.0360
vn -0.6783 -0.7330 -0.0519
vn -0.7181 -0.6899 -0.0912
vn 0.8263 0.5631 -0.0128
vn 0.8289 0.5556 -0.0654
vn 0.8224 0.5467 -0.1574
vn -0.5632 0.6234 -0.5424
vn -0.5864 0.6602 -0.4693
vn -0.6028 0.6944 -0.3930
vn 0.7567 -0.4546 -0.4698
vn 0.7732 -0.4823 -0.4118
vn 0.7989 -0.5043 -0.3277
vn -0.7288 -0.2091 -0.6520
vn -0.8245 -0.2011 -0.5289
vn -0.8816 -0.1875 -0.4332
vn -0.7385 0.2197 -0.6374
vn -0.8348 0.2184 -0.5054
vn -0.8920 0.2173 -0.3965
vn 0.9912 -0.1313 -0.0190
vn 0.9893 -0.1332 -0.0596
vn 0.9829 -0.1377 -0.1219
vn 0.9913 0.1306 -0.0190
vn 0.9894 0.1325 -0.0597
vn 0.9830 0.1373 -0.1221
vn 0.0503 0.9987 0.0043
vn 0.0268 0.9992 0.0311
vn -0.0389 0.9968 0.0696
vn -0.1057 0.9942 -0.0190
vn -0.1067 0.9924 -0.0611
vn -0.1083 0.9862 -0.1249
vn -0.1421 -0.9895 0.0252
vn -0.1151 -0.9876 0.1065
vn -0.0175 -0.9587 0.2837
vn 0.0925 -0.9956 0.0115
vn 0.0589 -0.9963 0.0624
vn -0.0561 -0.9817 0.1818
vn 0.0297 -0.9931 -0.1134
vn 0.0820 -0.9950 -0.0569
vn 0.1856 -0.9752 0.1210
vn -0.6899 -0.6442 0.3303
vn -0.6783 -0.7302 0.0823
vn -0.6940 -0.7152 -0.0830
vn -0.0538 0.9795 -0.1943
vn -0.0348 0.9830 -0.1803
vn -0.0641 0.9894 -0.1301
vn 0.6412 0.7589 -0.1139
vn 0.6310 0.7422 -0.2260
vn 0.7004 0.6630 -0.2642
vn 0.9798 0.0703 -0.1870
vn 0.9830 -0.0000 -0.1836
vn 0.9798 -0.0703 -0.1871
vn -0.7389 0.5903 -0.3248
vn -0.8322 0.4496 -0.3246
vn -0.8905 0.3252 -0.3183
vn -0.8787 -0.3029 -0.3691
vn -0.8450 -0.4184 -0.3330
vn -0.8046 -0.5254 -0.2766
vn -0.9314 0.1400 -0.3360
vn -0.9323 0.0492 -0.3582
vn -0.9247 -0.0538 -0.3768
vn -0.4686 0.8384 -0.2785
vn -0.3266 0.9128 -0.2452
vn -0.2046 0.9541 -0.2185
vn 0.1224 -0.7114 0.6921
vn -0.0027 -0.7310 0.6823
vn -0.1822 -0.7753 0.6047
vn 0.8743 0.4133 -0.2545
vn 0.9202 0.3131 -0.2349
vn 0.9501 0.2266 -0.2144
vn 0.9504 -0.2272 -0.2126
vn 0.9218 -0.3147 -0.2263
vn 0.8795 -0.4168 -0.2295
vn 0.1987 -0.4995 -0.8432
vn 0.2909 -0.4973 -0.8173
vn 0.3697 -0.4910 -0.7888
vn 0.6153 0.5322 -0.5815
vn 0.6167 0.5091 -0.6004
vn 0.6567 0.4236 -0.6239
vn 0.6261 -0.2050 -0.7523
vn 0.4804 -0.1966 -0.8547
vn 0.3737 -0.1839 -0.9091
vn 0.6343 0.1962 -0.7478
vn 0.4821 0.1903 -0.8552
vn 0.3663 0.1822 -0.9125
vn -0.1325 0.9142 0.3830
vn 0.0797 0.8517 0.5179
vn 0.3719 0.8140 0.4462
vn 0.7270 -0.6060 0.3227
vn 0.5005 -0.6721 0.5457
vn 0.2916 -0.6894 0.6631
vn 0.2716 -0.9622 0.0201
vn 0.2674 -0.9553 0.1259
vn 0.2494 -0.8952 0.3693
vn 0.2722 0.9618 0.0287
vn 0.3103 0.9476 0.0755
vn 0.4279 0.8944 0.1300
vn 0.2974 0.0842 -0.9510
vn 0.2969 -0.0001 -0.9549
vn 0.3043 -0.0835 -0.9489
vn 0.4903 0.3414 -0.8019
vn 0.3777 0.3293 -0.8654
vn 0.3262 0.2650 -0.9074
vn 0.8770 0.4614 -0.1338
vn 0.8952 0.3160 -0.3143
vn 0.8424 0.2636 -0.4700
vn 0.3480 -0.2601 -0.9007
vn 0.3784 -0.3390 -0.8613
vn 0.4037 -0.4113 -0.8172
vn 0.2527 -0.3439 -0.9044
vn 0.3478 -0.4916 -0.7984
vn 0.3992 -0.5289 -0.7489
vn 0.6554 0.1166 -0.7462
vn 0.4047 0.2323 -0.8845
vn -0.0545 0.4194 -0.9062
vn -0.5618 0.8240 0.0736
vn -0.6056 0.7727 -0.1900
vn -0.5784 0.6667 -0.4701
vn -0.1173 0.9051 0.4088
vn 0.3169 0.8325 0.4544
vn 0.6422 0.6668 0.3781
vn 0.9205 0.3906 -0.0070
vn 0.9296 0.2632 -0.2581
vn 0.8733 0.1505 -0.4634
vn -0.8206 0.3267 -0.4689
vn -0.7445 0.3320 -0.5792
vn -0.6431 0.3916 -0.6581
vn -0.7666 0.5848 0.2653
vn -0.6611 0.7001 0.2698
vn -0.4693 0.8562 0.2160
vn 0.7897 0.5338 0.3023
vn 0.8188 0.4584 0.3457
vn 0.8349 0.4450 0.3239
vn 0.7749 -0.0024 -0.6321
vn 0.7609 0.0041 -0.6489
vn 0.7444 0.0809 -0.6628
vn 0.1239 -0.4550 0.8818
vn 0.0955 -0.3614 0.9275
vn 0.0907 -0.4431 0.8919
vn -0.5979 -0.7970 0.0854
vn -0.6421 -0.7485 -0.1659
vn -0.5697 -0.7008 -0.4293
vn 0.5411 -0.2588 -0.8002
vn 0.3381 -0.1853 -0.9227
vn 0.2173 -0.1611 -0.9627
vn 0.0938 -0.2095 -0.9733
vn -0.0023 -0.2729 -0.9620
vn -0.1440 -0.3957 -0.9070
vn 0.7292 -0.6600 -0.1807
vn 0.6927 -0.7089 -0.1330
vn 0.7523 -0.6567 -0.0531
vn 0.8463 -0.3799 -0.3735
vn 0.8848 -0.3998 -0.2395
vn 0.8923 -0.4393 -0.1042
vn -0.0044 -0.7148 0.6993
vn -0.1842 -0.7160 0.6734
vn -0.4483 -0.6591 0.6039
vn 0.7370 -0.4722 0.4837
vn 0.4422 -0.6117 0.6560
vn 0.1841 -0.6736 0.7158
vn 0.0399 -0.9454 0.3235
vn 0.0218 -0.9860 -0.1656
vn 0.0547 -0.7975 -0.6008
vn -0.7701 -0.5986 0.2206
vn -0.7938 -0.6009 -0.0936
vn -0.7434 -0.5420 -0.3919
vn 0.7372 -0.3394 -0.5842
vn 0.4698 -0.4170 -0.7781
vn 0.2368 -0.4546 -0.8587
vn -0.0116 -0.5096 -0.8603
vn -0.1795 -0.5241 -0.8325
vn -0.4119 -0.5061 -0.7577
vn 0.9210 -0.2931 -0.2568
vn 0.9439 -0.3203 -0.0803
vn 0.9351 -0.3396 0.1012
vn -0.7310 -0.3879 0.5614
vn -0.7276 -0.3507 0.5895
vn -0.6554 -0.4993 0.5667
vn 0.8723 -0.2189 -0.4372
vn 0.8831 -0.2096 -0.4197
vn 0.8887 -0.2069 -0.4092
vn 0.9129 -0.2771 0.2996
vn 0.9174 -0.2860 0.2769
vn 0.9070 -0.3650 0.2101
vn -0.5943 -0.3295 -0.7337
vn -0.6841 -0.2507 -0.6850
vn -0.6896 -0.3054 -0.6566
vn 0.1174 -0.2283 -0.9665
vn 0.1102 -0.1117 -0.9876
vn 0.1099 -0.0919 -0.9897
vn 0.8050 -0.2487 -0.5386
vn 0.8555 -0.1888 -0.4822
vn 0.8767 -0.1599 -0.4537
vn 0.0066 -0.6603 0.7510
vn -0.1950 -0.5922 0.7818
vn -0.4174 -0.5245 0.7421
vn 0.8403 -0.4961 -0.2185
vn 0.7529 -0.5432 -0.3716
vn 0.6026 -0.5503 -0.5780
vn 0.0689 -0.2780 -0.9581
vn -0.1033 -0.1851 -0.9773
vn -0.2750 -0.1464 -0.9502
vn -0.9745 -0.2201 -0.0439
vn -0.9522 -0.2713 0.1402
vn -0.8531 -0.3442 0.3920
vn 0.1955 -0.4779 0.8564
vn -0.0163 -0.4702 0.8824
vn -0.2230 -0.4356 0.8721
vn 0.7121 -0.6822 -0.1655
vn 0.6759 -0.6125 -0.4098
vn 0.5430 -0.4694 -0.6963
vn 0.1722 -0.3642 -0.9153
vn -0.0374 -0.3860 -0.9217
vn -0.2399 -0.3785 -0.8939
vn -0.7160 -0.6910 0.0996
vn -0.6803 -0.6498 0.3389
vn -0.5651 -0.5320 0.6306
vn -0.4885 -0.0972 -0.8672
vn -0.4759 -0.1186 -0.8714
vn -0.4570 -0.2032 -0.8659
vn 0.4020 -0.1826 -0.8972
vn 0.4220 -0.1264 -0.8978
vn 0.4218 -0.1907 -0.8864
vn 0.4315 -0.3692 0.8231
vn 0.4410 -0.2588 0.8594
vn 0.4311 -0.3128 0.8463
vn -0.4456 -0.2370 0.8633
vn -0.4839 -0.1759 0.8573
vn -0.5592 -0.2317 0.7960
vn -0.5084 -0.2003 -0.8375
vn -0.5545 -0.2481 -0.7944
vn -0.6207 -0.3073 -0.7213
vn 0.5457 -0.6066 0.5782
vn 0.6498 -0.7051 0.2837
vn 0.6867 -0.7243 0.0625
vn -0.5656 -0.4953 -0.6593
vn -0.6772 -0.6279 -0.3836
vn -0.7142 -0.6838 -0.1491
vn 0.6267 -0.7145 0.3110
vn 0.7795 -0.6246 0.0471
vn 0.8441 -0.5212 -0.1260
vn -0.7329 -0.1420 -0.6653
vn -0.8926 -0.1453 -0.4267
vn -0.9565 -0.1558 -0.2466
vn -0.9217 -0.3861 -0.0369
vn -0.9804 -0.1891 -0.0544
vn -0.9875 -0.1310 -0.0878
vn 0.3493 -0.9367 -0.0223
vn -0.0124 -0.9999 -0.0116
vn -0.3707 -0.9287 -0.0145
vn 0.9519 -0.2789 -0.1268
vn 0.9583 -0.2690 -0.0963
vn 0.9040 -0.4215 -0.0713
vn -0.9324 -0.2746 -0.2352
vn -0.8694 -0.3434 -0.3552
vn -0.7785 -0.3789 -0.5004
vn -0.1779 -0.9839 0.0196
vn -0.0675 -0.9931 -0.0962
vn -0.0155 -0.9914 -0.1298
vn -0.0965 -0.4675 -0.8787
vn -0.0521 -0.5146 -0.8559
vn -0.0236 -0.5774 -0.8161
vn 0.0126 -0.9353 -0.3535
vn 0.0088 -0.8856 -0.4644
vn 0.0056 -0.7783 -0.6279
vn -0.0006 -0.9999 -0.0102
vn 0.0004 -0.9994 -0.0337
vn 0.0029 -0.9972 -0.0743
vn 0.0138 -0.9811 -0.1930
vn 0.0187 -0.9686 -0.2478
vn 0.0192 -0.9577 -0.2870
vn 0.0453 -0.9448 -0.3246
vn 0.1092 -0.9193 -0.3781
vn 0.2246 -0.8160 -0.5326
vn -0.1634 -0.8654 -0.4736
vn -0.0609 -0.9322 -0.3569
vn -0.0092 -0.9487 -0.3161
vn -0.5922 0.7262 0.3492
vn -0.6722 0.6555 0.3441
vn -0.7468 0.6004 0.2863
vn -0.5224 0.4552 -0.7210
vn -0.7340 0.3622 -0.5745
vn -0.8393 0.3122 -0.4450
vn -0.8734 0.4824 0.0673
vn -0.8998 0.4327 -0.0560
vn -0.9037 0.3869 -0.1832
vn -0.8959 -0.1695 -0.4106
vn -0.8057 -0.1825 -0.5635
vn -0.6340 -0.2271 -0.7393
vn -0.3018 0.9063 -0.2957
vn -0.2751 0.7950 -0.5406
vn -0.2829 0.6248 -0.7277
vn -0.2675 0.2961 -0.9170
vn -0.2799 0.0806 -0.9566
vn -0.3890 -0.1119 -0.9144
vn -0.6453 -0.4529 -0.6152
vn -0.6993 -0.5486 -0.4583
vn -0.7411 -0.6209 -0.2556
vn 0.5230 0.8080 -0.2714
vn 0.4350 0.7470 -0.5028
vn 0.2986 0.6457 -0.7028
vn -0.1314 0.2535 -0.9584
vn -0.3312 0.0188 -0.9434
vn -0.4751 -0.1790 -0.8615
vn -0.3131 0.4712 -0.8246
vn -0.2764 0.4895 -0.8270
vn -0.1494 0.5068 -0.8490
vn -0.5939 -0.3578 -0.7206
vn -0.5880 -0.3715 -0.7185
vn -0.5584 -0.3542 -0.7502
vn -0.7408 -0.3352 -0.5821
vn -0.8470 -0.3743 -0.3775
vn -0.9023 -0.3886 -0.1866
vn 0.8811 0.4410 -0.1709
vn 0.8423 0.4067 -0.3539
vn 0.7475 0.3492 -0.5650
vn 0.2692 0.1361 -0.9534
vn -0.0337 0.0011 -0.9994
vn -0.3158 -0.1335 -0.9394
vn 0.3441 0.3994 -0.8498
vn 0.4758 0.3219 -0.8186
vn 0.5333 0.2753 -0.7999
vn -0.5436 -0.2756 -0.7928
vn -0.5372 -0.2938 -0.7906
vn -0.5488 -0.3118 -0.7756
vn -0.7682 0.0353 -0.6392
vn -0.8948 0.0595 -0.4426
vn -0.9715 0.0795 -0.2235
vn 0.5960 0.7806 -0.1883
vn 0.5578 0.7261 -0.4019
vn 0.4798 0.6195 -0.6213
vn 0.1283 0.4345 -0.8915
vn -0.1732 0.3159 -0.9328
vn -0.4434 0.1584 -0.8822
vn 0.5494 0.2715 -0.7902
vn 0.5212 0.3168 -0.7925
vn 0.4645 0.3917 -0.7942
vn -0.6226 -0.0953 -0.7767
vn -0.6075 -0.1732 -0.7752
vn -0.5850 -0.2231 -0.7797
vn 0.8489 -0.4102 0.3334
vn 0.8898 -0.3256 0.3199
vn 0.9231 -0.2429 0.2981
vn 0.8065 -0.4166 0.4195
vn 0.8460 -0.3453 0.4062
vn 0.8845 -0.2644 0.3844
vn 0.7601 -0.4220 0.4941
vn 0.7886 -0.3663 0.4939
vn 0.8278 -0.2865 0.4824
vn -0.1896 -0.0768 0.9789
vn -0.1878 -0.0010 0.9822
vn -0.1917 0.0749 0.9786
vn -0.3008 -0.0836 0.9500
vn -0.2988 0.0006 0.9543
vn -0.3038 0.0846 0.9490
vn -0.4417 -0.0914 0.8925
vn -0.4416 0.0030 0.8972
vn -0.4462 0.0965 0.8897
vn 0.9234 0.2434 0.2967
vn 0.8880 0.3295 0.3209
vn 0.8379 0.4230 0.3450
vn 0.8880 0.2623 0.3777
vn 0.8497 0.3472 0.3968
vn 0.7990 0.4340 0.4163
vn 0.8365 0.2798 0.4712
vn 0.7998 0.3629 0.4781
vn 0.7563 0.4410 0.4832
vn -0.2147 0.2566 0.9424
vn -0.2295 0.3779 0.8970
vn -0.2409 0.5219 0.8183
vn -0.3296 0.2769 0.9026
vn -0.3427 0.3900 0.8546
vn -0.3502 0.5167 0.7813
vn -0.4617 0.2995 0.8350
vn -0.4649 0.4029 0.7884
vn -0.4586 0.5075 0.7295
vn 0.9643 -0.2208 0.1463
vn 0.9496 -0.3131 0.0167
vn 0.9427 -0.2849 0.1735
vn 0.9102 -0.2726 0.3120
vn 0.9385 -0.2091 0.2748
vn 0.9409 -0.1986 0.2744
vn 0.9446 -0.2046 0.2566
vn 0.9480 -0.2058 0.2427
vn 0.9710 -0.2160 0.1025
vn 0.9702 -0.2351 -0.0586
vn 0.9694 -0.2435 -0.0304
vn -0.2161 0.9247 0.3135
vn -0.3393 0.8773 0.3394
vn -0.4739 0.7998 0.3683
vn -0.2288 0.8762 0.4242
vn -0.3492 0.8277 0.4393
vn -0.4736 0.7549 0.4538
vn -0.2396 0.7965 0.5552
vn -0.3534 0.7551 0.5522
vn -0.4637 0.7003 0.5428
vn -0.2575 -0.3507 0.9004
vn -0.2345 -0.2954 0.9261
vn -0.2130 -0.2325 0.9490
vn -0.3724 -0.3704 0.8510
vn -0.3512 -0.3248 0.8782
vn -0.3279 -0.2578 0.9089
vn -0.4916 -0.3956 0.7758
vn -0.4743 -0.3569 0.8048
vn -0.4582 -0.2859 0.8416
vn -0.7932 0.3049 0.5272
vn -0.9123 -0.0254 0.4086
vn -0.9252 0.0958 0.3671
vn -0.9338 0.1852 0.3063
vn -0.9429 0.2414 0.2295
vn -0.9529 0.2804 0.1153
vn -0.8707 0.4405 0.2189
vn -0.5511 0.7610 0.3423
vn -0.4529 0.6537 0.6062
vn -0.3609 0.4586 0.8120
vn -0.3807 0.2154 0.8993
vn -0.4827 -0.0062 0.8758
vn -0.7699 0.0282 0.6375
vn -0.8183 -0.5197 0.2456
vn -0.8029 -0.5659 0.1873
vn -0.8491 -0.4491 0.2780
vn -0.8767 -0.3192 0.3600
vn -0.8216 -0.3660 0.4370
vn -0.7287 -0.4174 0.5429
vn -0.7715 -0.5483 0.3228
vn -0.7780 -0.6148 0.1296
vn -0.7932 -0.6002 0.1031
vn -0.7592 -0.6474 0.0677
vn -0.7824 -0.6094 0.1281
vn -0.9094 0.3362 0.2450
vn -0.8525 0.4619 0.2446
vn -0.7536 0.6124 0.2390
vn -0.9199 0.3538 0.1692
vn -0.8611 0.4809 0.1651
vn -0.7555 0.6366 0.1550
vn -0.9242 0.3717 0.0880
vn -0.8616 0.5005 0.0842
vn -0.7498 0.6573 0.0754
vn 0.9614 -0.0766 0.2644
vn 0.9656 -0.0001 0.2599
vn 0.9615 0.0763 0.2639
vn 0.9323 -0.0845 0.3517
vn 0.9379 -0.0005 0.3470
vn 0.9330 0.0833 0.3502
vn 0.8810 -0.0930 0.4639
vn 0.8877 -0.0013 0.4605
vn 0.8829 0.0899 0.4610
vn 0.3560 -0.4028 0.8432
vn 0.3295 -0.3240 0.8868
vn 0.3004 -0.2454 0.9217
vn 0.2710 -0.3919 0.8792
vn 0.2435 -0.3078 0.9198
vn 0.2187 -0.2309 0.9481
vn 0.1752 -0.3795 0.9084
vn 0.1501 -0.2926 0.9444
vn 0.1317 -0.2188 0.9668
vn -0.0131 -0.2917 0.9564
vn 0.0452 -0.3734 0.9266
vn 0.0268 -0.2805 0.9595
vn 0.0195 -0.2106 0.9774
vn -0.0152 -0.2116 0.9772
vn -0.0567 -0.2112 0.9758
vn -0.0643 -0.2728 0.9599
vn -0.0822 -0.3488 0.9336
vn -0.0364 -0.3772 0.9254
vn -0.0034 -0.4457 0.8952
vn 0.0171 -0.3911 0.9202
vn -0.5254 0.8469 0.0817
vn -0.5347 0.8052 0.2564
vn -0.5773 0.6897 0.4370
vn -0.7410 0.6715 -0.0058
vn -0.7620 0.6292 0.1533
vn -0.7860 0.5370 0.3064
vn -0.8500 0.5236 -0.0573
vn -0.8742 0.4790 0.0795
vn -0.8842 0.4152 0.2139
vn -0.0842 0.9647 0.2495
vn -0.0401 0.9612 0.2730
vn -0.0553 0.9573 0.2836
vn -0.0936 0.9235 0.3720
vn -0.0435 0.9212 0.3867
vn -0.0585 0.9159 0.3971
vn -0.0953 0.8409 0.5328
vn -0.0454 0.8431 0.5358
vn -0.0632 0.8375 0.5427
vn -0.7444 -0.6292 0.2236
vn -0.7789 -0.6234 0.0693
vn -0.8365 -0.5267 -0.1512
vn -0.7667 -0.5448 0.3398
vn -0.8301 -0.5178 0.2069
vn -0.9064 -0.4211 0.0330
vn -0.7760 -0.4631 0.4282
vn -0.8532 -0.4256 0.3015
vn -0.9263 -0.3391 0.1641
vn 0.2369 -0.9430 0.2336
vn 0.3599 -0.9327 -0.0229
vn 0.1554 -0.9799 0.1249
vn 0.0534 -0.9833 0.1739
vn 0.0688 -0.9679 0.2418
vn 0.0625 -0.9530 0.2965
vn 0.1685 -0.9286 0.3306
vn 0.3658 -0.8253 0.4302
vn 0.4865 -0.8152 0.3141
vn 0.6501 -0.7309 0.2080
vn 0.4928 -0.8624 0.1155
vn 0.2711 0.2522 0.9289
vn 0.3025 0.2987 0.9051
vn 0.3660 0.2838 0.8863
vn 0.1953 0.2429 0.9502
vn 0.1982 0.2831 0.9384
vn 0.1894 0.2591 0.9471
vn 0.1206 0.2380 0.9637
vn 0.1036 0.2914 0.9510
vn 0.0383 0.3060 0.9513
vn 0.0246 0.2371 0.9712
vn 0.0152 0.3447 0.9386
vn -0.0190 0.4811 0.8765
vn -0.0121 0.2365 0.9715
vn -0.0163 0.3592 0.9331
vn -0.0274 0.5187 0.8545
vn -0.0572 0.2371 0.9698
vn -0.0611 0.3646 0.9292
vn -0.0652 0.5267 0.8476
vn 0.2609 -0.0779 0.9622
vn 0.2539 0.0016 0.9672
vn 0.2532 0.0831 0.9638
vn 0.1903 -0.0730 0.9790
vn 0.1860 0.0028 0.9825
vn 0.1862 0.0813 0.9791
vn 0.1155 -0.0699 0.9908
vn 0.1143 0.0025 0.9934
vn 0.1160 0.0777 0.9902
vn 0.0182 -0.0706 0.9973
vn 0.0193 -0.0016 0.9998
vn 0.0211 0.0689 0.9974
vn -0.0140 -0.0718 0.9973
vn -0.0135 -0.0032 0.9999
vn -0.0130 0.0662 0.9977
vn -0.0516 -0.0721 0.9961
vn -0.0516 -0.0032 0.9987
vn -0.0526 0.0659 0.9964
vn -0.0802 -0.9967 -0.0125
vn -0.0367 -0.9993 -0.0000
vn -0.0110 -0.9999 0.0076
vn -0.0526 -0.9974 -0.0483
vn -0.0190 -0.9998 0.0001
vn -0.0044 -0.9997 0.0254
vn 0.0327 -0.9933 -0.1112
vn 0.0211 -0.9997 0.0129
vn 0.0096 -0.9982 0.0599
vn -0.3837 -0.9117 -0.1466
vn -0.5012 -0.8653 0.0076
vn -0.3534 -0.9353 -0.0187
vn -0.2291 -0.9729 -0.0304
vn -0.2130 -0.9646 -0.1553
vn -0.1391 -0.9007 -0.4116
vn -0.3031 -0.8400 -0.4500
vn -0.4981 -0.7563 -0.4241
vn -0.5379 -0.8247 -0.1750
vn -0.6113 -0.7911 -0.0214
vn -0.5352 -0.8444 -0.0256
vn 0.0177 0.9998 0.0099
vn -0.0129 0.9998 0.0173
vn -0.0507 0.9985 0.0191
vn 0.0050 0.9998 0.0209
vn -0.0176 0.9986 0.0495
vn -0.0515 0.9969 0.0589
vn -0.0268 0.9986 0.0450
vn -0.0261 0.9943 0.1037
vn -0.0527 0.9914 0.1196
vn 0.2158 0.9758 -0.0368
vn 0.1527 0.9877 -0.0345
vn 0.0940 0.9953 -0.0218
vn 0.2314 0.9654 -0.1199
vn 0.1412 0.9817 -0.1281
vn 0.0671 0.9935 -0.0919
vn 0.2874 0.9229 -0.2563
vn 0.1182 0.9468 -0.2994
vn -0.0035 0.9766 -0.2150
vn 0.9979 -0.0629 0.0180
vn 0.9998 -0.0000 0.0177
vn 0.9979 0.0629 0.0180
vn 0.9963 -0.0639 0.0567
vn 0.9985 -0.0000 0.0557
vn 0.9963 0.0639 0.0567
vn 0.9911 -0.0662 0.1156
vn 0.9935 -0.0000 0.1135
vn 0.9911 0.0662 0.1156
vn -0.7131 0.3278 0.6197
vn -0.6777 0.4308 0.5960
vn -0.6327 0.5282 0.5662
vn -0.8000 0.3275 0.5028
vn -0.7478 0.4398 0.4973
vn -0.6775 0.5525 0.4855
vn -0.8572 0.3237 0.4006
vn -0.7981 0.4441 0.4073
vn -0.7126 0.5716 0.4068
vn -0.6864 -0.4495 0.5716
vn -0.6871 -0.3990 0.6072
vn -0.7057 -0.3169 0.6337
vn -0.7402 -0.4738 0.4771
vn -0.7608 -0.4054 0.5068
vn -0.7923 -0.3138 0.5232
vn -0.7803 -0.4959 0.3811
vn -0.8133 -0.4084 0.4143
vn -0.8491 -0.3057 0.4308
vn -0.7460 -0.0954 0.6591
vn -0.7537 0.0101 0.6571
vn -0.7519 0.1127 0.6496
vn -0.8467 -0.0866 0.5249
vn -0.8560 0.0166 0.5167
vn -0.8527 0.1153 0.5095
vn -0.9027 -0.0724 0.4242
vn -0.9111 0.0281 0.4111
vn -0.9083 0.1215 0.4003
vn -0.1855 0.9824 0.0212
vn -0.2940 0.9554 0.0286
vn -0.4334 0.9002 0.0423
vn -0.1894 0.9796 0.0664
vn -0.3023 0.9498 0.0807
vn -0.4455 0.8892 0.1046
vn -0.1957 0.9713 0.1349
vn -0.3137 0.9366 0.1559
vn -0.4586 0.8689 0.1865
vn 0.4826 -0.8741 -0.0546
vn 0.3242 -0.9459 -0.0152
vn 0.4469 -0.8946 0.0016
vn 0.6117 -0.7909 0.0176
vn 0.6296 -0.7766 0.0228
vn 0.6800 -0.7301 0.0674
vn 0.6123 -0.7906 0.0052
vn 0.6495 -0.7518 -0.1135
vn 0.4845 -0.8366 -0.2557
vn 0.3260 -0.8788 -0.3485
vn 0.3283 -0.9373 -0.1168
vn 0.9783 0.2064 0.0200
vn 0.9551 0.2956 0.0202
vn 0.9120 0.4097 0.0179
vn 0.9759 0.2087 0.0642
vn 0.9525 0.2967 0.0681
vn 0.9106 0.4075 0.0691
vn 0.9676 0.2149 0.1323
vn 0.9424 0.3018 0.1440
vn 0.9000 0.4080 0.1535
vn 0.8910 -0.4535 0.0230
vn 0.9486 -0.3156 0.0220
vn 0.9770 -0.2124 0.0204
vn 0.8918 -0.4483 0.0605
vn 0.9469 -0.3150 0.0648
vn 0.9747 -0.2142 0.0633
vn 0.8919 -0.4336 0.1285
vn 0.9401 -0.3130 0.1348
vn 0.9672 -0.2182 0.1302
vn 0.1551 -0.9878 -0.0161
vn 0.2137 -0.9768 -0.0175
vn 0.2517 -0.9676 -0.0184
vn 0.1245 -0.9876 -0.0960
vn 0.1929 -0.9746 -0.1135
vn 0.2413 -0.9629 -0.1209
vn 0.0238 -0.9552 -0.2951
vn 0.1280 -0.9286 -0.3484
vn 0.2058 -0.9088 -0.3630
vn 0.6794 0.7337 0.0059
vn 0.5015 0.8651 -0.0029
vn 0.3556 0.9345 -0.0151
vn 0.6917 0.7201 0.0545
vn 0.5308 0.8470 0.0289
vn 0.3989 0.9168 -0.0177
vn 0.7021 0.6966 0.1477
vn 0.5794 0.8078 0.1080
vn 0.5033 0.8640 0.0110
vn 0.6334 -0.1010 0.7672
vn 0.6367 -0.0031 0.7711
vn 0.6373 0.0939 0.7649
vn 0.4750 -0.0966 0.8747
vn 0.4735 -0.0028 0.8808
vn 0.4762 0.0905 0.8747
vn 0.3596 -0.0897 0.9288
vn 0.3542 -0.0016 0.9352
vn 0.3566 0.0866 0.9302
vn 0.6263 0.2976 0.7206
vn 0.6161 0.3887 0.6851
vn 0.6089 0.4678 0.6406
vn 0.4918 0.2924 0.8202
vn 0.5134 0.3850 0.7669
vn 0.5575 0.4598 0.6912
vn 0.3874 0.2798 0.8784
vn 0.4362 0.3627 0.8235
vn 0.5349 0.4107 0.7384
vn 0.6873 0.6262 0.3681
vn 0.6675 0.6613 0.3422
vn 0.7460 0.6118 0.2630
vn 0.6686 0.5946 0.4466
vn 0.6802 0.5903 0.4346
vn 0.7819 0.4879 0.3881
vn 0.6425 0.5689 0.5133
vn 0.6630 0.5432 0.5152
vn 0.7474 0.4365 0.5009
vn 0.5821 -0.4244 0.6936
vn 0.6012 -0.3803 0.7028
vn 0.6147 -0.3036 0.7280
vn 0.4952 -0.4246 0.7580
vn 0.4962 -0.3698 0.7855
vn 0.4885 -0.2925 0.8221
vn 0.4369 -0.4189 0.7960
vn 0.4196 -0.3543 0.8357
vn 0.3955 -0.2759 0.8761
vn -0.3623 -0.4768 -0.8009
vn -0.1192 -0.4593 -0.8802
vn 0.0389 -0.4574 -0.8884
vn -0.4349 -0.3582 -0.8262
vn -0.1624 -0.3596 -0.9189
vn 0.0091 -0.3613 -0.9324
vn -0.4425 -0.4295 -0.7872
vn -0.1707 -0.4546 -0.8742
vn 0.0071 -0.4521 -0.8919
vn 0.7730 0.6332 -0.0382
vn 0.4471 0.8910 -0.0793
vn -0.0809 0.9945 -0.0667
vn 0.8157 0.4944 0.3002
vn 0.5043 0.7919 0.3445
vn -0.0805 0.9433 0.3222
vn 0.7616 0.3107 0.5687
vn 0.4903 0.5351 0.6880
vn -0.0458 0.7369 0.6745
vn 0.8898 0.1209 0.4401
vn 0.9492 0.1824 0.2564
vn 0.9490 0.3135 0.0337
vn 0.8998 0.0569 0.4325
vn 0.9634 0.1304 0.2340
vn 0.9662 0.2577 -0.0072
vn 0.9020 0.0582 0.4278
vn 0.9612 0.1454 0.2345
vn 0.9653 0.2612 -0.0022
vn -0.0253 0.6964 -0.7172
vn 0.4211 0.6847 -0.5949
vn 0.0327 0.7407 -0.6711
vn -0.2860 0.7997 -0.5280
vn -0.4235 0.7065 -0.5670
vn -0.5736 0.6533 -0.4941
vn -0.3842 0.7031 -0.5984
vn -0.2456 0.7785 -0.5776
vn 0.1497 0.7253 -0.6719
vn 0.5193 0.6184 -0.5899
vn 0.4579 0.6200 -0.6371
vn 0.0340 -0.0035 0.9994
vn -0.2760 0.1810 0.9440
vn 0.1092 0.0386 0.9933
vn 0.4764 0.0353 0.8785
vn 0.5057 -0.0358 0.8620
vn 0.5590 -0.0220 0.8289
vn 0.2455 0.0290 0.9690
vn -0.2134 0.2057 0.9551
vn -0.3951 0.1390 0.9081
vn -0.6359 0.1857 0.7491
vn -0.4540 0.1388 0.8801
vn 0.3831 -0.4249 0.8202
vn 0.2866 -0.3066 0.9077
vn 0.3548 -0.3146 0.8804
vn 0.4823 -0.3681 0.7949
vn 0.4307 -0.4524 0.7809
vn 0.4156 -0.4980 0.7611
vn 0.3670 -0.4490 0.8147
vn 0.0448 -0.6053 0.7947
vn 0.1364 -0.4902 0.8609
vn 0.2088 -0.4062 0.8896
vn 0.1617 -0.6811 0.7141
vn 0.2414 -0.6138 0.7516
vn 0.3081 -0.5488 0.7771
vn 0.2018 -0.6254 0.7537
vn 0.2870 -0.5961 0.7499
vn 0.3581 -0.5625 0.7452
vn 0.7396 -0.5848 0.3332
vn 0.7758 -0.4843 0.4045
vn 0.7951 -0.5213 0.3098
vn 0.7928 -0.5757 0.1999
vn 0.7285 -0.6349 0.2573
vn 0.7473 -0.5937 0.2984
vn 0.7493 -0.5436 0.3783
vn 0.1647 -0.9261 -0.3394
vn 0.4685 -0.8254 -0.3149
vn 0.7855 -0.5803 -0.2150
vn 0.1601 -0.9744 0.1579
vn 0.4809 -0.8670 0.1307
vn 0.8055 -0.5849 0.0946
vn 0.1946 -0.7748 0.6015
vn 0.4801 -0.6958 0.5343
vn 0.7791 -0.4947 0.3852
vn -0.4870 -0.8402 -0.2386
vn -0.2104 -0.9375 -0.2771
vn -0.0363 -0.9528 -0.3014
vn -0.5055 -0.8505 0.1456
vn -0.2249 -0.9605 0.1641
vn -0.0576 -0.9846 0.1653
vn -0.4665 -0.7358 0.4909
vn -0.2101 -0.8055 0.5542
vn -0.0428 -0.8127 0.5811
vn 0.0268 -0.1040 0.9942
vn -0.0991 -0.1357 0.9858
vn -0.2995 -0.2078 0.9312
vn 0.0084 -0.1195 0.9928
vn -0.1407 -0.1403 0.9801
vn -0.3789 -0.1843 0.9069
vn 0.0046 -0.2452 0.9695
vn -0.1579 -0.2648 0.9513
vn -0.3975 -0.2805 0.8737
vn -0.8195 -0.4198 0.3900
vn -0.8843 -0.4624 0.0651
vn -0.8412 -0.4844 -0.2403
vn -0.8908 -0.2984 0.3427
vn -0.9475 -0.3191 0.0219
vn -0.9010 -0.3335 -0.2774
vn -0.8786 -0.3407 0.3346
vn -0.9293 -0.3674 0.0372
vn -0.8931 -0.3708 -0.2545
vn 0.2320 -0.4548 -0.8598
vn 0.4659 -0.4563 -0.7581
vn 0.7457 -0.4268 -0.5116
vn 0.1996 -0.3612 -0.9109
vn 0.4311 -0.3596 -0.8275
vn 0.7304 -0.3354 -0.5949
vn 0.1911 -0.4332 -0.8808
vn 0.4219 -0.4101 -0.8086
vn 0.7159 -0.3488 -0.6049
vn 0.4522 -0.1354 0.8816
vn 0.5990 -0.1749 0.7815
vn 0.3687 -0.1197 0.9218
vn 0.2058 -0.0968 0.9738
vn 0.2309 -0.1146 0.9662
vn 0.2480 -0.2149 0.9446
vn 0.4629 -0.2102 0.8612
vn 0.7247 -0.2196 0.6531
vn 0.7099 -0.1942 0.6770
vn 0.7223 -0.1699 0.6704
vn 0.6596 -0.1413 0.7382
vn 0.1302 -0.1303 0.9829
vn -0.0643 -0.1045 0.9924
vn -0.2506 -0.0954 0.9634
vn 0.1465 -0.1049 0.9836
vn -0.0496 -0.1001 0.9937
vn -0.2368 -0.1044 0.9659
vn 0.1433 -0.1672 0.9755
vn -0.0437 -0.1761 0.9834
vn -0.2245 -0.1791 0.9579
vn 0.2655 -0.6512 0.7110
vn -0.0260 -0.7031 0.7106
vn -0.3059 -0.6607 0.6856
vn 0.3441 -0.8529 0.3927
vn -0.0149 -0.9260 0.3771
vn -0.3614 -0.8532 0.3761
vn 0.3599 -0.9229 0.1365
vn -0.0103 -0.9925 0.1216
vn -0.3722 -0.9190 0.1301
vn -0.3067 -0.2730 -0.9118
vn -0.0934 -0.3051 -0.9477
vn 0.1196 -0.3290 -0.9367
vn -0.2370 -0.1816 -0.9544
vn -0.0424 -0.1962 -0.9797
vn 0.1584 -0.2186 -0.9629
vn -0.2052 -0.2248 -0.9526
vn -0.0214 -0.2435 -0.9697
vn 0.1693 -0.2625 -0.9500
vn -0.7436 -0.1036 0.6605
vn -0.9093 -0.1095 0.4015
vn -0.9721 -0.1174 0.2029
vn -0.7361 -0.1424 0.6617
vn -0.9059 -0.1657 0.3898
vn -0.9676 -0.1801 0.1768
vn -0.7023 -0.2727 0.6576
vn -0.8560 -0.3436 0.3864
vn -0.9119 -0.3768 0.1627
vn 0.7577 -0.3852 -0.5268
vn 0.9125 -0.3643 -0.1860
vn 0.9469 -0.3179 0.0474
vn 0.7482 -0.3008 -0.5914
vn 0.9152 -0.3136 -0.2530
vn 0.9551 -0.2961 -0.0132
vn 0.7033 -0.3965 -0.5901
vn 0.8506 -0.4479 -0.2756
vn 0.8942 -0.4456 -0.0436
vn -0.4644 -0.3331 0.8206
vn -0.3916 -0.2861 0.8745
vn -0.3216 -0.2243 0.9199
vn -0.3422 -0.3927 0.8536
vn -0.2699 -0.3690 0.8894
vn -0.1784 -0.2979 0.9378
vn -0.2419 -0.4635 0.8524
vn -0.1702 -0.4879 0.8562
vn -0.0517 -0.4379 0.8975
vn -0.9182 -0.3846 -0.0946
vn -0.9780 -0.1944 -0.0763
vn -0.9883 -0.1482 -0.0349
vn -0.8683 -0.3623 -0.3389
vn -0.9284 -0.1932 -0.3174
vn -0.9513 -0.1679 -0.2585
vn -0.7074 -0.2997 -0.6402
vn -0.7568 -0.1833 -0.6275
vn -0.8082 -0.1946 -0.5558
vn 0.3383 -0.9380 -0.0759
vn -0.0160 -0.9962 -0.0852
vn -0.3706 -0.9241 -0.0939
vn 0.3197 -0.9016 -0.2913
vn -0.0177 -0.9524 -0.3042
vn -0.3559 -0.8770 -0.3227
vn 0.2639 -0.7547 -0.6007
vn -0.0174 -0.7771 -0.6291
vn -0.2964 -0.7154 -0.6328
vn 0.9029 -0.3871 0.1870
vn 0.9499 -0.2422 0.1973
vn 0.9407 -0.2766 0.1965
vn 0.8485 -0.3321 0.4120
vn 0.8909 -0.2076 0.4040
vn 0.8806 -0.2726 0.3875
vn 0.6804 -0.2496 0.6890
vn 0.7154 -0.1646 0.6791
vn 0.7210 -0.2465 0.6476
vn -0.8385 -0.2473 0.4856
vn -0.7669 -0.2979 0.5685
vn -0.8686 -0.2781 0.4100
vn -0.9230 -0.2302 0.3084
vn -0.8632 -0.2116 0.4584
vn -0.7144 -0.2052 0.6690
vn -0.7285 -0.2449 0.6398
vn 0.0295 -0.7571 0.6526
vn 0.0170 -0.8772 0.4799
vn 0.0024 -0.9317 0.3633
vn 0.0425 -0.7176 0.6951
vn 0.0218 -0.8486 0.5286
vn -0.0173 -0.9104 0.4134
vn 0.0681 -0.6822 0.7280
vn 0.0391 -0.8040 0.5934
vn -0.0446 -0.8481 0.5279
vn -0.0069 -0.9975 0.0708
vn 0.0010 -0.9995 0.0312
vn 0.0051 -0.9999 0.0096
vn -0.0276 -0.9988 0.0397
vn 0.0031 -0.9999 0.0143
vn 0.0176 -0.9998 0.0050
vn -0.0606 -0.9969 -0.0499
vn 0.0173 -0.9996 -0.0202
vn 0.0444 -0.9990 -0.0034
vn 0.0778 -0.7991 0.5962
vn 0.0495 -0.8931 0.4472
vn 0.0247 -0.9258 0.3771
vn -0.0294 -0.7418 0.6700
vn -0.0067 -0.8221 0.5693
vn 0.0003 -0.8676 0.4972
vn -0.0841 -0.6173 0.7822
vn -0.0443 -0.6854 0.7269
vn -0.0214 -0.7442 0.6676
vn -0.2633 -0.8911 0.3695
vn -0.0954 -0.9447 0.3137
vn -0.0171 -0.9564 0.2914
vn -0.3081 -0.9221 0.2339
vn -0.1100 -0.9618 0.2509
vn -0.0212 -0.9676 0.2514
vn -0.2754 -0.9567 0.0937
vn -0.0997 -0.9798 0.1735
vn -0.0209 -0.9806 0.1950
vn -0.8476 0.5241 -0.0836
vn -0.8858 0.4601 0.0615
vn -0.8845 0.4119 0.2193
vn -0.8147 0.5696 -0.1088
vn -0.8639 0.4985 0.0713
vn -0.8591 0.4358 0.2685
vn -0.7613 0.6403 -0.1025
vn -0.8092 0.5791 0.0994
vn -0.8058 0.5016 0.3149
vn -0.4484 -0.1863 0.8742
vn -0.3637 0.0002 0.9315
vn -0.3265 0.2251 0.9180
vn -0.5110 -0.2111 0.8333
vn -0.4352 -0.0173 0.9002
vn -0.3592 0.2264 0.9054
vn -0.5213 -0.2002 0.8295
vn -0.4270 -0.0012 0.9042
vn -0.3019 0.2457 0.9212
vn -0.4028 -0.1633 0.9006
vn -0.1971 0.0233 0.9801
vn 0.0704 0.2265 0.9715
vn -0.3469 -0.1539 0.9252
vn -0.0976 0.0140 0.9951
vn 0.1979 0.1838 0.9628
vn -0.3194 -0.1457 0.9364
vn -0.0476 0.0034 0.9989
vn 0.2544 0.1507 0.9553
vn -0.7041 -0.6873 0.1785
vn -0.6933 -0.6178 0.3710
vn -0.6481 -0.5048 0.5702
vn -0.6871 -0.6955 0.2101
vn -0.6767 -0.6181 0.4001
vn -0.6465 -0.5083 0.5689
vn -0.7002 -0.6728 0.2390
vn -0.6785 -0.5926 0.4341
vn -0.6453 -0.4864 0.5891
vn -0.2790 0.6831 0.6749
vn -0.2487 0.8391 0.4839
vn -0.2356 0.9368 0.2588
vn -0.2031 0.7120 0.6721
vn -0.1440 0.8680 0.4752
vn -0.0987 0.9624 0.2530
vn -0.0056 0.7191 0.6948
vn 0.1079 0.8601 0.4986
vn 0.1902 0.9443 0.2686
vn -0.3285 -0.1101 0.9381
vn -0.0440 0.0154 0.9989
vn 0.2583 0.1455 0.9550
vn -0.3513 -0.0642 0.9341
vn -0.0724 0.0576 0.9957
vn 0.2267 0.1867 0.9559
vn -0.3757 0.0189 0.9266
vn -0.1162 0.1473 0.9822
vn 0.1726 0.2681 0.9478
vn -0.7933 -0.5531 0.2543
vn -0.7337 -0.4988 0.4615
vn -0.6535 -0.4204 0.6294
vn -0.8401 -0.4878 0.2373
vn -0.7737 -0.4526 0.4433
vn -0.6751 -0.3919 0.6250
vn -0.8763 -0.4327 0.2119
vn -0.8132 -0.4115 0.4116
vn -0.7068 -0.3644 0.6063
vn 0.5438 0.5128 0.6643
vn 0.6637 0.5844 0.4669
vn 0.7332 0.6324 0.2498
vn 0.6654 0.4143 0.6210
vn 0.7697 0.4768 0.4245
vn 0.8244 0.5206 0.2222
vn 0.7220 0.3638 0.5885
vn 0.8194 0.4234 0.3865
vn 0.8646 0.4630 0.1951
vn -0.5777 0.3020 0.7583
vn -0.2279 0.5442 0.8074
vn 0.1627 0.6533 0.7394
vn -0.7089 0.4300 0.5590
vn -0.2717 0.7566 0.5948
vn 0.2140 0.8306 0.5141
vn -0.7979 0.5241 0.2977
vn -0.3021 0.8996 0.3153
vn 0.2456 0.9346 0.2573
vn -0.9231 -0.3459 0.1680
vn -0.8747 -0.3342 0.3511
vn -0.7714 -0.2993 0.5615
vn -0.9449 -0.2854 0.1604
vn -0.8990 -0.2758 0.3403
vn -0.7964 -0.2448 0.5530
vn -0.9698 -0.1728 0.1723
vn -0.9178 -0.1680 0.3597
vn -0.8128 -0.1536 0.5619
vn 0.7507 0.3663 0.5498
vn 0.8444 0.4225 0.3294
vn 0.8786 0.4527 0.1522
vn 0.7265 0.4178 0.5455
vn 0.8193 0.4768 0.3184
vn 0.8507 0.5060 0.1425
vn 0.6623 0.5065 0.5521
vn 0.7433 0.5799 0.3334
vn 0.7749 0.6141 0.1498
vn 0.8489 -0.4102 -0.3334
vn 0.8065 -0.4166 -0.4195
vn 0.7601 -0.4220 -0.4941
vn 0.8898 -0.3256 -0.3199
vn 0.8460 -0.3453 -0.4062
vn 0.7886 -0.3663 -0.4939
vn 0.9231 -0.2429 -0.2981
vn 0.8845 -0.2644 -0.3844
vn 0.8278 -0.2865 -0.4824
vn -0.1896 -0.0768 -0.9789
vn -0.3008 -0.0836 -0.9500
vn -0.4417 -0.0914 -0.8925
vn -0.1878 -0.0010 -0.9822
vn -0.2988 0.0006 -0.9543
vn -0.4416 0.0030 -0.8972
vn -0.1917 0.0749 -0.9786
vn -0.3038 0.0846 -0.9490
vn -0.4462 0.0965 -0.8897
vn 0.9234 0.2434 -0.2967
vn 0.8880 0.2623 -0.3777
vn 0.8365 0.2798 -0.4712
vn 0.8880 0.3295 -0.3209
vn 0.8497 0.3472 -0.3968
vn 0.7998 0.3629 -0.4781
vn 0.8379 0.4230 -0.3450
vn 0.7990 0.4340 -0.4163
vn 0.7563 0.4410 -0.4832
vn -0.2147 0.2566 -0.9424
vn -0.3296 0.2769 -0.9026
vn -0.4617 0.2995 -0.8350
vn -0.2295 0.3779 -0.8970
vn -0.3427 0.3900 -0.8546
vn -0.4649 0.4029 -0.7884
vn -0.2409 0.5219 -0.8183
vn -0.3502 0.5167 -0.7813
vn -0.4586 0.5075 -0.7295
vn 0.9643 -0.2208 -0.1463
vn 0.9496 -0.3131 -0.0167
vn 0.9694 -0.2435 0.0304
vn 0.9702 -0.2351 0.0586
vn 0.9710 -0.2160 -0.1025
vn 0.9480 -0.2058 -0.2427
vn 0.9446 -0.2046 -0.2566
vn 0.9409 -0.1986 -0.2744
vn 0.9385 -0.2091 -0.2748
vn 0.9102 -0.2726 -0.3120
vn 0.9427 -0.2849 -0.1735
vn -0.2161 0.9247 -0.3135
vn -0.2288 0.8762 -0.4242
vn -0.2396 0.7965 -0.5552
vn -0.3393 0.8773 -0.3394
vn -0.3492 0.8277 -0.4393
vn -0.3534 0.7551 -0.5522
vn -0.4739 0.7998 -0.3683
vn -0.4736 0.7549 -0.4538
vn -0.4637 0.7003 -0.5428
vn -0.2574 -0.3507 -0.9004
vn -0.3724 -0.3704 -0.8510
vn -0.4916 -0.3956 -0.7758
vn -0.2345 -0.2954 -0.9261
vn -0.3512 -0.3248 -0.8782
vn -0.4743 -0.3569 -0.8048
vn -0.2130 -0.2325 -0.9490
vn -0.3279 -0.2578 -0.9089
vn -0.4582 -0.2859 -0.8416
vn -0.7932 0.3049 -0.5271
vn -0.9123 -0.0254 -0.4086
vn -0.7699 0.0282 -0.6375
vn -0.4827 -0.0062 -0.8758
vn -0.3807 0.2154 -0.8993
vn -0.3610 0.4586 -0.8120
vn -0.4529 0.6537 -0.6062
vn -0.5511 0.7610 -0.3423
vn -0.8707 0.4405 -0.2189
vn -0.9529 0.2804 -0.1153
vn -0.9429 0.2414 -0.2295
vn -0.9338 0.1852 -0.3063
vn -0.9252 0.0958 -0.3671
vn -0.8183 -0.5197 -0.2456
vn -0.8029 -0.5659 -0.1873
vn -0.7824 -0.6094 -0.1281
vn -0.7592 -0.6474 -0.0677
vn -0.7932 -0.6002 -0.1031
vn -0.7780 -0.6148 -0.1296
vn -0.7715 -0.5483 -0.3228
vn -0.7287 -0.4175 -0.5429
vn -0.8216 -0.3660 -0.4370
vn -0.8767 -0.3192 -0.3600
vn -0.8491 -0.4491 -0.2780
vn -0.9094 0.3362 -0.2450
vn -0.9199 0.3538 -0.1692
vn -0.9242 0.3717 -0.0880
vn -0.8525 0.4619 -0.2446
vn -0.8611 0.4809 -0.1652
vn -0.8616 0.5005 -0.0842
vn -0.7536 0.6124 -0.2390
vn -0.7555 0.6366 -0.1550
vn -0.7498 0.6573 -0.0754
vn 0.9614 -0.0766 -0.2644
vn 0.9323 -0.0845 -0.3517
vn 0.8810 -0.0930 -0.4639
vn 0.9656 -0.0001 -0.2599
vn 0.9379 -0.0005 -0.3470
vn 0.8877 -0.0013 -0.4605
vn 0.9615 0.0763 -0.2639
vn 0.9330 0.0833 -0.3502
vn 0.8829 0.0899 -0.4610
vn 0.3560 -0.4028 -0.8432
vn 0.2710 -0.3919 -0.8792
vn 0.1752 -0.3795 -0.9084
vn 0.3295 -0.3240 -0.8868
vn 0.2435 -0.3078 -0.9198
vn 0.1501 -0.2926 -0.9444
vn 0.3004 -0.2454 -0.9217
vn 0.2187 -0.2309 -0.9481
vn 0.1317 -0.2188 -0.9668
vn -0.0131 -0.2917 -0.9564
vn 0.0452 -0.3734 -0.9266
vn 0.0171 -0.3911 -0.9202
vn -0.0034 -0.4457 -0.8952
vn -0.0364 -0.3772 -0.9254
vn -0.0822 -0.3488 -0.9336
vn -0.0643 -0.2728 -0.9599
vn -0.0567 -0.2112 -0.9758
vn -0.0152 -0.2116 -0.9772
vn 0.0195 -0.2106 -0.9774
vn 0.0268 -0.2805 -0.9595
vn -0.5254 0.8469 -0.0817
vn -0.7410 0.6715 0.0058
vn -0.8500 0.5236 0.0573
vn -0.5347 0.8052 -0.2564
vn -0.7620 0.6292 -0.1533
vn -0.8742 0.4790 -0.0795
vn -0.5773 0.6897 -0.4370
vn -0.7860 0.5370 -0.3064
vn -0.8842 0.4152 -0.2139
vn -0.0842 0.9647 -0.2495
vn -0.0936 0.9235 -0.3720
vn -0.0953 0.8409 -0.5328
vn -0.0401 0.9612 -0.2730
vn -0.0435 0.9212 -0.3867
vn -0.0454 0.8431 -0.5358
vn -0.0553 0.9573 -0.2836
vn -0.0585 0.9159 -0.3971
vn -0.0632 0.8375 -0.5427
vn -0.7444 -0.6292 -0.2236
vn -0.7667 -0.5448 -0.3398
vn -0.7760 -0.4631 -0.4282
vn -0.7789 -0.6234 -0.0693
vn -0.8301 -0.5178 -0.2069
vn -0.8532 -0.4256 -0.3015
vn -0.8365 -0.5267 0.1512
vn -0.9064 -0.4211 -0.0330
vn -0.9263 -0.3391 -0.1641
vn 0.2369 -0.9430 -0.2336
vn 0.3599 -0.9327 0.0229
vn 0.4928 -0.8624 -0.1155
vn 0.6501 -0.7309 -0.2080
vn 0.4865 -0.8152 -0.3141
vn 0.3658 -0.8253 -0.4302
vn 0.1685 -0.9286 -0.3306
vn 0.0625 -0.9530 -0.2965
vn 0.0688 -0.9679 -0.2418
vn 0.0534 -0.9833 -0.1739
vn 0.1554 -0.9799 -0.1249
vn 0.2711 0.2522 -0.9289
vn 0.1953 0.2429 -0.9502
vn 0.1206 0.2380 -0.9637
vn 0.3025 0.2987 -0.9051
vn 0.1982 0.2831 -0.9384
vn 0.1036 0.2914 -0.9510
vn 0.3660 0.2838 -0.8863
vn 0.1894 0.2591 -0.9471
vn 0.0383 0.3060 -0.9513
vn 0.0246 0.2371 -0.9712
vn -0.0121 0.2365 -0.9715
vn -0.0572 0.2371 -0.9698
vn 0.0152 0.3447 -0.9386
vn -0.0163 0.3592 -0.9331
vn -0.0611 0.3646 -0.9292
vn -0.0190 0.4811 -0.8765
vn -0.0274 0.5187 -0.8545
vn -0.0652 0.5267 -0.8476
vn 0.2609 -0.0779 -0.9622
vn 0.1903 -0.0730 -0.9790
vn 0.1155 -0.0699 -0.9908
vn 0.2539 0.0016 -0.9672
vn 0.1860 0.0028 -0.9825
vn 0.1143 0.0025 -0.9934
vn 0.2532 0.0831 -0.9638
vn 0.1862 0.0813 -0.9791
vn 0.1160 0.0777 -0.9902
vn 0.0182 -0.0706 -0.9973
vn -0.0140 -0.0718 -0.9973
vn -0.0516 -0.0721 -0.9961
vn 0.0193 -0.0016 -0.9998
vn -0.0135 -0.0032 -0.9999
vn -0.0516 -0.0032 -0.9987
vn 0.0211 0.0689 -0.9974
vn -0.0130 0.0662 -0.9977
vn -0.0526 0.0659 -0.9964
vn -0.0802 -0.9967 0.0125
vn -0.0526 -0.9974 0.0483
vn 0.0327 -0.9933 0.1112
vn -0.0190 -0.9998 -0.0001
vn 0.0211 -0.9997 -0.0129
vn -0.0110 -0.9999 -0.0076
vn -0.0044 -0.9997 -0.0254
vn 0.0096 -0.9982 -0.0599
vn -0.3837 -0.9117 0.1466
vn -0.5012 -0.8653 -0.0076
vn -0.5352 -0.8444 0.0256
vn -0.6113 -0.7911 0.0214
vn -0.5379 -0.8247 0.1750
vn -0.4981 -0.7563 0.4241
vn -0.3031 -0.8400 0.4500
vn -0.1391 -0.9007 0.4116
vn -0.2130 -0.9646 0.1553
vn -0.2291 -0.9729 0.0304
vn -0.3534 -0.9353 0.0187
vn 0.0177 0.9998 -0.0099
vn 0.0050 0.9998 -0.0209
vn -0.0268 0.9986 -0.0450
vn -0.0129 0.9998 -0.0173
vn -0.0176 0.9986 -0.0495
vn -0.0261 0.9943 -0.1037
vn -0.0507 0.9985 -0.0191
vn -0.0515 0.9969 -0.0589
vn -0.0527 0.9914 -0.1196
vn 0.2158 0.9758 0.0368
vn 0.2314 0.9654 0.1199
vn 0.2874 0.9229 0.2563
vn 0.1527 0.9877 0.0345
vn 0.1412 0.9817 0.1281
vn 0.1182 0.9468 0.2994
vn 0.0940 0.9953 0.0218
vn 0.0671 0.9935 0.0919
vn -0.0035 0.9766 0.2150
vn 0.9979 -0.0629 -0.0180
vn 0.9963 -0.0639 -0.0567
vn 0.9911 -0.0662 -0.1156
vn 0.9998 -0.0000 -0.0177
vn 0.9985 -0.0000 -0.0557
vn 0.9935 -0.0000 -0.1135
vn 0.9979 0.0629 -0.0180
vn 0.9963 0.0639 -0.0567
vn 0.9911 0.0662 -0.1156
vn -0.7131 0.3278 -0.6197
vn -0.8000 0.3275 -0.5028
vn -0.8572 0.3237 -0.4006
vn -0.6777 0.4308 -0.5960
vn -0.7478 0.4398 -0.4973
vn -0.7981 0.4441 -0.4073
vn -0.6327 0.5282 -0.5662
vn -0.6775 0.5525 -0.4855
vn -0.7126 0.5716 -0.4068
vn -0.6864 -0.4495 -0.5716
vn -0.7402 -0.4738 -0.4771
vn -0.7803 -0.4959 -0.3811
vn -0.6871 -0.3990 -0.6072
vn -0.7608 -0.4054 -0.5068
vn -0.8133 -0.4084 -0.4143
vn -0.7057 -0.3169 -0.6337
vn -0.7923 -0.3138 -0.5232
vn -0.8491 -0.3057 -0.4308
vn -0.7460 -0.0954 -0.6591
vn -0.8467 -0.0866 -0.5249
vn -0.9027 -0.0724 -0.4242
vn -0.7537 0.0101 -0.6571
vn -0.8560 0.0166 -0.5167
vn -0.9111 0.0281 -0.4111
vn -0.7519 0.1127 -0.6496
vn -0.8527 0.1153 -0.5095
vn -0.9083 0.1215 -0.4003
vn -0.1855 0.9824 -0.0212
vn -0.1894 0.9796 -0.0664
vn -0.1957 0.9713 -0.1349
vn -0.2940 0.9554 -0.0286
vn -0.3023 0.9498 -0.0807
vn -0.3137 0.9366 -0.1559
vn -0.4334 0.9002 -0.0423
vn -0.4455 0.8892 -0.1046
vn -0.4586 0.8689 -0.1865
vn 0.4826 -0.8741 0.0546
vn 0.3242 -0.9459 0.0152
vn 0.3283 -0.9373 0.1168
vn 0.3260 -0.8788 0.3485
vn 0.4845 -0.8366 0.2557
vn 0.6495 -0.7518 0.1135
vn 0.6123 -0.7906 -0.0052
vn 0.6800 -0.7301 -0.0674
vn 0.6296 -0.7766 -0.0228
vn 0.6117 -0.7909 -0.0176
vn 0.4470 -0.8946 -0.0016
vn 0.9783 0.2064 -0.0200
vn 0.9759 0.2087 -0.0642
vn 0.9676 0.2149 -0.1323
vn 0.9551 0.2956 -0.0202
vn 0.9525 0.2967 -0.0681
vn 0.9424 0.3018 -0.1440
vn 0.9120 0.4097 -0.0179
vn 0.9106 0.4075 -0.0691
vn 0.9000 0.4080 -0.1535
vn 0.8910 -0.4535 -0.0230
vn 0.8918 -0.4483 -0.0605
vn 0.8919 -0.4336 -0.1285
vn 0.9486 -0.3156 -0.0220
vn 0.9469 -0.3150 -0.0648
vn 0.9401 -0.3130 -0.1348
vn 0.9770 -0.2124 -0.0204
vn 0.9747 -0.2142 -0.0633
vn 0.9672 -0.2182 -0.1302
vn 0.1551 -0.9878 0.0161
vn 0.1245 -0.9876 0.0960
vn 0.0238 -0.9552 0.2951
vn 0.2137 -0.9768 0.0175
vn 0.1929 -0.9746 0.1135
vn 0.1280 -0.9286 0.3484
vn 0.2517 -0.9676 0.0184
vn 0.2413 -0.9629 0.1209
vn 0.2058 -0.9088 0.3630
vn 0.6794 0.7337 -0.0059
vn 0.6917 0.7201 -0.0545
vn 0.7021 0.6966 -0.1477
vn 0.5015 0.8651 0.0029
vn 0.5308 0.8470 -0.0289
vn 0.5794 0.8078 -0.1080
vn 0.3556 0.9345 0.0151
vn 0.3989 0.9168 0.0177
vn 0.5033 0.8640 -0.0110
vn 0.6334 -0.1010 -0.7672
vn 0.4750 -0.0966 -0.8747
vn 0.3596 -0.0897 -0.9288
vn 0.6367 -0.0031 -0.7711
vn 0.4735 -0.0028 -0.8808
vn 0.3542 -0.0016 -0.9352
vn 0.6373 0.0939 -0.7649
vn 0.4762 0.0905 -0.8747
vn 0.3566 0.0866 -0.9302
vn 0.6263 0.2976 -0.7205
vn 0.4918 0.2924 -0.8202
vn 0.3874 0.2798 -0.8784
vn 0.6161 0.3887 -0.6851
vn 0.5134 0.3850 -0.7669
vn 0.4362 0.3627 -0.8235
vn 0.6089 0.4678 -0.6406
vn 0.5575 0.4598 -0.6912
vn 0.5349 0.4107 -0.7384
vn 0.6873 0.6262 -0.3681
vn 0.6686 0.5946 -0.4466
vn 0.6425 0.5689 -0.5133
vn 0.6675 0.6613 -0.3422
vn 0.6802 0.5903 -0.4346
vn 0.6630 0.5432 -0.5152
vn 0.7460 0.6118 -0.2630
vn 0.7819 0.4879 -0.3881
vn 0.7474 0.4365 -0.5009
vn 0.5821 -0.4244 -0.6936
vn 0.4952 -0.4246 -0.7580
vn 0.4369 -0.4189 -0.7960
vn 0.6012 -0.3803 -0.7028
vn 0.4962 -0.3698 -0.7855
vn 0.4196 -0.3543 -0.8357
vn 0.6147 -0.3036 -0.7280
vn 0.4885 -0.2925 -0.8221
vn 0.3955 -0.2759 -0.8761
vn -0.3623 -0.4768 0.8009
vn -0.4349 -0.3582 0.8262
vn -0.4425 -0.4295 0.7872
vn -0.1192 -0.4593 0.8802
vn -0.1624 -0.3596 0.9189
vn -0.1707 -0.4546 0.8742
vn 0.0389 -0.4574 0.8884
vn 0.0091 -0.3613 0.9324
vn 0.0071 -0.4521 0.8919
vn 0.7730 0.6332 0.0382
vn 0.8157 0.4944 -0.3002
vn 0.7616 0.3107 -0.5687
vn 0.4471 0.8910 0.0793
vn 0.5043 0.7919 -0.3445
vn 0.4903 0.5351 -0.6880
vn -0.0809 0.9945 0.0667
vn -0.0805 0.9433 -0.3222
vn -0.0458 0.7369 -0.6745
vn 0.8898 0.1209 -0.4401
vn 0.8998 0.0569 -0.4325
vn 0.9020 0.0582 -0.4278
vn 0.9492 0.1824 -0.2564
vn 0.9634 0.1304 -0.2340
vn 0.9612 0.1454 -0.2345
vn 0.9490 0.3135 -0.0337
vn 0.9662 0.2577 0.0072
vn 0.9653 0.2612 0.0022
vn -0.0253 0.6964 0.7172
vn 0.4211 0.6847 0.5949
vn 0.4579 0.6200 0.6371
vn 0.5193 0.6184 0.5899
vn 0.1497 0.7253 0.6719
vn -0.2456 0.7785 0.5776
vn -0.3842 0.7031 0.5984
vn -0.5736 0.6533 0.4941
vn -0.4235 0.7065 0.5670
vn -0.2860 0.7997 0.5280
vn 0.0327 0.7407 0.6711
vn 0.0340 -0.0035 -0.9994
vn -0.2760 0.1810 -0.9440
vn -0.4540 0.1388 -0.8801
vn -0.6359 0.1857 -0.7491
vn -0.3951 0.1390 -0.9081
vn -0.2134 0.2057 -0.9551
vn 0.2455 0.0290 -0.9690
vn 0.5590 -0.0220 -0.8289
vn 0.5057 -0.0358 -0.8620
vn 0.4764 0.0353 -0.8785
vn 0.1092 0.0386 -0.9933
vn 0.3831 -0.4249 -0.8202
vn 0.2866 -0.3066 -0.9077
vn 0.3670 -0.4490 -0.8147
vn 0.4156 -0.4980 -0.7611
vn 0.4307 -0.4524 -0.7809
vn 0.4823 -0.3681 -0.7949
vn 0.3548 -0.3146 -0.8804
vn 0.0448 -0.6053 -0.7947
vn 0.1617 -0.6811 -0.7141
vn 0.2018 -0.6254 -0.7537
vn 0.1364 -0.4902 -0.8609
vn 0.2414 -0.6138 -0.7516
vn 0.2870 -0.5961 -0.7499
vn 0.2088 -0.4062 -0.8896
vn 0.3081 -0.5488 -0.7771
vn 0.3581 -0.5625 -0.7452
vn 0.7396 -0.5848 -0.3332
vn 0.7758 -0.4843 -0.4045
vn 0.7493 -0.5436 -0.3783
vn 0.7473 -0.5937 -0.2984
vn 0.7285 -0.6349 -0.2573
vn 0.7928 -0.5757 -0.1999
vn 0.7951 -0.5213 -0.3098
vn 0.1647 -0.9261 0.3394
vn 0.1601 -0.9744 -0.1579
vn 0.1946 -0.7748 -0.6015
vn 0.4685 -0.8254 0.3149
vn 0.4809 -0.8670 -0.1307
vn 0.4801 -0.6958 -0.5343
vn 0.7855 -0.5803 0.2150
vn 0.8055 -0.5849 -0.0946
vn 0.7791 -0.4947 -0.3852
vn -0.4870 -0.8402 0.2386
vn -0.5055 -0.8505 -0.1456
vn -0.4665 -0.7358 -0.4909
vn -0.2104 -0.9375 0.2771
vn -0.2249 -0.9605 -0.1641
vn -0.2101 -0.8055 -0.5542
vn -0.0363 -0.9528 0.3014
vn -0.0576 -0.9846 -0.1653
vn -0.0428 -0.8127 -0.5811
vn 0.0268 -0.1040 -0.9942
vn 0.0084 -0.1195 -0.9928
vn 0.0046 -0.2452 -0.9695
vn -0.0991 -0.1357 -0.9858
vn -0.1407 -0.1403 -0.9801
vn -0.1579 -0.2648 -0.9513
vn -0.2995 -0.2078 -0.9312
vn -0.3789 -0.1843 -0.9069
vn -0.3975 -0.2805 -0.8737
vn -0.8195 -0.4198 -0.3900
vn -0.8908 -0.2984 -0.3427
vn -0.8786 -0.3407 -0.3346
vn -0.8843 -0.4624 -0.0651
vn -0.9475 -0.3191 -0.0219
vn -0.9293 -0.3674 -0.0372
vn -0.8412 -0.4844 0.2403
vn -0.9010 -0.3335 0.2774
vn -0.8931 -0.3708 0.2545
vn 0.2320 -0.4548 0.8598
vn 0.1996 -0.3612 0.9109
vn 0.1911 -0.4332 0.8808
vn 0.4659 -0.4563 0.7581
vn 0.4311 -0.3596 0.8275
vn 0.4219 -0.4101 0.8086
vn 0.7457 -0.4268 0.5116
vn 0.7304 -0.3354 0.5949
vn 0.7159 -0.3488 0.6049
vn 0.4522 -0.1354 -0.8816
vn 0.5990 -0.1749 -0.7815
vn 0.6596 -0.1413 -0.7382
vn 0.7223 -0.1699 -0.6704
vn 0.7099 -0.1942 -0.6770
vn 0.7247 -0.2196 -0.6531
vn 0.4629 -0.2102 -0.8612
vn 0.2480 -0.2149 -0.9446
vn 0.2309 -0.1146 -0.9662
vn 0.2058 -0.0968 -0.9738
vn 0.3687 -0.1197 -0.9218
vn 0.1302 -0.1303 -0.9829
vn 0.1465 -0.1049 -0.9836
vn 0.1433 -0.1672 -0.9755
vn -0.0643 -0.1045 -0.9924
vn -0.0496 -0.1001 -0.9937
vn -0.0437 -0.1761 -0.9834
vn -0.2506 -0.0954 -0.9634
vn -0.2368 -0.1044 -0.9659
vn -0.2245 -0.1791 -0.9579
vn 0.2655 -0.6512 -0.7110
vn 0.3441 -0.8529 -0.3927
vn 0.3599 -0.9229 -0.1365
vn -0.0260 -0.7031 -0.7106
vn -0.0149 -0.9260 -0.3771
vn -0.0103 -0.9925 -0.1216
vn -0.3059 -0.6607 -0.6856
vn -0.3614 -0.8532 -0.3761
vn -0.3722 -0.9190 -0.1301
vn -0.3067 -0.2730 0.9118
vn -0.2370 -0.1816 0.9544
vn -0.2052 -0.2248 0.9526
vn -0.0934 -0.3051 0.9477
vn -0.0424 -0.1962 0.9797
vn -0.0214 -0.2435 0.9697
vn 0.1196 -0.3290 0.9367
vn 0.1584 -0.2186 0.9629
vn 0.1693 -0.2625 0.9500
vn -0.7436 -0.1036 -0.6605
vn -0.7361 -0.1424 -0.6617
vn -0.7023 -0.2727 -0.6576
vn -0.9093 -0.1095 -0.4015
vn -0.9059 -0.1657 -0.3898
vn -0.8560 -0.3436 -0.3864
vn -0.9721 -0.1174 -0.2029
vn -0.9676 -0.1801 -0.1768
vn -0.9119 -0.3768 -0.1627
vn 0.7577 -0.3852 0.5268
vn 0.7482 -0.3008 0.5914
vn 0.7033 -0.3965 0.5901
vn 0.9125 -0.3643 0.1860
vn 0.9152 -0.3136 0.2530
vn 0.8506 -0.4479 0.2756
vn 0.9469 -0.3179 -0.0474
vn 0.9551 -0.2961 0.0132
vn 0.8942 -0.4456 0.0436
vn -0.4644 -0.3331 -0.8206
vn -0.3422 -0.3927 -0.8536
vn -0.2419 -0.4635 -0.8524
vn -0.3916 -0.2861 -0.8745
vn -0.2699 -0.3690 -0.8894
vn -0.1702 -0.4879 -0.8562
vn -0.3216 -0.2243 -0.9199
vn -0.1784 -0.2979 -0.9378
vn -0.0517 -0.4379 -0.8975
vn -0.9182 -0.3846 0.0946
vn -0.8683 -0.3623 0.3389
vn -0.7074 -0.2997 0.6402
vn -0.9780 -0.1944 0.0763
vn -0.9284 -0.1932 0.3174
vn -0.7568 -0.1833 0.6275
vn -0.9883 -0.1482 0.0349
vn -0.9513 -0.1679 0.2585
vn -0.8082 -0.1946 0.5558
vn 0.3383 -0.9380 0.0759
vn 0.3197 -0.9016 0.2913
vn 0.2639 -0.7547 0.6007
vn -0.0160 -0.9962 0.0852
vn -0.0177 -0.9524 0.3042
vn -0.0174 -0.7771 0.6291
vn -0.3706 -0.9241 0.0939
vn -0.3559 -0.8770 0.3227
vn -0.2964 -0.7154 0.6328
vn 0.9029 -0.3871 -0.1870
vn 0.8485 -0.3321 -0.4120
vn 0.6804 -0.2496 -0.6890
vn 0.9499 -0.2422 -0.1973
vn 0.8909 -0.2076 -0.4040
vn 0.7154 -0.1646 -0.6791
vn 0.9407 -0.2766 -0.1965
vn 0.8806 -0.2726 -0.3875
vn 0.7210 -0.2465 -0.6476
vn -0.8385 -0.2473 -0.4856
vn -0.7669 -0.2979 -0.5685
vn -0.7285 -0.2449 -0.6398
vn -0.7144 -0.2052 -0.6690
vn -0.8632 -0.2116 -0.4584
vn -0.9230 -0.2302 -0.3084
vn -0.8686 -0.2781 -0.4100
vn 0.0295 -0.7571 -0.6526
vn 0.0425 -0.7176 -0.6951
vn 0.0681 -0.6822 -0.7280
vn 0.0170 -0.8772 -0.4799
vn 0.0218 -0.8486 -0.5286
vn 0.0391 -0.8040 -0.5934
vn 0.0024 -0.9317 -0.3633
vn -0.0173 -0.9104 -0.4134
vn -0.0446 -0.8481 -0.5279
vn -0.0069 -0.9975 -0.0708
vn -0.0276 -0.9988 -0.0397
vn -0.0606 -0.9969 0.0499
vn 0.0010 -0.9995 -0.0312
vn 0.0031 -0.9999 -0.0143
vn 0.0173 -0.9996 0.0202
vn 0.0051 -0.9999 -0.0096
vn 0.0176 -0.9998 -0.0050
vn 0.0444 -0.9990 0.0034
vn 0.0778 -0.7991 -0.5962
vn -0.0294 -0.7418 -0.6700
vn -0.0841 -0.6173 -0.7822
vn 0.0495 -0.8931 -0.4472
vn -0.0067 -0.8221 -0.5693
vn -0.0443 -0.6854 -0.7269
vn 0.0247 -0.9258 -0.3771
vn 0.0003 -0.8676 -0.4972
vn -0.0214 -0.7442 -0.6676
vn -0.2633 -0.8911 -0.3695
vn -0.3081 -0.9221 -0.2339
vn -0.2754 -0.9567 -0.0937
vn -0.0954 -0.9447 -0.3137
vn -0.1100 -0.9618 -0.2509
vn -0.0997 -0.9798 -0.1735
vn -0.0171 -0.9564 -0.2914
vn -0.0212 -0.9676 -0.2514
vn -0.0209 -0.9806 -0.1950
vn -0.8476 0.5241 0.0836
vn -0.8147 0.5696 0.1088
vn -0.7613 0.6403 0.1025
vn -0.8858 0.4601 -0.0615
vn -0.8639 0.4985 -0.0713
vn -0.8092 0.5791 -0.0994
vn -0.8845 0.4119 -0.2193
vn -0.8591 0.4358 -0.2685
vn -0.8058 0.5016 -0.3149
vn -0.4484 -0.1863 -0.8742
vn -0.5110 -0.2111 -0.8333
vn -0.5213 -0.2002 -0.8295
vn -0.3637 0.0002 -0.9315
vn -0.4352 -0.0173 -0.9002
vn -0.4270 -0.0012 -0.9042
vn -0.3265 0.2251 -0.9180
vn -0.3592 0.2264 -0.9054
vn -0.3019 0.2457 -0.9212
vn -0.4028 -0.1633 -0.9006
vn -0.3469 -0.1539 -0.9252
vn -0.3194 -0.1457 -0.9364
vn -0.1971 0.0233 -0.9801
vn -0.0976 0.0140 -0.9951
vn -0.0475 0.0034 -0.9989
vn 0.0704 0.2265 -0.9715
vn 0.1979 0.1838 -0.9628
vn 0.2544 0.1507 -0.9553
vn -0.7041 -0.6873 -0.1785
vn -0.6871 -0.6955 -0.2101
vn -0.7002 -0.6728 -0.2390
vn -0.6933 -0.6178 -0.3710
vn -0.6767 -0.6181 -0.4001
vn -0.6785 -0.5926 -0.4341
vn -0.6481 -0.5048 -0.5702
vn -0.6465 -0.5083 -0.5689
vn -0.6453 -0.4864 -0.5891
vn -0.2790 0.6831 -0.6750
vn -0.2031 0.7120 -0.6721
vn -0.0056 0.7191 -0.6948
vn -0.2487 0.8391 -0.4839
vn -0.1440 0.8680 -0.4752
vn 0.1079 0.8601 -0.4986
vn -0.2356 0.9368 -0.2588
vn -0.0987 0.9624 -0.2530
vn 0.1902 0.9443 -0.2686
vn -0.3285 -0.1101 -0.9381
vn -0.3513 -0.0642 -0.9341
vn -0.3757 0.0189 -0.9266
vn -0.0440 0.0154 -0.9989
vn -0.0724 0.0576 -0.9957
vn -0.1162 0.1473 -0.9822
vn 0.2583 0.1455 -0.9550
vn 0.2267 0.1867 -0.9559
vn 0.1726 0.2681 -0.9478
vn -0.7933 -0.5531 -0.2543
vn -0.8401 -0.4878 -0.2373
vn -0.8763 -0.4327 -0.2119
vn -0.7337 -0.4988 -0.4615
vn -0.7737 -0.4526 -0.4433
vn -0.8132 -0.4115 -0.4116
vn -0.6535 -0.4204 -0.6294
vn -0.6751 -0.3919 -0.6250
vn -0.7068 -0.3644 -0.6063
vn 0.5438 0.5128 -0.6643
vn 0.6654 0.4143 -0.6210
vn 0.7220 0.3638 -0.5885
vn 0.6637 0.5844 -0.4669
vn 0.7697 0.4768 -0.4245
vn 0.8194 0.4234 -0.3865
vn 0.7332 0.6324 -0.2498
vn 0.8244 0.5206 -0.2222
vn 0.8646 0.4630 -0.1951
vn -0.5777 0.3020 -0.7584
vn -0.7089 0.4300 -0.5590
vn -0.7979 0.5241 -0.2977
vn -0.2279 0.5442 -0.8074
vn -0.2717 0.7566 -0.5948
vn -0.3021 0.8996 -0.3153
vn 0.1627 0.6533 -0.7394
vn 0.2140 0.8306 -0.5141
vn 0.2456 0.9346 -0.2573
vn -0.9231 -0.3459 -0.1680
vn -0.9449 -0.2854 -0.1604
vn -0.9698 -0.1728 -0.1723
vn -0.8747 -0.3342 -0.3511
vn -0.8990 -0.2758 -0.3403
vn -0.9178 -0.1680 -0.3597
vn -0.7714 -0.2993 -0.5615
vn -0.7964 -0.2448 -0.5530
vn -0.8128 -0.1536 -0.5619
vn 0.7507 0.3663 -0.5498
vn 0.7265 0.4178 -0.5455
vn 0.6623 0.5065 -0.5521
vn 0.8444 0.4225 -0.3294
vn 0.8193 0.4768 -0.3184
vn 0.7433 0.5799 -0.3334
vn 0.8786 0.4527 -0.1522
vn 0.8507 0.5060 -0.1425
vn 0.7749 0.6141 -0.1498
vt 0.208442 0.731450
vt 0.210858 0.717065
vt 0.224887 0.714053
vt 0.221553 0.728199
vt 0.213136 0.700125
vt 0.227872 0.697646
vt 0.237953 0.711323
vt 0.233970 0.725645
vt 0.241505 0.695274
vt 0.194345 0.746011
vt 0.195358 0.734493
vt 0.206178 0.742776
vt 0.196809 0.719707
vt 0.198359 0.702225
vt 0.199672 0.682622
vt 0.214961 0.681122
vt 0.230217 0.679320
vt 0.244315 0.677537
vt 0.256128 0.676090
vt 0.252962 0.693461
vt 0.249013 0.709268
vt 0.244794 0.723832
vt 0.229141 0.738103
vt 0.240463 0.740530
vt 0.217931 0.739666
vt 0.600538 0.226849
vt 0.600257 0.205220
vt 0.621542 0.204957
vt 0.621696 0.225900
vt 0.599325 0.183838
vt 0.620465 0.184218
vt 0.639008 0.204937
vt 0.639049 0.225385
vt 0.637829 0.184690
vt 0.575233 0.250144
vt 0.575235 0.228108
vt 0.600127 0.248035
vt 0.574834 0.205774
vt 0.574096 0.183782
vt 0.573086 0.162769
vt 0.597781 0.163390
vt 0.618494 0.164409
vt 0.635533 0.165399
vt 0.649208 0.165932
vt 0.651726 0.185024
vt 0.652976 0.205116
vt 0.652935 0.225428
vt 0.637927 0.245280
vt 0.651583 0.245179
vt 0.620900 0.246323
vt 0.212809 0.577069
vt 0.210515 0.559311
vt 0.224621 0.561737
vt 0.227556 0.578704
vt 0.208248 0.544049
vt 0.221719 0.547346
vt 0.237503 0.564010
vt 0.241153 0.580112
vt 0.233730 0.550737
vt 0.199434 0.595889
vt 0.198001 0.575626
vt 0.214729 0.596728
vt 0.196271 0.557262
vt 0.194517 0.541415
vt 0.193006 0.528703
vt 0.206438 0.531867
vt 0.219613 0.536032
vt 0.231177 0.540818
vt 0.238951 0.544886
vt 0.243177 0.552848
vt 0.248150 0.565344
vt 0.252521 0.580841
vt 0.244078 0.598337
vt 0.255867 0.598541
vt 0.229988 0.597638
vt 0.595746 0.144514
vt 0.593665 0.127630
vt 0.612803 0.130016
vt 0.615758 0.146198
vt 0.592071 0.113104
vt 0.610341 0.116219
vt 0.628467 0.132297
vt 0.632241 0.147766
vt 0.624970 0.119436
vt 0.571906 0.143335
vt 0.570816 0.125921
vt 0.570113 0.110931
vt 0.570094 0.098767
vt 0.591526 0.101293
vt 0.609322 0.105093
vt 0.623285 0.109543
vt 0.660621 0.708136
vt 0.668524 0.704692
vt 0.671845 0.713857
vt 0.667745 0.719111
vt 0.636106 0.121220
vt 0.640977 0.133477
vt 0.645509 0.148571
vt 0.214747 0.776478
vt 0.223488 0.770229
vt 0.226794 0.783871
vt 0.217305 0.788657
vt 0.231933 0.762027
vt 0.233743 0.772784
vt 0.236316 0.779623
vt 0.233454 0.787957
vt 0.231847 0.799309
vt 0.225698 0.799823
vt 0.218657 0.801155
vt 0.203549 0.771033
vt 0.211321 0.766751
vt 0.207219 0.780712
vt 0.220043 0.760562
vt 0.210158 0.792104
vt 0.239044 0.756701
vt 0.229102 0.752137
vt 0.238807 0.768326
vt 0.239036 0.778768
vt 0.238779 0.781594
vt 0.238991 0.776132
vt 0.237833 0.788708
vt 0.235261 0.806311
vt 0.231385 0.809399
vt 0.236555 0.798566
vt 0.225518 0.811279
vt 0.214618 0.809883
vt 0.212621 0.802835
vt 0.219192 0.811252
vt 0.702024 0.672707
vt 0.703534 0.692526
vt 0.689300 0.690820
vt 0.687049 0.671754
vt 0.704546 0.709575
vt 0.691070 0.707043
vt 0.675953 0.689776
vt 0.672857 0.671437
vt 0.678782 0.704889
vt 0.716276 0.650183
vt 0.716841 0.673685
vt 0.700929 0.649956
vt 0.717766 0.694156
vt 0.718267 0.711745
vt 0.717560 0.726604
vt 0.704123 0.724032
vt 0.691165 0.720680
vt 0.679722 0.716954
vt 0.664307 0.690404
vt 0.660382 0.672400
vt 0.670443 0.649890
vt 0.657397 0.650939
vt 0.685303 0.649710
vt 0.597551 0.301892
vt 0.598077 0.286248
vt 0.617042 0.283170
vt 0.614810 0.298783
vt 0.599110 0.268079
vt 0.619213 0.265557
vt 0.632726 0.281256
vt 0.629418 0.296979
vt 0.635697 0.263976
vt 0.579868 0.317834
vt 0.577443 0.305554
vt 0.597283 0.314731
vt 0.575461 0.289953
vt 0.574976 0.271142
vt 0.648973 0.263721
vt 0.645474 0.280931
vt 0.641531 0.296905
vt 0.625932 0.310725
vt 0.637432 0.312972
vt 0.612652 0.312022
vt 0.427680 0.591700
vt 0.430246 0.568562
vt 0.446939 0.560925
vt 0.438440 0.588036
vt 0.433102 0.547785
vt 0.449494 0.540686
vt 0.467263 0.533294
vt 0.466835 0.545030
vt 0.384617 0.890828
vt 0.387588 0.903738
vt 0.382480 0.912843
vt 0.379166 0.892987
vt 0.662947 0.912123
vt 0.667392 0.920203
vt 0.652420 0.914813
vt 0.654801 0.908575
vt 0.678302 0.933410
vt 0.671562 0.935707
vt 0.415483 0.618219
vt 0.414453 0.596299
vt 0.427886 0.614689
vt 0.415616 0.574436
vt 0.438121 0.610607
vt 0.421320 0.535616
vt 0.436310 0.529683
vt 0.417974 0.553984
vt 0.452164 0.523739
vt 0.485878 0.516331
vt 0.485457 0.530044
vt 0.468821 0.518588
vt 0.485096 0.540834
vt 0.388236 0.874818
vt 0.389037 0.888299
vt 0.383662 0.874802
vt 0.391346 0.899295
vt 0.378210 0.874731
vt 0.667494 0.909337
vt 0.670250 0.913488
vt 0.662571 0.907327
vt 0.675889 0.920691
vt 0.394794 0.905905
vt 0.392546 0.909748
vt 0.694543 0.942207
vt 0.690752 0.948508
vt 0.684759 0.930785
vt 0.686645 0.954007
vt 0.442208 0.676040
vt 0.437648 0.656559
vt 0.452431 0.652817
vt 0.455414 0.676023
vt 0.431864 0.636175
vt 0.442675 0.631305
vt 0.449607 0.623282
vt 0.458462 0.636445
vt 0.470427 0.643282
vt 0.469007 0.659284
vt 0.469518 0.677564
vt 0.433472 0.692398
vt 0.429674 0.676294
vt 0.445150 0.693592
vt 0.424686 0.658309
vt 0.457359 0.694671
vt 0.419374 0.638945
vt 0.702695 0.953051
vt 0.701102 0.963004
vt 0.453985 0.614168
vt 0.462146 0.623788
vt 0.444491 0.606406
vt 0.483442 0.631073
vt 0.483596 0.645192
vt 0.472278 0.629345
vt 0.483742 0.660964
vt 0.484157 0.696097
vt 0.470481 0.695650
vt 0.483912 0.678469
vt 0.440055 0.514365
vt 0.443925 0.501988
vt 0.458059 0.498094
vt 0.455106 0.509464
vt 0.725428 0.750904
vt 0.728577 0.740577
vt 0.741926 0.741306
vt 0.739611 0.751628
vt 0.472351 0.495409
vt 0.470595 0.505674
vt 0.755196 0.741477
vt 0.753925 0.751713
vt 0.425526 0.519792
vt 0.429995 0.506788
vt 0.711412 0.749193
vt 0.715114 0.738941
vt 0.730709 0.728164
vt 0.743509 0.728905
vt 0.756074 0.729129
vt 0.768516 0.729137
vt 0.768419 0.741452
vt 0.768295 0.751631
vt 0.486711 0.494401
vt 0.486294 0.504128
vt 0.216063 0.660585
vt 0.216391 0.639195
vt 0.232068 0.638743
vt 0.231635 0.659464
vt 0.215945 0.617669
vt 0.231519 0.617890
vt 0.246549 0.638176
vt 0.246021 0.658292
vt 0.245902 0.617941
vt 0.200468 0.661493
vt 0.200692 0.639523
vt 0.200347 0.617419
vt 0.257930 0.617685
vt 0.258659 0.637503
vt 0.258058 0.657228
vt 0.427334 0.305340
vt 0.424167 0.290464
vt 0.433808 0.291821
vt 0.436381 0.307069
vt 0.421029 0.272956
vt 0.431144 0.273830
vt 0.446457 0.293213
vt 0.447894 0.308730
vt 0.444509 0.274724
vt 0.422555 0.314811
vt 0.419409 0.303544
vt 0.430162 0.316941
vt 0.415844 0.289092
vt 0.412322 0.272070
vt 0.409306 0.253091
vt 0.418320 0.253473
vt 0.428756 0.253824
vt 0.442491 0.254132
vt 0.461406 0.254385
vt 0.462969 0.275671
vt 0.463799 0.294690
vt 0.463220 0.310322
vt 0.449170 0.320740
vt 0.462413 0.322243
vt 0.438726 0.318945
vt 0.482826 0.312066
vt 0.487045 0.296477
vt 0.517548 0.300058
vt 0.503080 0.315262
vt 0.487653 0.276596
vt 0.516687 0.276635
vt 0.546842 0.274308
vt 0.549031 0.294016
vt 0.554914 0.309315
vt 0.533550 0.314189
vt 0.518512 0.321107
vt 0.478680 0.323520
vt 0.495404 0.325229
vt 0.486578 0.254475
vt 0.515874 0.253909
vt 0.546379 0.252307
vt 0.560939 0.320689
vt 0.542978 0.323712
vt 0.519318 0.329800
vt 0.509695 0.327766
vt 0.528549 0.327203
vt 0.698526 0.534738
vt 0.683619 0.538806
vt 0.681230 0.529355
vt 0.693714 0.525902
vt 0.668772 0.538715
vt 0.668403 0.529504
vt 0.678435 0.523001
vt 0.688900 0.520317
vt 0.667632 0.523417
vt 0.719846 0.539358
vt 0.702100 0.549315
vt 0.710358 0.526211
vt 0.685107 0.553359
vt 0.668727 0.553268
vt 0.653478 0.547729
vt 0.656829 0.533869
vt 0.657843 0.526021
vt 0.963723 0.565050
vt 0.961403 0.575633
vt 0.955750 0.571487
vt 0.958514 0.562916
vt 0.952017 0.568121
vt 0.952971 0.561526
vt 0.961201 0.552102
vt 0.955018 0.552019
vt 0.963723 0.541492
vt 0.957622 0.542679
vt 0.696416 0.515432
vt 0.684834 0.515896
vt 0.691297 0.513586
vt 0.702996 0.519214
vt 0.702593 0.571513
vt 0.701693 0.597628
vt 0.684973 0.599029
vt 0.685361 0.574192
vt 0.700915 0.624439
vt 0.684733 0.624925
vt 0.668962 0.599753
vt 0.668856 0.574699
vt 0.669285 0.625480
vt 0.719138 0.567860
vt 0.717768 0.595855
vt 0.716656 0.623796
vt 0.655744 0.626428
vt 0.655006 0.600308
vt 0.654547 0.574152
vt 0.425035 0.704075
vt 0.426746 0.715310
vt 0.417956 0.714008
vt 0.414848 0.702964
vt 0.427254 0.725527
vt 0.419946 0.724393
vt 0.409908 0.713997
vt 0.405474 0.703374
vt 0.412993 0.724356
vt 0.435547 0.706169
vt 0.421911 0.691127
vt 0.435821 0.717846
vt 0.434538 0.728006
vt 0.432771 0.737885
vt 0.427144 0.735679
vt 0.421083 0.734829
vt 0.414921 0.734927
vt 0.408988 0.735564
vt 0.406805 0.725172
vt 0.403288 0.715389
vt 0.398088 0.706150
vt 0.400030 0.691434
vt 0.389975 0.696304
vt 0.410653 0.690477
vt 0.890874 0.220615
vt 0.892911 0.207996
vt 0.905342 0.211004
vt 0.899672 0.221915
vt 0.893791 0.192886
vt 0.905252 0.193484
vt 0.915995 0.192701
vt 0.916904 0.208215
vt 0.919376 0.221516
vt 0.911541 0.222569
vt 0.905907 0.226321
vt 0.880065 0.236426
vt 0.880543 0.221590
vt 0.889376 0.230319
vt 0.881403 0.207251
vt 0.896757 0.229194
vt 0.882333 0.176312
vt 0.894148 0.177021
vt 0.881972 0.192009
vt 0.905432 0.177255
vt 0.925536 0.175706
vt 0.925621 0.191479
vt 0.915978 0.176713
vt 0.926239 0.207066
vt 0.929108 0.236776
vt 0.921845 0.231817
vt 0.927534 0.221816
vt 0.915268 0.230439
vt 0.930556 0.357690
vt 0.926844 0.355859
vt 0.930589 0.351023
vt 0.934300 0.355082
vt 0.902631 0.230621
vt 0.909928 0.231209
vt 0.416924 0.152310
vt 0.418495 0.135226
vt 0.430471 0.132874
vt 0.428437 0.150373
vt 0.419776 0.118472
vt 0.432193 0.115898
vt 0.445482 0.130628
vt 0.443141 0.148469
vt 0.447318 0.113552
vt 0.406068 0.172014
vt 0.407206 0.154239
vt 0.415596 0.170542
vt 0.408490 0.137700
vt 0.409295 0.121583
vt 0.408825 0.103205
vt 0.420703 0.101049
vt 0.432976 0.098888
vt 0.447240 0.097067
vt 0.466376 0.094264
vt 0.466588 0.111650
vt 0.464786 0.128625
vt 0.462455 0.146658
vt 0.441154 0.167591
vt 0.460461 0.166138
vt 0.426745 0.169063
vt 0.487142 0.145031
vt 0.489056 0.127025
vt 0.516431 0.125915
vt 0.515310 0.143779
vt 0.490825 0.110831
vt 0.517670 0.110345
vt 0.544453 0.125426
vt 0.544409 0.143128
vt 0.544768 0.110170
vt 0.485581 0.164751
vt 0.492666 0.097249
vt 0.519032 0.097665
vt 0.545416 0.097802
vt 0.544600 0.162868
vt 0.514530 0.163595
vt 0.416378 0.232698
vt 0.415275 0.211413
vt 0.426045 0.210821
vt 0.427012 0.232560
vt 0.415013 0.190425
vt 0.425932 0.189393
vt 0.440127 0.210172
vt 0.440956 0.232353
vt 0.440146 0.188335
vt 0.407171 0.232803
vt 0.405953 0.211985
vt 0.405602 0.191451
vt 0.459443 0.187233
vt 0.459382 0.209429
vt 0.460097 0.232041
vt 0.485521 0.231561
vt 0.484884 0.208567
vt 0.514544 0.207610
vt 0.515118 0.230750
vt 0.484845 0.186096
vt 0.514299 0.185041
vt 0.545484 0.206623
vt 0.545982 0.229512
vt 0.544989 0.184215
vt 0.844928 0.225398
vt 0.844917 0.208147
vt 0.857355 0.207712
vt 0.857336 0.224388
vt 0.845016 0.191173
vt 0.857516 0.191230
vt 0.869554 0.207306
vt 0.869256 0.222986
vt 0.869860 0.191467
vt 0.832133 0.243582
vt 0.832262 0.225772
vt 0.845104 0.243082
vt 0.832361 0.208347
vt 0.832439 0.191180
vt 0.832506 0.174145
vt 0.845172 0.174335
vt 0.857753 0.174831
vt 0.870168 0.175527
vt 0.868982 0.238890
vt 0.857529 0.241482
vt 0.845139 0.295635
vt 0.845719 0.279146
vt 0.860731 0.278736
vt 0.858153 0.296315
vt 0.845472 0.261219
vt 0.858182 0.259205
vt 0.868813 0.255035
vt 0.870553 0.269453
vt 0.875487 0.279521
vt 0.871377 0.287690
vt 0.446224 0.708775
vt 0.457785 0.711143
vt 0.456053 0.727881
vt 0.445024 0.721673
vt 0.484522 0.712166
vt 0.470833 0.712005
vt 0.831449 0.295670
vt 0.831738 0.279394
vt 0.831962 0.261718
vt 0.876768 0.251781
vt 0.876932 0.264510
vt 0.441359 0.732089
vt 0.437539 0.741747
vt 0.879642 0.274504
vt 0.757535 0.562774
vt 0.757038 0.591393
vt 0.745070 0.592618
vt 0.746084 0.564139
vt 0.756610 0.621031
vt 0.744228 0.621865
vt 0.732154 0.594144
vt 0.733545 0.565710
vt 0.731046 0.622877
vt 0.768404 0.536986
vt 0.768473 0.562165
vt 0.757990 0.537567
vt 0.768538 0.590878
vt 0.768594 0.620683
vt 0.768630 0.649141
vt 0.756371 0.649318
vt 0.743779 0.649698
vt 0.730525 0.650061
vt 0.735124 0.539814
vt 0.747097 0.538788
vt 0.758425 0.489841
vt 0.758455 0.502078
vt 0.748358 0.502318
vt 0.748236 0.489483
vt 0.758308 0.517560
vt 0.747931 0.518373
vt 0.737824 0.502282
vt 0.737326 0.488898
vt 0.736964 0.518847
vt 0.768166 0.479881
vt 0.768223 0.489954
vt 0.758263 0.479580
vt 0.768280 0.501923
vt 0.768340 0.517147
vt 0.725843 0.517585
vt 0.727113 0.501544
vt 0.725817 0.488401
vt 0.736198 0.477958
vt 0.720880 0.477337
vt 0.747829 0.478845
vt 0.158653 0.662474
vt 0.158638 0.639869
vt 0.171982 0.639830
vt 0.171927 0.662365
vt 0.158529 0.617132
vt 0.171803 0.617164
vt 0.185904 0.639726
vt 0.185770 0.662069
vt 0.185648 0.617250
vt 0.145785 0.684279
vt 0.145664 0.662490
vt 0.158573 0.684253
vt 0.145582 0.639874
vt 0.145540 0.617127
vt 0.145540 0.594944
vt 0.158329 0.594959
vt 0.171391 0.595063
vt 0.185002 0.595343
vt 0.185243 0.683580
vt 0.171635 0.684072
vt 0.655898 0.148117
vt 0.650704 0.132806
vt 0.658146 0.130737
vt 0.663834 0.146533
vt 0.672770 0.735023
vt 0.677213 0.726628
vt 0.688747 0.732044
vt 0.684624 0.741576
vt 0.398644 0.530890
vt 0.403531 0.517948
vt 0.416386 0.512217
vt 0.411620 0.525354
vt 0.701631 0.736114
vt 0.697669 0.746182
vt 0.659866 0.165655
vt 0.644284 0.120052
vt 0.407218 0.541166
vt 0.394230 0.546390
vt 0.382628 0.551455
vt 0.386956 0.536291
vt 0.394505 0.677101
vt 0.389101 0.661077
vt 0.400141 0.659612
vt 0.405566 0.675948
vt 0.384188 0.643840
vt 0.395067 0.641868
vt 0.412120 0.659024
vt 0.417402 0.676018
vt 0.406918 0.640548
vt 0.384604 0.680252
vt 0.379389 0.664332
vt 0.659486 0.264983
vt 0.655653 0.282392
vt 0.662299 0.246142
vt 0.380437 0.625563
vt 0.391229 0.622946
vt 0.403029 0.620777
vt 0.378437 0.606486
vt 0.378209 0.587270
vt 0.389385 0.583240
vt 0.389359 0.603151
vt 0.379641 0.568676
vt 0.391059 0.564065
vt 0.401928 0.579169
vt 0.401460 0.600003
vt 0.403911 0.559307
vt 0.663765 0.226047
vt 0.663834 0.205391
vt 0.662525 0.184990
vt 0.756381 0.674315
vt 0.756481 0.695807
vt 0.744107 0.695666
vt 0.743845 0.674366
vt 0.756451 0.714007
vt 0.744137 0.713784
vt 0.731277 0.695183
vt 0.730757 0.674219
vt 0.731468 0.713112
vt 0.768642 0.674256
vt 0.768627 0.695809
vt 0.768585 0.714027
vt 0.846165 0.059503
vt 0.846395 0.048365
vt 0.861421 0.049978
vt 0.858787 0.062118
vt 0.845556 0.037071
vt 0.858145 0.037085
vt 0.869250 0.035820
vt 0.872031 0.044962
vt 0.877248 0.052676
vt 0.871701 0.058520
vt 0.869081 0.066971
vt 0.832612 0.069214
vt 0.832566 0.058736
vt 0.845724 0.070051
vt 0.832490 0.047830
vt 0.857873 0.072515
vt 0.832131 0.026266
vt 0.844575 0.026398
vt 0.832355 0.036824
vt 0.856681 0.026526
vt 0.879708 0.026915
vt 0.879557 0.034808
vt 0.868259 0.026465
vt 0.880986 0.042264
vt 0.888815 0.054935
vt 0.882787 0.059046
vt 0.884485 0.048965
vt 0.878805 0.064800
vt 0.876281 0.080590
vt 0.868206 0.076354
vt 0.876897 0.072216
vt 0.158045 0.574037
vt 0.157715 0.555015
vt 0.170002 0.555268
vt 0.170764 0.574214
vt 0.157381 0.538534
vt 0.169202 0.538864
vt 0.182773 0.555947
vt 0.183996 0.574693
vt 0.181501 0.539737
vt 0.145584 0.574012
vt 0.145670 0.554978
vt 0.145797 0.538482
vt 0.145961 0.525163
vt 0.157085 0.525232
vt 0.168461 0.525643
vt 0.180348 0.526699
vt 0.158508 0.737989
vt 0.158346 0.722642
vt 0.170725 0.722311
vt 0.170644 0.737587
vt 0.158424 0.704521
vt 0.171153 0.704266
vt 0.183458 0.721422
vt 0.182824 0.736518
vt 0.184378 0.703573
vt 0.146629 0.750012
vt 0.146365 0.738049
vt 0.159079 0.749939
vt 0.146135 0.722690
vt 0.145942 0.704558
vt 0.182815 0.748251
vt 0.171202 0.749470
vt 0.845530 0.100511
vt 0.845457 0.089937
vt 0.857588 0.092169
vt 0.857979 0.102625
vt 0.845495 0.080011
vt 0.857527 0.082341
vt 0.868393 0.095160
vt 0.869568 0.105330
vt 0.867979 0.085672
vt 0.832700 0.111630
vt 0.832701 0.099665
vt 0.845603 0.112416
vt 0.832683 0.089068
vt 0.832651 0.079148
vt 0.876225 0.089221
vt 0.876986 0.098142
vt 0.879148 0.107653
vt 0.870892 0.116809
vt 0.884226 0.119235
vt 0.858357 0.114352
vt 0.757228 0.454556
vt 0.757673 0.461867
vt 0.746920 0.461450
vt 0.746214 0.454469
vt 0.758013 0.470273
vt 0.747415 0.469570
vt 0.167866 0.515957
vt 0.167475 0.509011
vt 0.178978 0.510004
vt 0.179471 0.517132
vt 0.735789 0.469024
vt 0.735400 0.461509
vt 0.146162 0.515398
vt 0.156866 0.515486
vt 0.767942 0.454717
vt 0.768037 0.462141
vt 0.768108 0.470614
vt 0.722619 0.469278
vt 0.722772 0.462733
vt 0.191607 0.512124
vt 0.191987 0.519365
vt 0.379644 0.233891
vt 0.378291 0.214133
vt 0.387237 0.213271
vt 0.388571 0.233239
vt 0.378210 0.194544
vt 0.387017 0.193518
vt 0.396595 0.212581
vt 0.397888 0.232933
vt 0.396268 0.192484
vt 0.266917 0.656398
vt 0.264853 0.675221
vt 0.267559 0.636736
vt 0.266772 0.617023
vt 0.264550 0.598048
vt 0.379366 0.175908
vt 0.387853 0.174779
vt 0.396840 0.173452
vt 0.400216 0.252731
vt 0.391078 0.252622
vt 0.382303 0.253033
vt 0.381593 0.158955
vt 0.384183 0.144202
vt 0.391524 0.142580
vt 0.389570 0.157733
vt 0.386281 0.132059
vt 0.392928 0.129443
vt 0.399591 0.140270
vt 0.398140 0.156100
vt 0.400477 0.125734
vt 0.260901 0.580553
vt 0.255896 0.565109
vt 0.249566 0.552185
vt 0.241592 0.541951
vt 0.244946 0.537843
vt 0.254260 0.549593
vt 0.248813 0.532253
vt 0.258404 0.545794
vt 0.254296 0.522272
vt 0.262719 0.541487
vt 0.205464 0.522944
vt 0.205464 0.515867
vt 0.219683 0.521314
vt 0.218951 0.527869
vt 0.206667 0.508773
vt 0.221672 0.514412
vt 0.233178 0.528519
vt 0.231290 0.534107
vt 0.236114 0.522008
vt 0.192061 0.505209
vt 0.194188 0.495402
vt 0.210156 0.499648
vt 0.225120 0.505163
vt 0.239701 0.512236
vt 0.396443 0.301702
vt 0.391069 0.287167
vt 0.399124 0.286953
vt 0.403792 0.300960
vt 0.386226 0.270880
vt 0.394727 0.270686
vt 0.407492 0.287763
vt 0.411541 0.301833
vt 0.403551 0.271208
vt 0.396725 0.321451
vt 0.389413 0.303911
vt 0.402089 0.313817
vt 0.383558 0.288604
vt 0.378416 0.272128
vt 0.261475 0.692536
vt 0.415203 0.312831
vt 0.408269 0.312051
vt 0.569183 0.886958
vt 0.569873 0.878895
vt 0.579744 0.880744
vt 0.578894 0.887581
vt 0.569923 0.870713
vt 0.580093 0.873267
vt 0.589297 0.882116
vt 0.587806 0.888073
vt 0.590144 0.875148
vt 0.558219 0.897325
vt 0.560971 0.885934
vt 0.567843 0.893987
vt 0.561681 0.876492
vt 0.561507 0.867585
vt 0.560976 0.858938
vt 0.569686 0.862691
vt 0.580183 0.865734
vt 0.590593 0.867961
vt 0.599042 0.869263
vt 0.598243 0.876254
vt 0.596839 0.883019
vt 0.594429 0.888565
vt 0.830681 0.390582
vt 0.829082 0.395026
vt 0.821969 0.392395
vt 0.824889 0.389845
vt 0.839475 0.390966
vt 0.838111 0.396176
vt 0.577686 0.893089
vt 0.240260 0.445066
vt 0.241874 0.440888
vt 0.250899 0.441689
vt 0.248897 0.445984
vt 0.674300 0.487452
vt 0.673237 0.491414
vt 0.664639 0.492325
vt 0.665287 0.488362
vt 0.258410 0.446293
vt 0.256182 0.450381
vt 0.657426 0.494540
vt 0.657782 0.490959
vt 0.231178 0.452322
vt 0.231195 0.448003
vt 0.237460 0.452029
vt 0.684790 0.484609
vt 0.684028 0.488385
vt 0.675750 0.484054
vt 0.682097 0.492247
vt 0.680047 0.495225
vt 0.673432 0.495675
vt 0.665193 0.496810
vt 0.658096 0.498480
vt 0.653840 0.500045
vt 0.652420 0.498017
vt 0.418960 0.027676
vt 0.422766 0.026266
vt 0.425080 0.032945
vt 0.421651 0.035426
vt 0.415156 0.031726
vt 0.417591 0.039013
vt 0.252995 0.457339
vt 0.261086 0.458007
vt 0.257697 0.461356
vt 0.245628 0.453592
vt 0.243132 0.497668
vt 0.230092 0.492359
vt 0.235747 0.477988
vt 0.246618 0.481907
vt 0.217093 0.487370
vt 0.225035 0.473976
vt 0.241117 0.464576
vt 0.249906 0.468010
vt 0.232166 0.461792
vt 0.254540 0.501579
vt 0.206485 0.482613
vt 0.216533 0.469930
vt 0.225151 0.459086
vt 0.257386 0.470257
vt 0.256120 0.484309
vt 0.966057 0.829687
vt 0.953993 0.828265
vt 0.953993 0.815622
vt 0.964424 0.817965
vt 0.715773 0.513362
vt 0.706786 0.509541
vt 0.704721 0.497452
vt 0.716453 0.499833
vt 0.698904 0.508424
vt 0.696664 0.500948
vt 0.690290 0.495422
vt 0.693879 0.491327
vt 0.964138 0.807521
vt 0.958071 0.804246
vt 0.189698 0.487869
vt 0.201107 0.477755
vt 0.714556 0.488377
vt 0.211951 0.465766
vt 0.691071 0.509059
vt 0.688752 0.503257
vt 0.684294 0.498324
vt 0.221947 0.455233
vt 0.693978 0.486079
vt 0.444094 0.081625
vt 0.432416 0.081401
vt 0.430841 0.062191
vt 0.440895 0.068057
vt 0.421577 0.082581
vt 0.421459 0.064894
vt 0.419820 0.050091
vt 0.425225 0.046681
vt 0.428677 0.041901
vt 0.433619 0.051303
vt 0.439590 0.057955
vt 0.454466 0.080994
vt 0.448162 0.070200
vt 0.412465 0.082775
vt 0.413944 0.065493
vt 0.263012 0.469159
vt 0.414345 0.051382
vt 0.427327 0.032013
vt 0.430371 0.037171
vt 0.434694 0.044397
vt 0.952360 0.576013
vt 0.948144 0.569820
vt 0.444593 0.061375
vt 0.439313 0.050999
vt 0.419464 0.331333
vt 0.413307 0.327634
vt 0.414896 0.324358
vt 0.419546 0.326073
vt 0.407752 0.322130
vt 0.412143 0.319785
vt 0.418015 0.320515
vt 0.426511 0.341990
vt 0.418999 0.338833
vt 0.426552 0.334276
vt 0.412192 0.334624
vt 0.426203 0.328549
vt 0.405549 0.328836
vt 0.424878 0.322682
vt 0.453857 0.341404
vt 0.443681 0.339429
vt 0.442444 0.333458
vt 0.452356 0.335437
vt 0.434610 0.336990
vt 0.433813 0.331098
vt 0.440769 0.327257
vt 0.450695 0.329167
vt 0.432345 0.325045
vt 0.466557 0.350722
vt 0.454564 0.349116
vt 0.465324 0.342494
vt 0.444391 0.347126
vt 0.435005 0.344731
vt 0.462667 0.330618
vt 0.463817 0.336790
vt 0.222652 0.747973
vt 0.215427 0.755321
vt 0.211349 0.753272
vt 0.214182 0.748127
vt 0.207365 0.760668
vt 0.204514 0.756289
vt 0.204487 0.750795
vt 0.199232 0.764575
vt 0.889758 0.041102
vt 0.892571 0.046688
vt 0.194192 0.754028
vt 0.889744 0.035197
vt 0.944715 0.638802
vt 0.944926 0.633640
vt 0.952553 0.633386
vt 0.952896 0.638309
vt 0.945377 0.629261
vt 0.952203 0.629155
vt 0.959734 0.632289
vt 0.960650 0.636975
vt 0.958570 0.628546
vt 0.937155 0.644735
vt 0.937435 0.638384
vt 0.944643 0.644904
vt 0.938095 0.632948
vt 0.939390 0.628546
vt 0.212957 0.813239
vt 0.218821 0.817563
vt 0.225628 0.818266
vt 0.232082 0.815353
vt 0.237069 0.808517
vt 0.419651 0.400928
vt 0.416195 0.398127
vt 0.415436 0.390779
vt 0.418424 0.392130
vt 0.424250 0.401877
vt 0.422951 0.392903
vt 0.430224 0.401936
vt 0.429121 0.393379
vt 0.953135 0.644261
vt 0.961228 0.642932
vt 0.945146 0.664763
vt 0.944701 0.658820
vt 0.953049 0.658532
vt 0.952752 0.664891
vt 0.944573 0.651866
vt 0.953184 0.651301
vt 0.961091 0.657600
vt 0.960126 0.664013
vt 0.961437 0.650161
vt 0.817444 0.387011
vt 0.823070 0.385242
vt 0.938722 0.664146
vt 0.937457 0.658542
vt 0.937048 0.651744
vt 0.437510 0.401732
vt 0.436704 0.393630
vt 0.445083 0.400860
vt 0.444515 0.393328
vt 0.451774 0.398645
vt 0.451193 0.392169
vt 0.822043 0.371036
vt 0.815984 0.371845
vt 0.819636 0.364849
vt 0.823203 0.365888
vt 0.821818 0.378277
vt 0.815402 0.379684
vt 0.435288 0.355717
vt 0.444549 0.357870
vt 0.444423 0.370363
vt 0.435610 0.368782
vt 0.453782 0.359848
vt 0.452618 0.371822
vt 0.444333 0.382721
vt 0.436068 0.382081
vt 0.451616 0.383015
vt 0.426685 0.353224
vt 0.461590 0.362356
vt 0.459046 0.373845
vt 0.457043 0.383977
vt 0.455384 0.390615
vt 0.428063 0.381016
vt 0.427207 0.366861
vt 0.850183 0.362371
vt 0.850262 0.372218
vt 0.839840 0.374401
vt 0.839556 0.365681
vt 0.850206 0.382482
vt 0.839931 0.383332
vt 0.830110 0.376478
vt 0.829933 0.368774
vt 0.830637 0.384176
vt 0.860839 0.348848
vt 0.860347 0.359301
vt 0.849466 0.354613
vt 0.860118 0.370125
vt 0.860182 0.381582
vt 0.860839 0.394521
vt 0.849652 0.391535
vt 0.829259 0.362696
vt 0.838634 0.358784
vt 0.569424 0.855054
vt 0.568856 0.848229
vt 0.579797 0.852378
vt 0.580211 0.858661
vt 0.567564 0.842616
vt 0.578509 0.847155
vt 0.590472 0.855483
vt 0.590881 0.861303
vt 0.588887 0.850711
vt 0.560420 0.850535
vt 0.559626 0.843052
vt 0.558219 0.837167
vt 0.197560 0.773859
vt 0.201924 0.783479
vt 0.205429 0.794648
vt 0.208787 0.805189
vt 0.596861 0.853017
vt 0.599073 0.857475
vt 0.599557 0.862924
vt 0.406644 0.340309
vt 0.412495 0.345990
vt 0.413479 0.361617
vt 0.408397 0.352219
vt 0.419150 0.350221
vt 0.419977 0.364509
vt 0.421432 0.379712
vt 0.416582 0.378911
vt 0.413832 0.379701
vt 0.411512 0.367999
vt 0.408912 0.360207
vt 0.402387 0.338077
vt 0.243298 0.759080
vt 0.242078 0.770791
vt 0.239927 0.797789
vt 0.241065 0.786316
vt 0.240668 0.778630
vt 0.597420 0.361746
vt 0.606963 0.362138
vt 0.606987 0.373893
vt 0.598496 0.373581
vt 0.615809 0.362802
vt 0.615311 0.374244
vt 0.607027 0.384431
vt 0.599453 0.383913
vt 0.614633 0.384229
vt 0.583485 0.350062
vt 0.596406 0.350326
vt 0.588897 0.362309
vt 0.607166 0.350740
vt 0.616405 0.351352
vt 0.623600 0.352335
vt 0.622970 0.363716
vt 0.622286 0.374817
vt 0.620964 0.384130
vt 0.619321 0.389971
vt 0.614335 0.391818
vt 0.607113 0.392737
vt 0.599942 0.391767
vt 0.593233 0.383726
vt 0.595045 0.389886
vt 0.591281 0.373926
vt 0.951857 0.965080
vt 0.943884 0.965080
vt 0.943333 0.960927
vt 0.952243 0.961069
vt 0.936201 0.964515
vt 0.934792 0.960443
vt 0.942904 0.955748
vt 0.952306 0.955924
vt 0.933917 0.955302
vt 0.599436 0.396879
vt 0.593110 0.392621
vt 0.607313 0.398208
vt 0.615203 0.396687
vt 0.621518 0.392418
vt 0.394726 0.782138
vt 0.395235 0.775749
vt 0.399241 0.776711
vt 0.398826 0.784002
vt 0.404362 0.777031
vt 0.403974 0.784625
vt 0.410132 0.776954
vt 0.409786 0.784634
vt 0.933448 0.949488
vt 0.942567 0.949885
vt 0.952133 0.950017
vt 0.960486 0.955722
vt 0.960499 0.949764
vt 0.959959 0.960882
vt 0.958596 0.964794
vt 0.058405 0.882894
vt 0.058312 0.892749
vt 0.048144 0.894876
vt 0.048175 0.885705
vt 0.058323 0.903894
vt 0.048338 0.904422
vt 0.038658 0.895936
vt 0.038916 0.887673
vt 0.039264 0.904218
vt 0.068214 0.871323
vt 0.067835 0.878483
vt 0.058379 0.875394
vt 0.067386 0.888748
vt 0.067186 0.901820
vt 0.068214 0.917394
vt 0.058354 0.913909
vt 0.048470 0.912510
vt 0.039881 0.910996
vt 0.034387 0.909300
vt 0.032317 0.904107
vt 0.031098 0.896448
vt 0.031782 0.888706
vt 0.039122 0.880986
vt 0.033486 0.883343
vt 0.048049 0.878310
vt 0.394736 0.747810
vt 0.399326 0.747339
vt 0.399563 0.757860
vt 0.395030 0.758265
vt 0.404534 0.746919
vt 0.404847 0.757606
vt 0.399512 0.767825
vt 0.395253 0.767744
vt 0.404719 0.767830
vt 0.628382 0.353732
vt 0.627827 0.364884
vt 0.394164 0.737276
vt 0.398609 0.736952
vt 0.403549 0.736348
vt 0.410149 0.746426
vt 0.410556 0.757302
vt 0.410465 0.767656
vt 0.625246 0.385320
vt 0.627075 0.375848
vt 0.913372 0.360277
vt 0.919297 0.361735
vt 0.918513 0.370738
vt 0.913372 0.369509
vt 0.925047 0.362903
vt 0.924304 0.371500
vt 0.918253 0.379406
vt 0.913585 0.377871
vt 0.924003 0.380243
vt 0.066784 0.924189
vt 0.057973 0.919859
vt 0.913906 0.352389
vt 0.921100 0.354084
vt 0.930471 0.363276
vt 0.930342 0.371634
vt 0.930224 0.380483
vt 0.930092 0.387780
vt 0.923872 0.387338
vt 0.918159 0.386203
vt 0.913700 0.384021
vt 0.039351 0.915338
vt 0.032436 0.911486
vt 0.048222 0.917649
vt 0.622317 0.321863
vt 0.619427 0.331527
vt 0.608994 0.332007
vt 0.610657 0.322777
vt 0.617518 0.341059
vt 0.607824 0.340930
vt 0.596533 0.333181
vt 0.596930 0.324820
vt 0.596248 0.341144
vt 0.630734 0.323492
vt 0.627082 0.332472
vt 0.624844 0.341921
vt 0.583056 0.341236
vt 0.582490 0.334444
vt 0.581538 0.327102
vt 0.416285 0.767365
vt 0.416340 0.756916
vt 0.421828 0.756727
vt 0.421681 0.767031
vt 0.415960 0.745917
vt 0.421668 0.745769
vt 0.426661 0.757156
vt 0.426192 0.766895
vt 0.426954 0.746445
vt 0.416036 0.776725
vt 0.431508 0.748445
vt 0.047390 0.873647
vt 0.058042 0.870799
vt 0.038042 0.876863
vt 0.031128 0.881494
vt 0.421484 0.776188
vt 0.425891 0.775178
vt 0.951900 0.943817
vt 0.942319 0.943753
vt 0.942265 0.937906
vt 0.951505 0.937953
vt 0.933213 0.943464
vt 0.933514 0.937804
vt 0.942534 0.932882
vt 0.950939 0.933032
vt 0.934585 0.933055
vt 0.960315 0.943534
vt 0.415805 0.784446
vt 0.421455 0.783723
vt 0.426176 0.781902
vt 0.027261 0.888433
vt 0.026266 0.896792
vt 0.028055 0.905005
vt 0.959652 0.937722
vt 0.958212 0.933025
vt 0.936289 0.380306
vt 0.936308 0.371058
vt 0.941972 0.369911
vt 0.941754 0.379520
vt 0.935879 0.362085
vt 0.941604 0.360062
vt 0.947052 0.368469
vt 0.946235 0.378058
vt 0.947536 0.357841
vt 0.936082 0.387863
vt 0.940015 0.352047
vt 0.947058 0.348848
vt 0.583579 0.364729
vt 0.578218 0.355619
vt 0.586501 0.375471
vt 0.589178 0.385237
vt 0.941369 0.387138
vt 0.945553 0.385173
vt 0.394193 0.711850
vt 0.398686 0.718162
vt 0.396190 0.721200
vt 0.392861 0.719071
vt 0.401678 0.726521
vt 0.397346 0.727595
vt 0.393249 0.727550
vt 0.388670 0.708713
vt 0.634453 0.328850
vt 0.631428 0.335275
vt 0.629504 0.343648
vt 0.946692 0.158882
vt 0.941006 0.158636
vt 0.941346 0.144037
vt 0.947368 0.144476
vt 0.934016 0.159420
vt 0.934345 0.144912
vt 0.941523 0.129892
vt 0.947541 0.129447
vt 0.934786 0.131272
vt 0.519920 0.333478
vt 0.506281 0.333197
vt 0.946215 0.172469
vt 0.940804 0.173535
vt 0.933865 0.174621
vt 0.925739 0.160514
vt 0.926182 0.146257
vt 0.926888 0.133122
vt 0.928097 0.120409
vt 0.935389 0.118622
vt 0.941431 0.116774
vt 0.476847 0.331555
vt 0.476932 0.337371
vt 0.491872 0.332334
vt 0.870493 0.159698
vt 0.858006 0.158527
vt 0.858243 0.142694
vt 0.870832 0.144364
vt 0.845335 0.157600
vt 0.845479 0.141366
vt 0.858415 0.127807
vt 0.871117 0.129936
vt 0.845582 0.126136
vt 0.882703 0.160820
vt 0.832571 0.157223
vt 0.832629 0.140822
vt 0.832674 0.125453
vt 0.883608 0.132270
vt 0.883126 0.146010
vt 0.934702 0.221194
vt 0.934271 0.205942
vt 0.941158 0.204097
vt 0.940994 0.219617
vt 0.933957 0.190272
vt 0.940958 0.188692
vt 0.567297 0.335365
vt 0.551624 0.336089
vt 0.548582 0.330746
vt 0.564970 0.329021
vt 0.946628 0.186028
vt 0.947077 0.200753
vt 0.568947 0.345948
vt 0.568571 0.340784
vt 0.533632 0.332446
vt 0.917434 0.135097
vt 0.916750 0.147381
vt 0.906263 0.147816
vt 0.906889 0.135811
vt 0.916257 0.161431
vt 0.905776 0.161859
vt 0.894991 0.147281
vt 0.895590 0.134672
vt 0.894524 0.161613
vt 0.918024 0.125838
vt 0.896669 0.125198
vt 0.907646 0.127033
vt 0.682097 0.510802
vt 0.672349 0.512577
vt 0.669417 0.507086
vt 0.679355 0.505322
vt 0.948734 0.551956
vt 0.947223 0.561567
vt 0.941684 0.561594
vt 0.942849 0.551931
vt 0.666901 0.501771
vt 0.675993 0.500234
vt 0.660378 0.508391
vt 0.658827 0.503161
vt 0.951943 0.542559
vt 0.943238 0.570093
vt 0.938559 0.568125
vt 0.937048 0.560681
vt 0.652983 0.503842
vt 0.689346 0.926331
vt 0.681593 0.918389
vt 0.685149 0.913834
vt 0.692114 0.920118
vt 0.675295 0.912000
vt 0.678665 0.908278
vt 0.687014 0.907508
vt 0.693362 0.912467
vt 0.680825 0.902914
vt 0.697288 0.934865
vt 0.669930 0.907244
vt 0.672719 0.903743
vt 0.675043 0.899050
vt 0.676191 0.893006
vt 0.681609 0.896089
vt 0.687405 0.899760
vt 0.693363 0.903684
vt 0.699548 0.917386
vt 0.699264 0.907527
vt 0.698923 0.926545
vt 0.692336 0.894019
vt 0.686484 0.890872
vt 0.684407 0.880999
vt 0.690331 0.883520
vt 0.680826 0.887923
vt 0.678681 0.878622
vt 0.681328 0.870268
vt 0.687352 0.872184
vt 0.675481 0.868417
vt 0.698139 0.897060
vt 0.675604 0.885477
vt 0.673500 0.876674
vt 0.670290 0.866893
vt 0.666388 0.856431
vt 0.671534 0.857535
vt 0.677403 0.858800
vt 0.683404 0.860010
vt 0.693076 0.873904
vt 0.688945 0.860945
vt 0.696108 0.885897
vt 0.473694 0.616619
vt 0.464826 0.612127
vt 0.466767 0.600925
vt 0.474653 0.604622
vt 0.457309 0.604810
vt 0.459905 0.595189
vt 0.468102 0.589870
vt 0.475260 0.592959
vt 0.461838 0.585204
vt 0.483264 0.618122
vt 0.703992 0.942860
vt 0.451652 0.595375
vt 0.454515 0.587929
vt 0.456884 0.579375
vt 0.705222 0.921867
vt 0.704845 0.910975
vt 0.463175 0.574751
vt 0.468964 0.578649
vt 0.475618 0.581239
vt 0.482891 0.594076
vt 0.482736 0.582179
vt 0.483074 0.605923
vt 0.398257 0.903082
vt 0.395450 0.896067
vt 0.399865 0.893506
vt 0.402439 0.900635
vt 0.393490 0.886236
vt 0.398026 0.884629
vt 0.404300 0.891376
vt 0.406847 0.898126
vt 0.402459 0.883400
vt 0.664520 0.903843
vt 0.392775 0.874826
vt 0.397330 0.874828
vt 0.401750 0.874816
vt 0.405889 0.874781
vt 0.406603 0.882505
vt 0.408462 0.889726
vt 0.411043 0.895917
vt 0.669939 0.896203
vt 0.671404 0.890776
vt 0.667344 0.900390
vt 0.678598 0.847215
vt 0.672857 0.846859
vt 0.668190 0.835256
vt 0.673464 0.834902
vt 0.667197 0.846310
vt 0.663036 0.835494
vt 0.663932 0.824850
vt 0.668663 0.824242
vt 0.659557 0.825910
vt 0.683753 0.847196
vt 0.662255 0.845678
vt 0.658542 0.835409
vt 0.655883 0.826541
vt 0.654631 0.820623
vt 0.656740 0.818203
vt 0.660453 0.816137
vt 0.664976 0.815683
vt 0.672643 0.823231
vt 0.668721 0.816533
vt 0.678070 0.834068
vt 0.475821 0.569064
vt 0.469480 0.566937
vt 0.469750 0.554373
vt 0.475924 0.556020
vt 0.463994 0.563696
vt 0.464427 0.551776
vt 0.469871 0.540583
vt 0.475970 0.541692
vt 0.464617 0.538696
vt 0.482623 0.569827
vt 0.703608 0.899724
vt 0.701387 0.887892
vt 0.698065 0.875223
vt 0.693526 0.861458
vt 0.464709 0.524163
vt 0.469936 0.525193
vt 0.476005 0.525662
vt 0.482519 0.542055
vt 0.482516 0.525772
vt 0.482553 0.556596
vt 0.897799 0.874553
vt 0.892031 0.870922
vt 0.891689 0.863563
vt 0.897250 0.866747
vt 0.885315 0.868554
vt 0.885234 0.861533
vt 0.891676 0.854602
vt 0.897145 0.857431
vt 0.885336 0.852840
vt 0.671081 0.883771
vt 0.899017 0.880350
vt 0.892866 0.876200
vt 0.885666 0.873467
vt 0.877950 0.872426
vt 0.878133 0.867655
vt 0.878340 0.860769
vt 0.878568 0.852183
vt 0.878815 0.842311
vt 0.885534 0.842911
vt 0.891827 0.844517
vt 0.897257 0.847108
vt 0.901300 0.861287
vt 0.901389 0.850662
vt 0.901461 0.870968
vt 0.669190 0.875375
vt 0.663016 0.809074
vt 0.658007 0.809440
vt 0.656553 0.804763
vt 0.662156 0.804246
vt 0.315378 0.905518
vt 0.310473 0.905378
vt 0.310950 0.900485
vt 0.316615 0.900470
vt 0.321521 0.900385
vt 0.317418 0.894492
vt 0.322708 0.894489
vt 0.311286 0.894543
vt 0.668733 0.812466
vt 0.654275 0.812649
vt 0.652420 0.818101
vt 0.305839 0.905255
vt 0.305445 0.900554
vt 0.305308 0.894644
vt 0.305298 0.888128
vt 0.311424 0.888061
vt 0.317703 0.888039
vt 0.323117 0.888070
vt 0.476465 0.462154
vt 0.476635 0.455585
vt 0.483031 0.454469
vt 0.482839 0.461134
vt 0.470708 0.465016
vt 0.470798 0.458830
vt 0.466141 0.469261
vt 0.466010 0.464049
vt 0.476065 0.507919
vt 0.470032 0.508223
vt 0.470211 0.491267
vt 0.476164 0.490078
vt 0.464846 0.508261
vt 0.465165 0.492596
vt 0.470478 0.476268
vt 0.476302 0.474158
vt 0.465718 0.479074
vt 0.482541 0.507733
vt 0.687781 0.846696
vt 0.460896 0.507608
vt 0.461367 0.493233
vt 0.462303 0.481059
vt 0.674883 0.820554
vt 0.482694 0.473359
vt 0.482598 0.489577
vt 0.897371 0.836369
vt 0.891995 0.833869
vt 0.892106 0.823550
vt 0.897314 0.826177
vt 0.885752 0.832272
vt 0.885967 0.821796
vt 0.892140 0.814517
vt 0.897012 0.817554
vt 0.886170 0.812445
vt 0.901461 0.839662
vt 0.879077 0.831662
vt 0.879346 0.821118
vt 0.879618 0.811654
vt 0.879883 0.804246
vt 0.886373 0.805167
vt 0.892216 0.807654
vt 0.896824 0.811406
vt 0.900518 0.820593
vt 0.899576 0.815083
vt 0.901237 0.829274
vt 0.084591 0.731450
vt 0.071734 0.728199
vt 0.068028 0.714053
vt 0.081791 0.717065
vt 0.059665 0.725645
vt 0.055304 0.711323
vt 0.064688 0.697646
vt 0.079153 0.700125
vt 0.051398 0.695274
vt 0.098961 0.746011
vt 0.087239 0.742776
vt 0.097513 0.734493
vt 0.075701 0.739666
vt 0.064831 0.738103
vt 0.054063 0.740530
vt 0.049253 0.723832
vt 0.044648 0.709268
vt 0.040348 0.693461
vt 0.036884 0.676090
vt 0.048283 0.677537
vt 0.062035 0.679320
vt 0.077018 0.681122
vt 0.093734 0.702225
vt 0.092109 0.682622
vt 0.095653 0.719707
vt 0.088586 0.175988
vt 0.068795 0.169195
vt 0.074448 0.148989
vt 0.094541 0.155153
vt 0.052682 0.163708
vt 0.058096 0.143950
vt 0.081051 0.129119
vt 0.101174 0.134623
vt 0.064673 0.124580
vt 0.106740 0.205254
vt 0.083530 0.196471
vt 0.112413 0.184058
vt 0.064313 0.189040
vt 0.048655 0.183127
vt 0.036123 0.178895
vt 0.039889 0.159556
vt 0.045194 0.139904
vt 0.051806 0.120694
vt 0.059493 0.102679
vt 0.072189 0.106322
vt 0.088385 0.110281
vt 0.108261 0.115057
vt 0.125273 0.141403
vt 0.131994 0.121151
vt 0.118668 0.162573
vt 0.078807 0.577069
vt 0.064349 0.578704
vt 0.067454 0.561737
vt 0.081275 0.559311
vt 0.051102 0.580112
vt 0.054904 0.564010
vt 0.070576 0.547346
vt 0.083776 0.544049
vt 0.058857 0.550737
vt 0.091872 0.595889
vt 0.076788 0.596728
vt 0.093399 0.575626
vt 0.061815 0.597638
vt 0.048079 0.598337
vt 0.036702 0.598541
vt 0.040132 0.580841
vt 0.044626 0.565344
vt 0.049718 0.552848
vt 0.054024 0.544886
vt 0.061623 0.540818
vt 0.072943 0.536032
vt 0.085866 0.531867
vt 0.097292 0.541415
vt 0.099092 0.528703
vt 0.095300 0.557262
vt 0.115520 0.097037
vt 0.096147 0.093086
vt 0.103702 0.077806
vt 0.122428 0.080839
vt 0.080336 0.089831
vt 0.088471 0.075475
vt 0.110281 0.064588
vt 0.128396 0.066657
vt 0.095735 0.063493
vt 0.138575 0.102368
vt 0.067965 0.086554
vt 0.076711 0.072779
vt 0.085052 0.061822
vt 0.091290 0.054907
vt 0.100580 0.053808
vt 0.114919 0.053434
vt 0.132810 0.054670
vt 0.149917 0.070516
vt 0.153945 0.058023
vt 0.144672 0.085393
vt 0.080262 0.776478
vt 0.077968 0.788657
vt 0.068427 0.783871
vt 0.071425 0.770229
vt 0.076853 0.801155
vt 0.069796 0.799823
vt 0.063705 0.799309
vt 0.061926 0.787957
vt 0.058958 0.779623
vt 0.061367 0.772784
vt 0.062920 0.762027
vt 0.091323 0.771033
vt 0.087939 0.780712
vt 0.083401 0.766751
vt 0.085244 0.792104
vt 0.074574 0.760562
vt 0.081119 0.809883
vt 0.076530 0.811252
vt 0.082981 0.802835
vt 0.070202 0.811279
vt 0.060485 0.806311
vt 0.059077 0.798566
vt 0.064350 0.809399
vt 0.057650 0.788708
vt 0.056275 0.778768
vt 0.056277 0.776132
vt 0.056580 0.781594
vt 0.056333 0.768326
vt 0.065428 0.752137
vt 0.055868 0.756701
vt 0.835056 0.672707
vt 0.849886 0.671754
vt 0.847590 0.690820
vt 0.833501 0.692526
vt 0.863881 0.671437
vt 0.860747 0.689776
vt 0.845713 0.707043
vt 0.832378 0.709575
vt 0.857833 0.704888
vt 0.820888 0.650183
vt 0.836137 0.649956
vt 0.820339 0.673685
vt 0.851620 0.649710
vt 0.866282 0.649889
vt 0.879066 0.650939
vt 0.876102 0.672400
vt 0.872154 0.690404
vt 0.867885 0.704692
vt 0.864509 0.713857
vt 0.856747 0.716954
vt 0.845445 0.720680
vt 0.832619 0.724032
vt 0.818764 0.711745
vt 0.819295 0.726604
vt 0.819372 0.694156
vt 0.072735 0.248414
vt 0.057277 0.240551
vt 0.058885 0.225184
vt 0.075995 0.233466
vt 0.044171 0.234519
vt 0.044765 0.218767
vt 0.061113 0.207868
vt 0.079470 0.215908
vt 0.046126 0.201571
vt 0.085729 0.268341
vt 0.069971 0.260576
vt 0.090929 0.257438
vt 0.056205 0.253618
vt 0.044218 0.248449
vt 0.033263 0.246948
vt 0.033157 0.230683
vt 0.033188 0.214538
vt 0.034009 0.197283
vt 0.101699 0.225412
vt 0.096594 0.243191
vt 0.541373 0.591700
vt 0.530265 0.588036
vt 0.522571 0.560925
vt 0.539550 0.568562
vt 0.777993 0.934741
vt 0.788870 0.921177
vt 0.803861 0.915368
vt 0.784293 0.937010
vt 0.793549 0.912863
vt 0.802233 0.908931
vt 0.384617 0.858862
vt 0.379166 0.856590
vt 0.382480 0.837167
vt 0.387588 0.846155
vt 0.503551 0.533294
vt 0.521160 0.540686
vt 0.503210 0.545030
vt 0.537569 0.547785
vt 0.553328 0.618219
vt 0.540599 0.614689
vt 0.554892 0.596299
vt 0.530026 0.610607
vt 0.554407 0.574436
vt 0.762420 0.943818
vt 0.771717 0.932210
vt 0.765951 0.950140
vt 0.780391 0.921879
vt 0.769540 0.955722
vt 0.789026 0.910166
vt 0.794198 0.907947
vt 0.786095 0.914465
vt 0.800555 0.904835
vt 0.389037 0.861394
vt 0.391346 0.850533
vt 0.502872 0.518588
vt 0.519429 0.523739
vt 0.550326 0.535616
vt 0.552833 0.553984
vt 0.535262 0.529683
vt 0.525844 0.676040
vt 0.512493 0.676023
vt 0.515196 0.652817
vt 0.530309 0.656559
vt 0.498322 0.677564
vt 0.498498 0.659284
vt 0.496781 0.643282
vt 0.508820 0.636445
vt 0.517840 0.623282
vt 0.525113 0.631305
vt 0.536249 0.636175
vt 0.534993 0.692398
vt 0.523219 0.693592
vt 0.538601 0.676294
vt 0.510983 0.694671
vt 0.543581 0.658308
vt 0.497843 0.695650
vt 0.494621 0.629345
vt 0.504816 0.623788
vt 0.518950 0.601539
vt 0.523264 0.606406
vt 0.513117 0.614168
vt 0.549074 0.638945
vt 0.532397 0.514365
vt 0.517372 0.509464
vt 0.515297 0.498094
vt 0.529416 0.501988
vt 0.501952 0.505674
vt 0.501047 0.495409
vt 0.810969 0.750904
vt 0.796883 0.751628
vt 0.794850 0.741306
vt 0.808125 0.740577
vt 0.782638 0.751713
vt 0.781626 0.741477
vt 0.546972 0.519792
vt 0.780948 0.729129
vt 0.793483 0.728905
vt 0.806228 0.728164
vt 0.821491 0.738941
vt 0.824871 0.749193
vt 0.543388 0.506788
vt 0.075678 0.660585
vt 0.060382 0.659464
vt 0.059792 0.638743
vt 0.075191 0.639195
vt 0.046345 0.658292
vt 0.045663 0.638176
vt 0.060269 0.617890
vt 0.075560 0.617669
vt 0.046240 0.617941
vt 0.091074 0.661493
vt 0.034727 0.657228
vt 0.033975 0.637503
vt 0.034631 0.617685
vt 0.090953 0.617419
vt 0.090688 0.639523
vt 0.236176 0.296177
vt 0.226803 0.295655
vt 0.232942 0.281906
vt 0.242799 0.282937
vt 0.215101 0.294391
vt 0.220212 0.280089
vt 0.239942 0.265484
vt 0.250129 0.267105
vt 0.226648 0.263000
vt 0.238842 0.306090
vt 0.230752 0.306332
vt 0.244508 0.296322
vt 0.221788 0.306186
vt 0.211095 0.305320
vt 0.197818 0.303403
vt 0.199786 0.292020
vt 0.202980 0.277080
vt 0.208472 0.259192
vt 0.215347 0.239228
vt 0.233787 0.243821
vt 0.247286 0.246967
vt 0.257644 0.249179
vt 0.258984 0.268324
vt 0.266660 0.250968
vt 0.251411 0.283588
vt 0.180363 0.288620
vt 0.160029 0.286367
vt 0.149716 0.268202
vt 0.180034 0.272769
vt 0.143780 0.287820
vt 0.130912 0.277358
vt 0.111559 0.267076
vt 0.120908 0.254141
vt 0.127882 0.235952
vt 0.156323 0.246128
vt 0.184352 0.253682
vt 0.181736 0.300429
vt 0.165168 0.297689
vt 0.141092 0.295671
vt 0.132752 0.290852
vt 0.150806 0.296319
vt 0.119654 0.283787
vt 0.103125 0.276160
vt 0.133871 0.215022
vt 0.162833 0.224596
vt 0.190966 0.232795
vt 0.838353 0.534738
vt 0.843289 0.525902
vt 0.855666 0.529355
vt 0.853143 0.538806
vt 0.848247 0.520317
vt 0.858623 0.523001
vt 0.868398 0.529504
vt 0.867850 0.538715
vt 0.869352 0.523417
vt 0.817021 0.539358
vt 0.826607 0.526211
vt 0.834713 0.549315
vt 0.834114 0.519214
vt 0.840831 0.515432
vt 0.846043 0.513586
vt 0.852466 0.515896
vt 0.937048 0.454469
vt 0.943374 0.455908
vt 0.946059 0.465035
vt 0.939642 0.464810
vt 0.948228 0.474408
vt 0.942489 0.475503
vt 0.949296 0.480970
vt 0.945479 0.484143
vt 0.937048 0.477247
vt 0.939664 0.487967
vt 0.878903 0.526021
vt 0.879666 0.533869
vt 0.867774 0.553268
vt 0.882719 0.547728
vt 0.851581 0.553359
vt 0.834245 0.571513
vt 0.851343 0.574192
vt 0.851804 0.599029
vt 0.835224 0.597628
vt 0.867647 0.574699
vt 0.867613 0.599753
vt 0.852128 0.624925
vt 0.836089 0.624439
vt 0.867376 0.625480
vt 0.817776 0.567860
vt 0.881672 0.574152
vt 0.881297 0.600307
vt 0.880651 0.626428
vt 0.820442 0.623796
vt 0.819237 0.595855
vt 0.543856 0.704075
vt 0.554261 0.702964
vt 0.551236 0.714008
vt 0.542370 0.715310
vt 0.563939 0.703374
vt 0.559445 0.713997
vt 0.549293 0.724393
vt 0.542024 0.725527
vt 0.556298 0.724356
vt 0.546781 0.691127
vt 0.533262 0.706169
vt 0.558388 0.690477
vt 0.569461 0.691434
vt 0.580099 0.696304
vt 0.571617 0.706150
vt 0.566232 0.715389
vt 0.562573 0.725172
vt 0.560217 0.735564
vt 0.554249 0.734927
vt 0.548106 0.734829
vt 0.542165 0.735678
vt 0.534927 0.728006
vt 0.536805 0.737885
vt 0.533364 0.717846
vt 0.773821 0.220616
vt 0.765031 0.221916
vt 0.759153 0.211004
vt 0.771705 0.207997
vt 0.758870 0.226321
vt 0.753009 0.222569
vt 0.744950 0.221517
vt 0.747380 0.208216
vt 0.748339 0.192701
vt 0.759254 0.193484
vt 0.770863 0.192886
vt 0.784710 0.236426
vt 0.775555 0.230319
vt 0.784134 0.221590
vt 0.768236 0.229194
vt 0.783286 0.207252
vt 0.235293 0.879864
vt 0.231523 0.877209
vt 0.235015 0.873222
vt 0.238930 0.878091
vt 0.755051 0.231210
vt 0.749510 0.230439
vt 0.762432 0.230621
vt 0.735140 0.236776
vt 0.736554 0.221817
vt 0.742712 0.231818
vt 0.737851 0.207067
vt 0.738724 0.175707
vt 0.748449 0.176714
vt 0.738539 0.191480
vt 0.759165 0.177256
vt 0.782538 0.176312
vt 0.782792 0.192010
vt 0.770602 0.177021
vt 0.286155 0.151224
vt 0.275360 0.146517
vt 0.278396 0.128706
vt 0.289543 0.133922
vt 0.261509 0.140980
vt 0.264355 0.122741
vt 0.281601 0.111476
vt 0.293151 0.116990
vt 0.267528 0.105338
vt 0.291326 0.173225
vt 0.282308 0.169503
vt 0.295240 0.155435
vt 0.271746 0.165332
vt 0.258064 0.160290
vt 0.239685 0.153954
vt 0.243221 0.134293
vt 0.246158 0.115844
vt 0.249441 0.098454
vt 0.254988 0.080999
vt 0.272333 0.089062
vt 0.285625 0.094548
vt 0.297188 0.099584
vt 0.302780 0.122436
vt 0.308750 0.104169
vt 0.298789 0.138711
vt 0.219745 0.126338
vt 0.192869 0.117782
vt 0.196957 0.099789
vt 0.223097 0.108006
vt 0.165015 0.109495
vt 0.170097 0.091940
vt 0.200494 0.083830
vt 0.226266 0.091326
vt 0.174442 0.076529
vt 0.215727 0.146119
vt 0.188075 0.137451
vt 0.159305 0.128834
vt 0.177905 0.063643
vt 0.203361 0.070446
vt 0.228895 0.076954
vt 0.264866 0.229704
vt 0.254447 0.226967
vt 0.261098 0.206199
vt 0.271528 0.209413
vt 0.240882 0.223269
vt 0.247516 0.202039
vt 0.266957 0.185407
vt 0.277414 0.189086
vt 0.253355 0.180817
vt 0.273939 0.232017
vt 0.222369 0.218075
vt 0.229003 0.196400
vt 0.234895 0.174822
vt 0.286438 0.192346
vt 0.280587 0.212210
vt 0.197886 0.211030
vt 0.169523 0.202521
vt 0.176154 0.180305
vt 0.204542 0.188970
vt 0.140122 0.193201
vt 0.146616 0.171207
vt 0.182435 0.158448
vt 0.210601 0.167153
vt 0.153095 0.149572
vt 0.819602 0.225398
vt 0.807223 0.224389
vt 0.807370 0.207712
vt 0.819806 0.208147
vt 0.795359 0.222986
vt 0.795166 0.207306
vt 0.807348 0.191230
vt 0.819859 0.191173
vt 0.794971 0.191467
vt 0.819173 0.243082
vt 0.806809 0.241483
vt 0.795500 0.238890
vt 0.794781 0.175527
vt 0.807238 0.174832
vt 0.819837 0.174335
vt 0.817748 0.295635
vt 0.804694 0.296316
vt 0.802823 0.278736
vt 0.817765 0.279146
vt 0.522660 0.708775
vt 0.524425 0.721673
vt 0.513946 0.727881
vt 0.511231 0.711143
vt 0.788332 0.279521
vt 0.793462 0.269454
vt 0.791956 0.287690
vt 0.795453 0.255035
vt 0.805848 0.259206
vt 0.818467 0.261219
vt 0.498217 0.712005
vt 0.532488 0.741747
vt 0.528491 0.732089
vt 0.724017 0.356871
vt 0.722255 0.367114
vt 0.716366 0.359439
vt 0.717740 0.348848
vt 0.787873 0.251781
vt 0.787536 0.264510
vt 0.779411 0.562774
vt 0.790864 0.564139
vt 0.792003 0.592618
vt 0.780039 0.591393
vt 0.803397 0.565710
vt 0.804899 0.594144
vt 0.792951 0.621865
vt 0.780577 0.621031
vt 0.806107 0.622877
vt 0.778821 0.537567
vt 0.789724 0.538788
vt 0.801715 0.539814
vt 0.806696 0.650061
vt 0.793471 0.649698
vt 0.780889 0.649318
vt 0.778022 0.489841
vt 0.788227 0.489483
vt 0.788227 0.502318
vt 0.778109 0.502078
vt 0.799189 0.488898
vt 0.798822 0.502282
vt 0.788770 0.518373
vt 0.778376 0.517560
vt 0.799783 0.518847
vt 0.778070 0.479580
vt 0.788508 0.478845
vt 0.800164 0.477958
vt 0.815556 0.477337
vt 0.810832 0.488401
vt 0.809665 0.501544
vt 0.811002 0.517585
vt 0.132679 0.662474
vt 0.119428 0.662365
vt 0.119209 0.639830
vt 0.132529 0.639869
vt 0.105648 0.662069
vt 0.105351 0.639726
vt 0.119305 0.617164
vt 0.132555 0.617132
vt 0.105526 0.617250
vt 0.133000 0.684253
vt 0.119961 0.684072
vt 0.106416 0.683580
vt 0.106174 0.595343
vt 0.119718 0.595063
vt 0.132756 0.594959
vt 0.586394 0.536291
vt 0.574269 0.530890
vt 0.570224 0.517948
vt 0.582214 0.523608
vt 0.561021 0.525354
vt 0.557126 0.512217
vt 0.863164 0.735023
vt 0.851416 0.741576
vt 0.847613 0.732044
vt 0.859028 0.726628
vt 0.838492 0.746182
vt 0.834856 0.736113
vt 0.050059 0.098916
vt 0.058846 0.082683
vt 0.589950 0.551455
vt 0.577886 0.546390
vt 0.564599 0.541166
vt 0.868415 0.719111
vt 0.068274 0.068884
vt 0.078184 0.057903
vt 0.575062 0.677101
vt 0.563467 0.675948
vt 0.568972 0.659612
vt 0.580579 0.661077
vt 0.551200 0.676018
vt 0.556526 0.659024
vt 0.574238 0.641868
vt 0.585690 0.643840
vt 0.561918 0.640548
vt 0.585610 0.680252
vt 0.566150 0.620777
vt 0.578398 0.622946
vt 0.589751 0.625563
vt 0.595927 0.647394
vt 0.599887 0.629462
vt 0.590973 0.664332
vt 0.592196 0.606486
vt 0.580733 0.603151
vt 0.581294 0.583240
vt 0.592986 0.587270
vt 0.568215 0.600003
vt 0.568374 0.579169
vt 0.580305 0.564065
vt 0.592212 0.568676
vt 0.567117 0.559307
vt 0.026266 0.176352
vt 0.030016 0.156649
vt 0.042159 0.117143
vt 0.035395 0.136648
vt 0.780901 0.674315
vt 0.793426 0.674366
vt 0.793130 0.695666
vt 0.780770 0.695807
vt 0.806484 0.674219
vt 0.805925 0.695183
vt 0.793008 0.713784
vt 0.780714 0.714007
vt 0.805635 0.713112
vt 0.818973 0.059503
vt 0.806409 0.062118
vt 0.803607 0.049979
vt 0.818589 0.048365
vt 0.796292 0.066971
vt 0.793593 0.058520
vt 0.787945 0.052677
vt 0.792889 0.044962
vt 0.795358 0.035820
vt 0.806537 0.037085
vt 0.819151 0.037071
vt 0.819504 0.070051
vt 0.807406 0.072515
vt 0.789470 0.080591
vt 0.788810 0.072216
vt 0.797230 0.076354
vt 0.786844 0.064800
vt 0.776589 0.054936
vt 0.780562 0.048965
vt 0.782770 0.059046
vt 0.783795 0.042264
vt 0.784323 0.026915
vt 0.795902 0.026465
vt 0.784917 0.034808
vt 0.807550 0.026526
vt 0.819683 0.026399
vt 0.133127 0.574037
vt 0.120433 0.574214
vt 0.121365 0.555268
vt 0.133628 0.555015
vt 0.107269 0.574693
vt 0.108662 0.555947
vt 0.122411 0.538864
vt 0.134213 0.538534
vt 0.110175 0.539737
vt 0.111631 0.526699
vt 0.123467 0.525643
vt 0.134834 0.525232
vt 0.134226 0.737989
vt 0.122108 0.737587
vt 0.121571 0.722311
vt 0.133929 0.722642
vt 0.109964 0.736518
vt 0.108893 0.721422
vt 0.120758 0.704266
vt 0.133464 0.704521
vt 0.107594 0.703573
vt 0.134187 0.749939
vt 0.122072 0.749470
vt 0.110459 0.748251
vt 0.819872 0.100511
vt 0.807451 0.102625
vt 0.807817 0.092169
vt 0.819911 0.089937
vt 0.795964 0.105330
vt 0.797141 0.095160
vt 0.807824 0.082341
vt 0.819811 0.080011
vt 0.797516 0.085672
vt 0.819794 0.112416
vt 0.807053 0.114352
vt 0.794576 0.116809
vt 0.781415 0.119236
vt 0.786639 0.107654
vt 0.788830 0.098142
vt 0.789569 0.089222
vt 0.778654 0.454556
vt 0.789655 0.454469
vt 0.789139 0.461450
vt 0.778398 0.461867
vt 0.124441 0.515957
vt 0.112864 0.517132
vt 0.113766 0.510004
vt 0.125270 0.509011
vt 0.788793 0.469570
vt 0.778199 0.470273
vt 0.800634 0.461509
vt 0.800412 0.469024
vt 0.135448 0.515486
vt 0.100446 0.519365
vt 0.101198 0.512124
vt 0.813211 0.462733
vt 0.813553 0.469278
vt 0.301222 0.239353
vt 0.292326 0.236801
vt 0.298859 0.217849
vt 0.307719 0.220608
vt 0.283101 0.234354
vt 0.289697 0.215018
vt 0.304375 0.198709
vt 0.313055 0.201593
vt 0.295408 0.195572
vt 0.301791 0.259727
vt 0.293738 0.257060
vt 0.309398 0.242007
vt 0.284929 0.254777
vt 0.275768 0.252779
vt 0.300087 0.176816
vt 0.308717 0.180171
vt 0.317055 0.183077
vt 0.026266 0.617023
vt 0.028481 0.598048
vt 0.315922 0.223204
vt 0.321167 0.204061
vt 0.319686 0.165812
vt 0.311877 0.162937
vt 0.314427 0.147365
vt 0.321486 0.150488
vt 0.303735 0.159392
vt 0.306952 0.143294
vt 0.317103 0.133774
vt 0.323168 0.137732
vt 0.310500 0.128480
vt 0.032188 0.580553
vt 0.315211 0.115763
vt 0.320705 0.122653
vt 0.325677 0.127915
vt 0.043669 0.552185
vt 0.051628 0.541951
vt 0.037277 0.565109
vt 0.087154 0.522944
vt 0.073900 0.527869
vt 0.073480 0.521314
vt 0.087490 0.515867
vt 0.061783 0.534107
vt 0.060211 0.528519
vt 0.071800 0.514412
vt 0.086630 0.508773
vt 0.057602 0.522008
vt 0.048613 0.537843
vt 0.045133 0.532253
vt 0.040145 0.522272
vt 0.054301 0.512236
vt 0.068611 0.505163
vt 0.083452 0.499648
vt 0.101157 0.505209
vt 0.099544 0.495402
vt 0.268107 0.299680
vt 0.260788 0.297425
vt 0.268661 0.285388
vt 0.276813 0.287307
vt 0.252782 0.296514
vt 0.260063 0.284266
vt 0.276886 0.271080
vt 0.285481 0.273088
vt 0.267919 0.269563
vt 0.263548 0.317876
vt 0.259701 0.309709
vt 0.274916 0.303103
vt 0.253824 0.306730
vt 0.246664 0.305910
vt 0.293320 0.275763
vt 0.284297 0.290102
vt 0.494694 0.887038
vt 0.484736 0.887880
vt 0.484051 0.880899
vt 0.494184 0.878819
vt 0.475601 0.888568
vt 0.474250 0.882490
vt 0.483747 0.873378
vt 0.494185 0.870588
vt 0.473434 0.875491
vt 0.505686 0.897380
vt 0.495642 0.894400
vt 0.503331 0.885651
vt 0.485595 0.893683
vt 0.476828 0.893315
vt 0.471222 0.892768
vt 0.468669 0.889326
vt 0.466353 0.883699
vt 0.464963 0.876917
vt 0.464134 0.869946
vt 0.472957 0.868321
vt 0.483634 0.865858
vt 0.494403 0.862574
vt 0.502993 0.867119
vt 0.503500 0.858485
vt 0.502777 0.876070
vt 0.054099 0.445066
vt 0.045514 0.445984
vt 0.043726 0.441689
vt 0.052702 0.440888
vt 0.038362 0.450381
vt 0.036344 0.446293
vt 0.863536 0.487452
vt 0.872531 0.488362
vt 0.873219 0.492325
vt 0.864640 0.491414
vt 0.879924 0.490959
vt 0.880329 0.494540
vt 0.063042 0.452322
vt 0.056728 0.452029
vt 0.063182 0.448003
vt 0.048611 0.453592
vt 0.041388 0.457339
vt 0.036850 0.461356
vt 0.033637 0.458007
vt 0.321474 0.033371
vt 0.316821 0.040130
vt 0.313667 0.035765
vt 0.318714 0.028599
vt 0.311003 0.032475
vt 0.315386 0.026266
vt 0.309189 0.030889
vt 0.311380 0.026701
vt 0.879636 0.498480
vt 0.872632 0.496810
vt 0.864417 0.495675
vt 0.855717 0.492247
vt 0.857773 0.495225
vt 0.853730 0.488385
vt 0.062486 0.444071
vt 0.051036 0.497668
vt 0.047632 0.481907
vt 0.058281 0.477988
vt 0.063817 0.492359
vt 0.044396 0.468010
vt 0.053006 0.464576
vt 0.068929 0.473976
vt 0.076731 0.487370
vt 0.061904 0.461792
vt 0.040036 0.501579
vt 0.038480 0.484309
vt 0.037188 0.470257
vt 0.069020 0.459086
vt 0.077573 0.469930
vt 0.087500 0.482613
vt 0.558219 0.973734
vt 0.559840 0.962942
vt 0.570095 0.959988
vt 0.570095 0.971516
vt 0.560136 0.953422
vt 0.566038 0.949858
vt 0.847390 0.495422
vt 0.840849 0.500948
vt 0.832599 0.497452
vt 0.843705 0.491327
vt 0.838463 0.508424
vt 0.830424 0.509541
vt 0.821240 0.513362
vt 0.820551 0.499833
vt 0.093350 0.477755
vt 0.104712 0.487869
vt 0.082526 0.465766
vt 0.822349 0.488377
vt 0.072482 0.455233
vt 0.852860 0.484609
vt 0.843493 0.486079
vt 0.853445 0.498324
vt 0.848851 0.503257
vt 0.846386 0.509059
vt 0.279631 0.074772
vt 0.286378 0.062407
vt 0.297473 0.059499
vt 0.290892 0.077670
vt 0.290415 0.052871
vt 0.297727 0.048181
vt 0.304979 0.040374
vt 0.307044 0.045907
vt 0.311589 0.050412
vt 0.306079 0.064327
vt 0.301316 0.081395
vt 0.270253 0.071026
vt 0.279273 0.062150
vt 0.953362 0.482888
vt 0.949150 0.488959
vt 0.292784 0.045970
vt 0.298783 0.040971
vt 0.285118 0.054478
vt 0.304820 0.035148
vt 0.319187 0.044083
vt 0.316948 0.052714
vt 0.313687 0.066405
vt 0.310645 0.083432
vt 0.238299 0.322128
vt 0.239437 0.317171
vt 0.244458 0.316654
vt 0.245275 0.320105
vt 0.242179 0.312376
vt 0.248231 0.313031
vt 0.252106 0.316215
vt 0.228747 0.330543
vt 0.230607 0.323190
vt 0.236892 0.329393
vt 0.232253 0.317923
vt 0.244656 0.327025
vt 0.234825 0.312823
vt 0.252722 0.323045
vt 0.202277 0.323039
vt 0.204930 0.317994
vt 0.215083 0.318610
vt 0.212606 0.323800
vt 0.207797 0.312715
vt 0.217994 0.313358
vt 0.224128 0.318499
vt 0.222044 0.323774
vt 0.226846 0.313295
vt 0.188173 0.328180
vt 0.190977 0.321047
vt 0.199857 0.330046
vt 0.729144 0.118622
vt 0.722817 0.116774
vt 0.723218 0.105209
vt 0.728365 0.107127
vt 0.716823 0.115218
vt 0.717789 0.103111
vt 0.195779 0.311063
vt 0.219782 0.331015
vt 0.210097 0.330874
vt 0.071533 0.747973
vt 0.079733 0.748127
vt 0.082758 0.753272
vt 0.078897 0.755321
vt 0.774543 0.035197
vt 0.774832 0.041102
vt 0.767912 0.041022
vt 0.764839 0.037506
vt 0.772257 0.046688
vt 0.763997 0.044846
vt 0.099553 0.754028
vt 0.089287 0.750795
vt 0.087052 0.760668
vt 0.095309 0.764575
vt 0.873357 0.943149
vt 0.865223 0.942657
vt 0.865529 0.937733
vt 0.873108 0.937986
vt 0.857264 0.941316
vt 0.858149 0.936629
vt 0.865700 0.933497
vt 0.872486 0.933603
vt 0.859168 0.932882
vt 0.880611 0.949076
vt 0.873397 0.949251
vt 0.880352 0.942726
vt 0.864948 0.948608
vt 0.856656 0.947272
vt 0.210362 0.386656
vt 0.213199 0.379105
vt 0.219335 0.380205
vt 0.216178 0.388127
vt 0.224007 0.380552
vt 0.220929 0.388355
vt 0.227387 0.379898
vt 0.225085 0.386474
vt 0.063837 0.815353
vt 0.058789 0.808517
vt 0.070310 0.818266
vt 0.077115 0.817563
vt 0.082939 0.813239
vt 0.879656 0.937288
vt 0.878227 0.932882
vt 0.872568 0.969101
vt 0.864973 0.969228
vt 0.864867 0.962875
vt 0.873189 0.963163
vt 0.857433 0.968345
vt 0.856640 0.961936
vt 0.864837 0.955646
vt 0.873414 0.956212
vt 0.856393 0.954500
vt 0.156628 0.912165
vt 0.158408 0.907686
vt 0.164086 0.909261
vt 0.159598 0.914531
vt 0.159642 0.900766
vt 0.166115 0.901958
vt 0.159437 0.893423
vt 0.165554 0.894017
vt 0.158318 0.888105
vt 0.161944 0.886840
vt 0.190543 0.377738
vt 0.192372 0.372022
vt 0.198384 0.375005
vt 0.196335 0.381703
vt 0.205797 0.377382
vt 0.203378 0.384560
vt 0.880681 0.956084
vt 0.880199 0.962880
vt 0.878802 0.968480
vt 0.216688 0.341500
vt 0.212993 0.354001
vt 0.204115 0.353186
vt 0.207216 0.341132
vt 0.209173 0.366632
vt 0.201076 0.365046
vt 0.195987 0.352306
vt 0.197933 0.340496
vt 0.194129 0.363282
vt 0.225683 0.341306
vt 0.221639 0.354312
vt 0.217204 0.367671
vt 0.188895 0.369281
vt 0.188937 0.362522
vt 0.189584 0.352278
vt 0.190080 0.340571
vt 0.131328 0.884642
vt 0.141939 0.888012
vt 0.141632 0.896848
vt 0.131221 0.894624
vt 0.151541 0.891184
vt 0.151343 0.898995
vt 0.141567 0.905715
vt 0.131306 0.904813
vt 0.150839 0.906636
vt 0.120747 0.870799
vt 0.132133 0.876526
vt 0.121125 0.881714
vt 0.142933 0.880822
vt 0.152276 0.884857
vt 0.150850 0.912853
vt 0.142089 0.913123
vt 0.131944 0.913582
vt 0.121290 0.904069
vt 0.120747 0.916626
vt 0.121325 0.892687
vt 0.494609 0.854976
vt 0.483554 0.858822
vt 0.483851 0.852631
vt 0.495042 0.848257
vt 0.472618 0.861700
vt 0.472927 0.855958
vt 0.484904 0.847598
vt 0.496060 0.842866
vt 0.474321 0.851340
vt 0.503988 0.850129
vt 0.463576 0.863639
vt 0.463983 0.858247
vt 0.466062 0.853895
vt 0.087000 0.805189
vt 0.090187 0.794648
vt 0.093466 0.783479
vt 0.097544 0.773859
vt 0.504613 0.842780
vt 0.505686 0.837167
vt 0.248774 0.333737
vt 0.244017 0.344732
vt 0.236483 0.352634
vt 0.241456 0.337860
vt 0.241509 0.352239
vt 0.236908 0.359133
vt 0.231655 0.369783
vt 0.229027 0.368464
vt 0.224016 0.368080
vt 0.229309 0.353861
vt 0.233812 0.340310
vt 0.253790 0.332399
vt 0.053241 0.770791
vt 0.051877 0.759080
vt 0.054708 0.778630
vt 0.054491 0.786316
vt 0.055804 0.797789
vt 0.058750 0.304839
vt 0.054649 0.315955
vt 0.046346 0.314060
vt 0.049416 0.302741
vt 0.051069 0.325638
vt 0.043601 0.324179
vt 0.038306 0.312145
vt 0.040803 0.300982
vt 0.036390 0.321927
vt 0.075355 0.297108
vt 0.067004 0.307451
vt 0.062624 0.294160
vt 0.061670 0.318039
vt 0.057241 0.326974
vt 0.053921 0.332413
vt 0.048647 0.333001
vt 0.041463 0.332071
vt 0.034797 0.329238
vt 0.030559 0.326068
vt 0.030468 0.320030
vt 0.031611 0.310708
vt 0.033853 0.299810
vt 0.043195 0.289796
vt 0.036209 0.288668
vt 0.052144 0.291735
vt 0.955740 0.717423
vt 0.956113 0.721591
vt 0.947202 0.721741
vt 0.947766 0.717436
vt 0.956164 0.726803
vt 0.946761 0.726978
vt 0.938664 0.722049
vt 0.940085 0.717847
vt 0.937777 0.727238
vt 0.055236 0.335411
vt 0.047996 0.337888
vt 0.962483 0.717516
vt 0.963834 0.721568
vt 0.964348 0.726799
vt 0.964348 0.732783
vt 0.955977 0.732725
vt 0.946410 0.732851
vt 0.937295 0.733057
vt 0.565110 0.784625
vt 0.559272 0.784634
vt 0.558556 0.776954
vt 0.564356 0.777031
vt 0.570328 0.784002
vt 0.569568 0.776711
vt 0.574568 0.782138
vt 0.573752 0.775749
vt 0.032891 0.333526
vt 0.027978 0.327694
vt 0.040053 0.337106
vt 0.732650 0.362916
vt 0.742273 0.367566
vt 0.740478 0.376610
vt 0.730731 0.372659
vt 0.751091 0.371208
vt 0.749721 0.379393
vt 0.738557 0.385936
vt 0.728672 0.383595
vt 0.747638 0.387400
vt 0.725439 0.349644
vt 0.734404 0.355467
vt 0.744031 0.360258
vt 0.752340 0.364547
vt 0.757499 0.367900
vt 0.758070 0.373513
vt 0.757244 0.381260
vt 0.754667 0.388541
vt 0.751764 0.393227
vt 0.745962 0.393888
vt 0.737145 0.393793
vt 0.727042 0.393353
vt 0.719973 0.380001
vt 0.716366 0.395022
vt 0.574581 0.747810
vt 0.574036 0.758265
vt 0.569299 0.757860
vt 0.569783 0.747339
vt 0.573678 0.767744
vt 0.569219 0.767825
vt 0.563914 0.757606
vt 0.564470 0.746919
vt 0.563914 0.767830
vt 0.029146 0.299409
vt 0.031517 0.288505
vt 0.026993 0.310202
vt 0.026266 0.319839
vt 0.558135 0.767656
vt 0.558170 0.757302
vt 0.558813 0.746426
vt 0.565713 0.736348
vt 0.570765 0.736952
vt 0.575419 0.737276
vt 0.252665 0.882668
vt 0.252766 0.891882
vt 0.247476 0.893051
vt 0.246596 0.884054
vt 0.252663 0.900223
vt 0.247855 0.901703
vt 0.241644 0.893736
vt 0.240831 0.885143
vt 0.242056 0.902465
vt 0.726820 0.399130
vt 0.717402 0.401721
vt 0.736830 0.398779
vt 0.746013 0.398160
vt 0.753541 0.395667
vt 0.252754 0.906350
vt 0.248184 0.908476
vt 0.242425 0.909536
vt 0.236197 0.909894
vt 0.235836 0.902620
vt 0.235620 0.893786
vt 0.235439 0.885440
vt 0.244618 0.876401
vt 0.251902 0.874799
vt 0.044942 0.260014
vt 0.055573 0.264292
vt 0.054975 0.273446
vt 0.045300 0.270012
vt 0.067995 0.270118
vt 0.066494 0.278020
vt 0.053949 0.282206
vt 0.044742 0.279631
vt 0.064965 0.285529
vt 0.036831 0.258988
vt 0.082056 0.276524
vt 0.079589 0.283025
vt 0.077653 0.289085
vt 0.037693 0.278324
vt 0.037975 0.268641
vt 0.552319 0.767365
vt 0.546999 0.767031
vt 0.546976 0.756727
vt 0.552389 0.756916
vt 0.542675 0.766895
vt 0.542327 0.757156
vt 0.547345 0.745768
vt 0.552995 0.745917
vt 0.542225 0.746445
vt 0.552652 0.776725
vt 0.547270 0.776188
vt 0.543031 0.775178
vt 0.760406 0.366458
vt 0.754488 0.360614
vt 0.745921 0.355701
vt 0.736030 0.350898
vt 0.537982 0.748445
vt 0.955731 0.738922
vt 0.955325 0.744737
vt 0.946084 0.744770
vt 0.946149 0.738975
vt 0.954751 0.749523
vt 0.946346 0.749653
vt 0.937337 0.744681
vt 0.937048 0.739070
vt 0.938402 0.749304
vt 0.964151 0.739019
vt 0.963476 0.744792
vt 0.962029 0.749381
vt 0.759011 0.390132
vt 0.762266 0.382411
vt 0.762869 0.374008
vt 0.547648 0.783723
vt 0.543055 0.781902
vt 0.553250 0.784446
vt 0.229794 0.902359
vt 0.224401 0.901494
vt 0.224104 0.891898
vt 0.229688 0.893127
vt 0.220074 0.899961
vt 0.219197 0.890376
vt 0.224403 0.882070
vt 0.230059 0.884174
vt 0.218648 0.879758
vt 0.230216 0.909894
vt 0.224979 0.909094
vt 0.220913 0.907065
vt 0.060979 0.329294
vt 0.066151 0.320533
vt 0.071852 0.310860
vt 0.079530 0.303355
vt 0.218903 0.870799
vt 0.225814 0.874100
vt 0.575665 0.711850
vt 0.577018 0.719071
vt 0.573501 0.721200
vt 0.570946 0.718162
vt 0.576531 0.727550
vt 0.572226 0.727595
vt 0.567782 0.726521
vt 0.581561 0.708713
vt 0.581530 0.718435
vt 0.033034 0.278510
vt 0.033365 0.269923
vt 0.717134 0.158883
vt 0.716496 0.144477
vt 0.722785 0.144038
vt 0.723040 0.158637
vt 0.716366 0.129448
vt 0.722683 0.129893
vt 0.729980 0.144913
vt 0.730198 0.159421
vt 0.729655 0.131273
vt 0.153015 0.302151
vt 0.139806 0.298832
vt 0.167105 0.305122
vt 0.181806 0.308300
vt 0.736859 0.120410
vt 0.737777 0.133122
vt 0.738313 0.146258
vt 0.738629 0.160515
vt 0.730241 0.174622
vt 0.723144 0.173535
vt 0.717546 0.172470
vt 0.794577 0.159698
vt 0.794368 0.144364
vt 0.806992 0.142694
vt 0.807111 0.158527
vt 0.794223 0.129937
vt 0.806925 0.127808
vt 0.819774 0.141366
vt 0.819802 0.157600
vt 0.819763 0.126136
vt 0.782285 0.160820
vt 0.782003 0.146010
vt 0.781713 0.132270
vt 0.729132 0.221194
vt 0.722572 0.219618
vt 0.722540 0.204097
vt 0.729633 0.205942
vt 0.716546 0.216873
vt 0.716366 0.200753
vt 0.722871 0.188693
vt 0.730042 0.190273
vt 0.716997 0.186029
vt 0.728856 0.235669
vt 0.723265 0.234612
vt 0.097439 0.282803
vt 0.093955 0.287937
vt 0.112781 0.288772
vt 0.126805 0.294285
vt 0.747450 0.135098
vt 0.758189 0.135812
vt 0.758590 0.147817
vt 0.747924 0.147381
vt 0.769640 0.134673
vt 0.770019 0.147281
vt 0.758931 0.161860
vt 0.748278 0.161431
vt 0.770339 0.161614
vt 0.747212 0.125838
vt 0.757789 0.127034
vt 0.768909 0.125199
vt 0.855366 0.510802
vt 0.858268 0.505322
vt 0.868162 0.507086
vt 0.865061 0.512577
vt 0.861767 0.500234
vt 0.870824 0.501771
vt 0.952584 0.465291
vt 0.958716 0.465598
vt 0.959980 0.475096
vt 0.954202 0.474747
vt 0.878801 0.503161
vt 0.877101 0.508391
vt 0.883779 0.500045
vt 0.884515 0.503842
vt 0.964830 0.474511
vt 0.963388 0.481862
vt 0.958508 0.483490
vt 0.949281 0.456096
vt 0.767285 0.927796
vt 0.764663 0.921569
vt 0.771360 0.915143
vt 0.774778 0.919679
vt 0.763521 0.913867
vt 0.769634 0.908781
vt 0.777808 0.909395
vt 0.781070 0.913089
vt 0.775798 0.904006
vt 0.759848 0.936445
vt 0.758329 0.928076
vt 0.757754 0.918855
vt 0.758016 0.908927
vt 0.763555 0.905013
vt 0.769324 0.900966
vt 0.775121 0.897123
vt 0.780748 0.893822
vt 0.781784 0.899911
vt 0.783959 0.904620
vt 0.786642 0.908105
vt 0.764524 0.895272
vt 0.766392 0.884689
vt 0.772185 0.882040
vt 0.770222 0.892000
vt 0.769176 0.873257
vt 0.775087 0.871207
vt 0.777952 0.879490
vt 0.775905 0.888881
vt 0.780988 0.869181
vt 0.759042 0.898389
vt 0.760908 0.887146
vt 0.763726 0.875054
vt 0.767610 0.861973
vt 0.772896 0.860964
vt 0.778799 0.859623
vt 0.784734 0.858181
vt 0.790116 0.856873
vt 0.786408 0.867451
vt 0.783355 0.877335
vt 0.781342 0.886225
vt 0.492856 0.616619
vt 0.491529 0.604622
vt 0.499517 0.600925
vt 0.501799 0.612127
vt 0.490570 0.592959
vt 0.497861 0.589870
vt 0.506545 0.595189
vt 0.509457 0.604810
vt 0.504324 0.585204
vt 0.489911 0.581239
vt 0.496722 0.578649
vt 0.502738 0.574751
vt 0.507531 0.569889
vt 0.509526 0.579375
vt 0.512163 0.587929
vt 0.515339 0.595375
vt 0.398257 0.846852
vt 0.402439 0.849262
vt 0.399865 0.856265
vt 0.395450 0.853728
vt 0.406847 0.851716
vt 0.404300 0.858354
vt 0.398026 0.865058
vt 0.393490 0.863456
vt 0.402459 0.866257
vt 0.792445 0.904432
vt 0.789778 0.900982
vt 0.787330 0.896790
vt 0.785958 0.891336
vt 0.411043 0.853828
vt 0.408462 0.859921
vt 0.406603 0.867079
vt 0.394794 0.844079
vt 0.777467 0.848028
vt 0.782412 0.835554
vt 0.787624 0.835795
vt 0.783129 0.847547
vt 0.787125 0.824725
vt 0.791808 0.825232
vt 0.792871 0.835879
vt 0.788868 0.846828
vt 0.796281 0.826160
vt 0.772546 0.848071
vt 0.778015 0.834771
vt 0.783319 0.823758
vt 0.787215 0.816922
vt 0.790858 0.816001
vt 0.795354 0.816352
vt 0.799163 0.818311
vt 0.801418 0.820653
vt 0.800180 0.826639
vt 0.797608 0.835611
vt 0.794054 0.845998
vt 0.489487 0.569064
vt 0.489241 0.556020
vt 0.495573 0.554373
vt 0.495992 0.566937
vt 0.489120 0.541692
vt 0.495365 0.540583
vt 0.501132 0.551776
vt 0.501716 0.563696
vt 0.500842 0.538696
vt 0.489072 0.525662
vt 0.495270 0.525193
vt 0.500704 0.524163
vt 0.504972 0.522367
vt 0.505141 0.536001
vt 0.505500 0.548348
vt 0.506235 0.559585
vt 0.858555 0.874036
vt 0.859531 0.866250
vt 0.865044 0.863212
vt 0.864284 0.870557
vt 0.860092 0.856943
vt 0.865511 0.854257
vt 0.871462 0.861351
vt 0.870966 0.868365
vt 0.871814 0.852661
vt 0.786273 0.884277
vt 0.788068 0.875802
vt 0.790931 0.866232
vt 0.794451 0.855889
vt 0.860460 0.846623
vt 0.865843 0.844175
vt 0.872106 0.842734
vt 0.870246 0.873264
vt 0.863073 0.875808
vt 0.790320 0.883029
vt 0.790307 0.889679
vt 0.793031 0.809237
vt 0.794267 0.804246
vt 0.799890 0.804619
vt 0.798038 0.809480
vt 0.321502 0.875861
vt 0.322698 0.881679
vt 0.317408 0.881612
vt 0.316595 0.875714
vt 0.315351 0.870799
vt 0.310931 0.875734
vt 0.310446 0.870959
vt 0.311276 0.881603
vt 0.787394 0.812773
vt 0.499705 0.469261
vt 0.495046 0.465016
vt 0.495307 0.458830
vt 0.500138 0.464049
vt 0.489232 0.462154
vt 0.489438 0.455585
vt 0.305298 0.881633
vt 0.305426 0.875784
vt 0.305813 0.871174
vt 0.801866 0.812589
vt 0.803861 0.817992
vt 0.489054 0.507919
vt 0.489064 0.490078
vt 0.495116 0.491267
vt 0.495201 0.508223
vt 0.489113 0.474158
vt 0.495017 0.476268
vt 0.500331 0.492596
vt 0.500579 0.508261
vt 0.499915 0.479074
vt 0.502548 0.473291
vt 0.503537 0.481059
vt 0.504378 0.493233
vt 0.504798 0.507608
vt 0.860842 0.835888
vt 0.861389 0.825703
vt 0.866581 0.823214
vt 0.866180 0.833529
vt 0.862153 0.817094
vt 0.867051 0.814187
vt 0.872722 0.821622
vt 0.872405 0.832096
vt 0.873051 0.812272
vt 0.856393 0.850070
vt 0.856819 0.839074
vt 0.857525 0.828698
vt 0.803538 0.825524
vt 0.801423 0.834794
vt 0.862757 0.810957
vt 0.867457 0.807328
vt 0.873367 0.804996
s 1
usemtl Material.001
f 1360/237/1267 1361/238/1268 1364/239/1271 1363/240/1270
f 1361/238/1268 1362/241/1269 1365/242/1272 1364/239/1271
f 1363/240/1270 1364/239/1271 1367/243/1274 1366/244/1273
f 1364/239/1271 1365/242/1272 1368/245/1275 1367/243/1274
f 265/246/172 615/247/522 1360/237/1267 555/248/462
f 615/247/522 614/249/521 1361/238/1268 1360/237/1267
f 614/249/521 613/250/520 1362/241/1269 1361/238/1268
f 613/250/520 268/251/175 472/252/379 1362/241/1269
f 1362/241/1269 472/252/379 473/253/380 1365/242/1272
f 1365/242/1272 473/253/380 474/254/381 1368/245/1275
f 1368/245/1275 474/254/381 236/255/143 427/256/334
f 1367/243/1274 1368/245/1275 427/256/334 428/257/335
f 1366/244/1273 1367/243/1274 428/257/335 429/258/336
f 553/259/460 1366/244/1273 429/258/336 238/260/145
f 554/261/461 1363/240/1270 1366/244/1273 553/259/460
f 555/248/462 1360/237/1267 1363/240/1270 554/261/461
f 1369/262/1276 1370/263/1277 1373/264/1280 1372/265/1279
f 1370/263/1277 1371/266/1278 1374/267/1281 1373/264/1280
f 1372/265/1279 1373/264/1280 1376/268/1283 1375/269/1282
f 1373/264/1280 1374/267/1281 1377/270/1284 1376/268/1283
f 259/271/166 543/272/450 1369/262/1276 466/273/373
f 543/272/450 542/274/449 1370/263/1277 1369/262/1276
f 542/274/449 541/275/448 1371/266/1278 1370/263/1277
f 541/275/448 261/276/168 469/277/376 1371/266/1278
f 1371/266/1278 469/277/376 470/278/377 1374/267/1281
f 1374/267/1281 470/278/377 471/279/378 1377/270/1284
f 1377/270/1284 471/279/378 240/280/147 438/281/345
f 1376/268/1283 1377/270/1284 438/281/345 437/282/344
f 1375/269/1282 1376/268/1283 437/282/344 436/283/343
f 468/284/375 1375/269/1282 436/283/343 241/285/148
f 467/286/374 1372/265/1279 1375/269/1282 468/284/375
f 466/273/373 1369/262/1276 1372/265/1279 467/286/374
f 1378/287/1285 1379/288/1286 1382/289/1289 1381/290/1288
f 1379/288/1286 1380/291/1287 1383/292/1290 1382/289/1289
f 1381/290/1288 1382/289/1289 1385/293/1292 1384/294/1291
f 1382/289/1289 1383/292/1290 1386/295/1293 1385/293/1292
f 269/296/176 612/297/519 1378/287/1285 475/298/382
f 612/297/519 611/299/518 1379/288/1286 1378/287/1285
f 611/299/518 610/300/517 1380/291/1287 1379/288/1286
f 610/300/517 263/301/170 424/302/331 1380/291/1287
f 1380/291/1287 424/302/331 425/303/332 1383/292/1290
f 1383/292/1290 425/303/332 426/304/333 1386/295/1293
f 1386/295/1293 426/304/333 239/305/146 421/306/328
f 1385/293/1292 1386/295/1293 421/306/328 422/307/329
f 1384/294/1291 1385/293/1292 422/307/329 423/308/330
f 477/309/384 1384/294/1291 423/308/330 237/310/144
f 476/311/383 1381/290/1288 1384/294/1291 477/309/384
f 475/298/382 1378/287/1285 1381/290/1288 476/311/383
f 1387/312/1294 1388/313/1295 1391/314/1298 1390/315/1297
f 1388/313/1295 1389/316/1296 1392/317/1299 1391/314/1298
f 1390/315/1297 1391/314/1298 1394/318/1301 1393/319/1300
f 1391/314/1298 1392/317/1299 1395/320/1302 1394/318/1301
f 261/276/168 537/321/444 1387/312/1294 469/277/376
f 537/321/444 536/322/443 1388/313/1295 1387/312/1294
f 536/322/443 535/323/442 1389/316/1296 1388/313/1295
f 535/323/442 253/324/160 433/325/340 1389/316/1296
f 1389/316/1296 433/325/340 434/326/341 1392/317/1299
f 1392/317/1299 434/326/341 435/327/342 1395/320/1302
f 1395/328/1302 435/329/342 235/330/142 405/331/312
f 1394/318/1301 1395/320/1302 405/332/312 404/333/311
f 1393/319/1300 1394/318/1301 404/333/311 403/334/310
f 471/279/378 1393/319/1300 403/334/310 240/280/147
f 470/278/377 1390/315/1297 1393/319/1300 471/279/378
f 469/277/376 1387/312/1294 1390/315/1297 470/278/377
f 1397/335/1304 1398/336/1305 1396/337/1303 1406/338/1313
f 1399/339/1306 1400/340/1307 1396/337/1303 1398/336/1305
f 1401/341/1308 1402/342/1309 1396/337/1303 1400/340/1307
f 1403/343/1310 1404/344/1311 1396/337/1303 1402/342/1309
f 1405/345/1312 1406/338/1313 1396/337/1303 1404/344/1311
f 288/346/195 702/347/609 1397/335/1304 732/348/639
f 702/347/609 701/349/608 1398/336/1305 1397/335/1304
f 732/348/639 1397/335/1304 1406/338/1313 731/350/638
f 238/260/145 739/351/646 1399/339/1306 700/352/607
f 739/351/646 740/353/647 1400/340/1307 1399/339/1306
f 700/352/607 1399/339/1306 1398/336/1305 701/349/608
f 295/354/202 727/355/634 1401/341/1308 741/356/648
f 727/355/634 728/357/635 1402/342/1309 1401/341/1308
f 741/356/648 1401/341/1308 1400/340/1307 740/353/647
f 294/358/201 721/359/628 1403/343/1310 729/360/636
f 721/359/628 722/361/629 1404/344/1311 1403/343/1310
f 729/360/636 1403/343/1310 1402/342/1309 728/357/635
f 291/362/198 730/363/637 1405/345/1312 723/364/630
f 730/363/637 731/350/638 1406/338/1313 1405/345/1312
f 723/364/630 1405/345/1312 1404/344/1311 722/361/629
f 1407/365/1314 1408/366/1315 1411/367/1318 1410/368/1317
f 1408/366/1315 1409/369/1316 1412/370/1319 1411/367/1318
f 1410/368/1317 1411/367/1318 1414/371/1321 1413/372/1320
f 1411/367/1318 1412/370/1319 1415/373/1322 1414/371/1321
f 271/374/178 606/375/513 1407/365/1314 523/376/430
f 606/375/513 605/377/512 1408/366/1315 1407/365/1314
f 605/377/512 604/378/511 1409/369/1316 1408/366/1315
f 604/378/511 264/379/171 552/380/459 1409/369/1316
f 1409/369/1316 552/380/459 551/381/458 1412/370/1319
f 1412/370/1319 551/381/458 550/382/457 1415/373/1322
f 1415/373/1322 550/382/457 235/330/142 435/329/342
f 1414/371/1321 1415/373/1322 435/329/342 434/383/341
f 1413/372/1320 1414/371/1321 434/383/341 433/384/340
f 525/385/432 1413/372/1320 433/384/340 253/386/160
f 524/387/431 1410/368/1317 1413/372/1320 525/385/432
f 523/376/430 1407/365/1314 1410/368/1317 524/387/431
f 1416/388/1323 1417/389/1324 1420/390/1327 1419/391/1326
f 1417/389/1324 1418/392/1325 1421/393/1328 1420/390/1327
f 1419/391/1326 1420/390/1327 1423/394/1330 1422/395/1329
f 1420/390/1327 1421/393/1328 1424/396/1331 1423/394/1330
f 250/397/157 519/398/426 1416/388/1323 480/399/387
f 519/398/426 518/400/425 1417/389/1324 1416/388/1323
f 518/400/425 517/401/424 1418/392/1325 1417/389/1324
f 517/401/424 259/271/166 466/273/373 1418/392/1325
f 1418/392/1325 466/273/373 467/286/374 1421/393/1328
f 1421/393/1328 467/286/374 468/284/375 1424/396/1331
f 1424/396/1331 468/284/375 241/285/148 447/402/354
f 1423/394/1330 1424/396/1331 447/402/354 446/403/353
f 1422/395/1329 1423/394/1330 446/403/353 445/404/352
f 478/405/385 1422/395/1329 445/404/352 234/406/141
f 479/407/386 1419/391/1326 1422/395/1329 478/405/385
f 480/399/387 1416/388/1323 1419/391/1326 479/407/386
f 1426/408/1333 1427/409/1334 1425/410/1332 1437/411/1344
f 1428/412/1335 1429/413/1336 1425/410/1332 1427/409/1334
f 1430/414/1337 1431/415/1338 1425/410/1332 1429/413/1336
f 1432/416/1339 1433/417/1340 1425/418/1332 1431/419/1338
f 1434/420/1341 1435/421/1342 1425/422/1332 1433/423/1340
f 1436/424/1343 1437/425/1344 1425/422/1332 1435/421/1342
f 266/426/173 603/427/510 1426/408/1333 841/428/748
f 603/427/510 602/429/509 1427/409/1334 1426/408/1333
f 841/428/748 1426/408/1333 1437/411/1344 842/430/749
f 267/431/174 463/432/370 1428/412/1335 601/433/508
f 463/432/370 464/434/371 1429/413/1336 1428/412/1335
f 601/433/508 1428/412/1335 1427/409/1334 602/429/509
f 248/435/155 838/436/745 1430/414/1337 465/437/372
f 838/436/745 839/438/746 1431/415/1338 1430/414/1337
f 465/437/372 1430/414/1337 1429/413/1336 464/434/371
f 313/439/220 844/440/751 1432/416/1339 840/441/747
f 844/440/751 845/442/752 1433/417/1340 1432/416/1339
f 840/441/747 1432/416/1339 1431/419/1338 839/443/746
f 315/444/222 847/445/754 1434/420/1341 846/446/753
f 847/445/754 848/447/755 1435/421/1342 1434/420/1341
f 846/448/753 1434/449/1341 1433/417/1340 845/442/752
f 314/450/221 843/451/750 1436/424/1343 849/452/756
f 843/451/750 842/453/749 1437/425/1344 1436/424/1343
f 849/452/756 1436/424/1343 1435/421/1342 848/447/755
f 1439/454/1346 1440/455/1347 1438/456/1345 1448/457/1355
f 1441/458/1348 1442/459/1349 1438/456/1345 1440/455/1347
f 1443/460/1350 1444/461/1351 1438/456/1345 1442/459/1349
f 1445/462/1352 1446/463/1353 1438/456/1345 1444/461/1351
f 1447/464/1354 1448/457/1355 1438/456/1345 1446/463/1353
f 262/465/169 600/466/507 1439/454/1346 546/467/453
f 600/466/507 599/468/506 1440/455/1347 1439/454/1346
f 546/467/453 1439/454/1346 1448/457/1355 545/469/452
f 266/426/173 841/428/748 1441/458/1348 598/470/505
f 841/428/748 842/430/749 1442/459/1349 1441/458/1348
f 598/470/505 1441/458/1348 1440/455/1347 599/468/506
f 314/450/221 460/471/367 1443/472/1350 843/451/750
f 460/473/367 461/474/368 1444/461/1351 1443/460/1350
f 843/475/750 1443/460/1350 1442/459/1349 842/430/749
f 249/476/156 457/477/364 1445/462/1352 462/478/369
f 457/477/364 458/479/365 1446/463/1353 1445/462/1352
f 462/478/369 1445/462/1352 1444/461/1351 461/474/368
f 242/480/149 544/481/451 1447/464/1354 459/482/366
f 544/481/451 545/469/452 1448/457/1355 1447/464/1354
f 459/482/366 1447/464/1354 1446/463/1353 458/479/365
f 1449/483/1356 1450/484/1357 1453/485/1360 1452/486/1359
f 1450/487/1357 1451/488/1358 1454/489/1361 1453/490/1360
f 1452/486/1359 1453/485/1360 1456/491/1363 1455/492/1362
f 1453/490/1360 1454/489/1361 1457/493/1364 1456/494/1363
f 267/431/174 597/495/504 1449/483/1356 463/432/370
f 597/495/504 596/496/503 1450/484/1357 1449/483/1356
f 596/497/503 595/498/502 1451/488/1358 1450/487/1357
f 595/498/502 264/379/171 439/499/346 1451/488/1358
f 1451/488/1358 439/499/346 440/500/347 1454/489/1361
f 1454/489/1361 440/500/347 441/501/348 1457/493/1364
f 1457/493/1364 441/501/348 243/502/150 409/503/316
f 1456/494/1363 1457/493/1364 409/503/316 410/504/317
f 1455/492/1362 1456/491/1363 410/505/317 411/506/318
f 465/437/372 1455/492/1362 411/506/318 248/435/155
f 464/434/371 1452/486/1359 1455/492/1362 465/437/372
f 463/432/370 1449/483/1356 1452/486/1359 464/434/371
f 1458/507/1365 1459/508/1366 1462/509/1369 1461/510/1368
f 1459/508/1366 1460/511/1367 1463/512/1370 1462/509/1369
f 1461/510/1368 1462/509/1369 1465/513/1372 1464/514/1371
f 1462/509/1369 1463/512/1370 1466/515/1373 1465/513/1372
f 268/251/175 594/516/501 1458/507/1365 472/252/379
f 594/516/501 593/517/500 1459/508/1366 1458/507/1365
f 593/517/500 592/518/499 1460/511/1367 1459/508/1366
f 592/518/499 269/296/176 475/298/382 1460/511/1367
f 1460/511/1367 475/298/382 476/311/383 1463/512/1370
f 1463/512/1370 476/311/383 477/309/384 1466/515/1373
f 1466/515/1373 477/309/384 237/310/144 418/519/325
f 1465/513/1372 1466/515/1373 418/519/325 419/520/326
f 1464/514/1371 1465/513/1372 419/520/326 420/521/327
f 474/254/381 1464/514/1371 420/521/327 236/255/143
f 473/253/380 1461/510/1368 1464/514/1371 474/254/381
f 472/252/379 1458/507/1365 1461/510/1368 473/253/380
f 1467/522/1374 1468/523/1375 1471/524/1378 1470/525/1377
f 1468/523/1375 1469/526/1376 1472/527/1379 1471/524/1378
f 1470/525/1377 1471/524/1378 1474/528/1381 1473/529/1380
f 1471/524/1378 1472/527/1379 1475/530/1382 1474/528/1381
f 274/531/181 657/532/564 1467/522/1374 618/533/525
f 657/532/564 656/534/563 1468/523/1375 1467/522/1374
f 656/534/563 655/535/562 1469/526/1376 1468/523/1375
f 655/535/562 278/536/185 502/537/409 1469/526/1376
f 1469/526/1376 502/537/409 503/538/410 1472/527/1379
f 1472/527/1379 503/538/410 504/539/411 1475/530/1382
f 1475/530/1382 504/539/411 258/540/165 514/541/421
f 1474/528/1381 1475/530/1382 514/541/421 515/542/422
f 1473/529/1380 1474/528/1381 515/542/422 516/543/423
f 616/544/523 1473/529/1380 516/543/423 251/545/158
f 617/546/524 1470/525/1377 1473/529/1380 616/544/523
f 618/533/525 1467/522/1374 1470/525/1377 617/546/524
f 1477/547/1384 1478/548/1385 1476/549/1383 1486/550/1393
f 1479/551/1386 1480/552/1387 1476/549/1383 1478/548/1385
f 1481/553/1388 1482/554/1389 1476/549/1383 1480/552/1387
f 1483/555/1390 1484/556/1391 1476/549/1383 1482/554/1389
f 1485/557/1392 1486/550/1393 1476/549/1383 1484/556/1391
f 251/545/158 516/543/423 1477/547/1384 483/558/390
f 516/543/423 515/542/422 1478/548/1385 1477/547/1384
f 483/558/390 1477/547/1384 1486/550/1393 482/559/389
f 258/540/165 505/560/412 1479/551/1386 514/541/421
f 505/560/412 506/561/413 1480/552/1387 1479/551/1386
f 514/541/421 1479/551/1386 1478/548/1385 515/542/422
f 259/271/166 517/401/424 1481/553/1388 507/562/414
f 517/401/424 518/400/425 1482/554/1389 1481/553/1388
f 507/562/414 1481/553/1388 1480/552/1387 506/561/413
f 250/397/157 811/563/718 1483/555/1390 519/398/426
f 811/563/718 812/564/719 1484/556/1391 1483/555/1390
f 519/398/426 1483/555/1390 1482/554/1389 518/400/425
f 309/565/216 481/566/388 1485/557/1392 813/567/720
f 481/566/388 482/559/389 1486/550/1393 1485/557/1392
f 813/567/720 1485/557/1392 1484/556/1391 812/564/719
f 1487/568/1394 1488/569/1395 1491/570/1398 1490/571/1397
f 1488/569/1395 1489/572/1396 1492/573/1399 1491/570/1398
f 1490/571/1397 1491/570/1398 1494/574/1401 1493/575/1400
f 1491/570/1398 1492/573/1399 1495/576/1402 1494/574/1401
f 270/577/177 520/578/427 1487/568/1394 678/579/585
f 520/578/427 521/580/428 1488/569/1395 1487/568/1394
f 521/580/428 522/581/429 1489/572/1396 1488/569/1395
f 522/581/429 252/582/159 832/583/739 1489/572/1396
f 1489/572/1396 832/583/739 833/584/740 1492/573/1399
f 1492/585/1399 833/586/740 834/587/741 1495/588/1402
f 1495/588/1402 834/587/741 312/589/219 837/590/744
f 1494/591/1401 1495/588/1402 837/590/744 836/592/743
f 1493/593/1400 1494/591/1401 836/592/743 835/594/742
f 676/595/583 1493/575/1400 835/596/742 311/597/218
f 677/598/584 1490/571/1397 1493/575/1400 676/595/583
f 678/579/585 1487/568/1394 1490/571/1397 677/598/584
f 1496/599/1403 1497/600/1404 1500/601/1407 1499/602/1406
f 1497/600/1404 1498/603/1405 1501/604/1408 1500/601/1407
f 1499/602/1406 1500/601/1407 1503/605/1410 1502/606/1409
f 1500/601/1407 1501/604/1408 1504/607/1411 1503/605/1410
f 270/577/177 588/608/495 1496/599/1403 520/578/427
f 588/608/495 587/609/494 1497/600/1404 1496/599/1403
f 587/609/494 586/610/493 1498/603/1405 1497/600/1404
f 586/610/493 271/374/178 523/376/430 1498/603/1405
f 1498/603/1405 523/376/430 524/387/431 1501/604/1408
f 1501/604/1408 524/387/431 525/385/432 1504/607/1411
f 1504/607/1411 525/385/432 253/386/160 489/611/396
f 1503/605/1410 1504/607/1411 489/611/396 488/612/395
f 1502/606/1409 1503/605/1410 488/612/395 487/613/394
f 522/581/429 1502/606/1409 487/613/394 252/582/159
f 521/580/428 1499/602/1406 1502/606/1409 522/581/429
f 520/578/427 1496/599/1403 1499/602/1406 521/580/428
f 1505/614/1412 1506/615/1413 1509/616/1416 1508/617/1415
f 1506/615/1413 1507/618/1414 1510/619/1417 1509/616/1416
f 1508/617/1415 1509/616/1416 1512/620/1419 1511/621/1418
f 1509/616/1416 1510/619/1417 1513/622/1420 1512/620/1419
f 262/465/169 585/623/492 1505/614/1412 400/624/307
f 585/623/492 584/625/491 1506/615/1413 1505/614/1412
f 584/625/491 583/626/490 1507/618/1414 1506/615/1413
f 583/626/490 296/627/203 753/628/660 1507/618/1414
f 1507/618/1414 753/628/660 752/629/659 1510/619/1417
f 1510/619/1417 752/629/659 751/630/658 1513/622/1420
f 1513/622/1420 751/630/658 306/631/213 802/632/709
f 1512/620/1419 1513/622/1420 802/632/709 803/633/710
f 1511/621/1418 1512/620/1419 803/633/710 804/634/711
f 402/635/309 1511/621/1418 804/634/711 234/636/141
f 401/637/308 1508/617/1415 1511/621/1418 402/635/309
f 400/624/307 1505/614/1412 1508/617/1415 401/637/308
f 1515/638/1422 1516/639/1423 1514/640/1421 1524/641/1431
f 1517/642/1424 1518/643/1425 1514/640/1421 1516/639/1423
f 1519/644/1426 1520/645/1427 1514/640/1421 1518/643/1425
f 1521/646/1428 1522/647/1429 1514/640/1421 1520/645/1427
f 1523/648/1430 1524/641/1431 1514/640/1421 1522/647/1429
f 272/649/179 582/650/489 1515/638/1422 787/651/694
f 582/650/489 581/652/488 1516/639/1423 1515/638/1422
f 787/651/694 1515/638/1422 1524/641/1431 788/653/695
f 307/654/214 820/655/727 1517/642/1424 580/656/487
f 820/655/727 821/657/728 1518/643/1425 1517/642/1424
f 580/656/487 1517/642/1424 1516/639/1423 581/652/488
f 310/658/217 823/659/730 1519/644/1426 822/660/729
f 823/659/730 824/661/731 1520/645/1427 1519/644/1426
f 822/660/729 1519/644/1426 1518/643/1425 821/657/728
f 297/662/204 747/663/654 1521/646/1428 825/664/732
f 747/663/654 746/665/653 1522/647/1429 1521/646/1428
f 825/664/732 1521/646/1428 1520/645/1427 824/661/731
f 305/666/212 789/667/696 1523/668/1430 745/669/652
f 789/670/696 788/653/695 1524/641/1431 1523/648/1430
f 745/671/652 1523/648/1430 1522/647/1429 746/665/653
f 1525/672/1432 1526/673/1433 1529/674/1436 1528/675/1435
f 1526/673/1433 1527/676/1434 1530/677/1437 1529/674/1436
f 1528/675/1435 1529/674/1436 1532/678/1439 1531/679/1438
f 1529/674/1436 1530/677/1437 1533/680/1440 1532/678/1439
f 279/681/186 651/682/558 1525/672/1432 508/683/415
f 651/682/558 650/684/557 1526/673/1433 1525/672/1432
f 650/684/557 649/685/556 1527/676/1434 1526/673/1433
f 649/685/556 276/686/183 484/687/391 1527/676/1434
f 1527/676/1434 484/687/391 485/688/392 1530/677/1437
f 1530/677/1437 485/688/392 486/689/393 1533/680/1440
f 1533/680/1440 486/689/393 252/690/159 532/691/439
f 1532/678/1439 1533/680/1440 532/691/439 533/692/440
f 1531/679/1438 1532/678/1439 533/692/440 534/693/441
f 510/694/417 1531/679/1438 534/693/441 260/695/167
f 509/696/416 1528/675/1435 1531/679/1438 510/694/417
f 508/683/415 1525/672/1432 1528/675/1435 509/696/416
f 1534/697/1441 1535/698/1442 1538/699/1445 1537/700/1444
f 1535/698/1442 1536/701/1443 1539/702/1446 1538/699/1445
f 1537/700/1444 1538/699/1445 1541/703/1448 1540/704/1447
f 1538/699/1445 1539/702/1446 1542/705/1449 1541/703/1448
f 260/695/167 534/693/441 1534/697/1441 511/706/418
f 534/693/441 533/692/440 1535/698/1442 1534/697/1441
f 533/692/440 532/691/439 1536/701/1443 1535/698/1442
f 532/691/439 252/690/159 487/707/394 1536/701/1443
f 1536/701/1443 487/707/394 488/708/395 1539/702/1446
f 1539/702/1446 488/708/395 489/709/396 1542/705/1449
f 1542/705/1449 489/709/396 253/324/160 535/323/442
f 1541/703/1448 1542/705/1449 535/323/442 536/322/443
f 1540/704/1447 1541/703/1448 536/322/443 537/321/444
f 513/710/420 1540/704/1447 537/321/444 261/276/168
f 512/711/419 1537/700/1444 1540/704/1447 513/710/420
f 511/706/418 1534/697/1441 1537/700/1444 512/711/419
f 1543/712/1450 1544/713/1451 1547/714/1454 1546/715/1453
f 1544/713/1451 1545/716/1452 1548/717/1455 1547/714/1454
f 1546/715/1453 1547/714/1454 1550/718/1457 1549/719/1456
f 1547/714/1454 1548/717/1455 1551/720/1458 1550/718/1457
f 278/536/185 648/721/555 1543/712/1450 502/537/409
f 648/721/555 647/722/554 1544/713/1451 1543/712/1450
f 647/722/554 646/723/553 1545/716/1452 1544/713/1451
f 646/723/553 279/681/186 508/683/415 1545/716/1452
f 1545/716/1452 508/683/415 509/696/416 1548/717/1455
f 1548/717/1455 509/696/416 510/694/417 1551/720/1458
f 1551/720/1458 510/694/417 260/695/167 538/724/445
f 1550/718/1457 1551/720/1458 538/724/445 539/725/446
f 1549/719/1456 1550/718/1457 539/725/446 540/726/447
f 504/539/411 1549/719/1456 540/726/447 258/540/165
f 503/538/410 1546/715/1453 1549/719/1456 504/539/411
f 502/537/409 1543/712/1450 1546/715/1453 503/538/410
f 1552/727/1459 1553/728/1460 1556/729/1463 1555/730/1462
f 1553/728/1460 1554/731/1461 1557/732/1464 1556/729/1463
f 1555/730/1462 1556/729/1463 1559/733/1466 1558/734/1465
f 1556/729/1463 1557/732/1464 1560/735/1467 1559/733/1466
f 258/540/165 540/726/447 1552/727/1459 505/560/412
f 540/726/447 539/725/446 1553/728/1460 1552/727/1459
f 539/725/446 538/724/445 1554/731/1461 1553/728/1460
f 538/724/445 260/695/167 511/706/418 1554/731/1461
f 1554/731/1461 511/706/418 512/711/419 1557/732/1464
f 1557/732/1464 512/711/419 513/710/420 1560/735/1467
f 1560/735/1467 513/710/420 261/276/168 541/275/448
f 1559/733/1466 1560/735/1467 541/275/448 542/274/449
f 1558/734/1465 1559/733/1466 542/274/449 543/272/450
f 507/562/414 1558/734/1465 543/272/450 259/271/166
f 506/561/413 1555/730/1462 1558/734/1465 507/562/414
f 505/560/412 1552/727/1459 1555/730/1462 506/561/413
f 1561/736/1468 1562/737/1469 1565/738/1472 1564/739/1471
f 1562/737/1469 1563/740/1470 1566/741/1473 1565/738/1472
f 1564/739/1471 1565/738/1472 1568/742/1475 1567/743/1474
f 1565/738/1472 1566/741/1473 1569/744/1476 1568/742/1475
f 257/745/164 501/746/408 1561/736/1468 574/747/481
f 501/746/408 500/748/407 1562/737/1469 1561/736/1468
f 500/748/407 499/749/406 1563/740/1470 1562/737/1469
f 499/749/406 308/750/215 817/751/724 1563/740/1470
f 1563/740/1470 817/751/724 818/752/725 1566/741/1473
f 1566/741/1473 818/752/725 819/753/726 1569/744/1476
f 1569/744/1476 819/753/726 307/654/214 580/656/487
f 1568/742/1475 1569/744/1476 580/656/487 581/652/488
f 1567/743/1474 1568/742/1475 581/652/488 582/650/489
f 576/754/483 1567/743/1474 582/650/489 272/649/179
f 575/755/482 1564/739/1471 1567/743/1474 576/754/483
f 574/747/481 1561/736/1468 1564/739/1471 575/755/482
f 1571/756/1478 1572/757/1479 1570/758/1477 1580/759/1487
f 1573/760/1480 1574/761/1481 1570/758/1477 1572/757/1479
f 1575/762/1482 1576/763/1483 1570/758/1477 1574/761/1481
f 1577/764/1484 1578/765/1485 1570/758/1477 1576/763/1483
f 1579/766/1486 1580/767/1487 1570/768/1477 1578/769/1485
f 242/480/149 453/770/360 1571/771/1478 544/481/451
f 453/772/360 452/773/359 1572/757/1479 1571/756/1478
f 544/481/451 1571/771/1478 1580/767/1487 545/469/452
f 257/745/164 574/747/481 1573/760/1480 451/774/358
f 574/747/481 575/755/482 1574/761/1481 1573/760/1480
f 451/774/358 1573/760/1480 1572/757/1479 452/773/359
f 272/649/179 742/775/649 1575/762/1482 576/754/483
f 742/775/649 743/776/650 1576/763/1483 1575/762/1482
f 576/754/483 1575/762/1482 1574/761/1481 575/755/482
f 296/627/203 583/626/490 1577/777/1484 744/778/651
f 583/626/490 584/625/491 1578/769/1485 1577/777/1484
f 744/779/651 1577/764/1484 1576/763/1483 743/776/650
f 262/465/169 546/467/453 1579/766/1486 585/623/492
f 546/467/453 545/469/452 1580/767/1487 1579/766/1486
f 585/623/492 1579/766/1486 1578/769/1485 584/625/491
f 1581/780/1488 1582/781/1489 1585/782/1492 1584/783/1491
f 1582/781/1489 1583/784/1490 1586/785/1493 1585/782/1492
f 1584/783/1491 1585/782/1492 1588/786/1495 1587/787/1494
f 1585/782/1492 1586/785/1493 1589/788/1496 1588/786/1495
f 255/789/162 495/790/402 1581/780/1488 568/791/475
f 495/790/402 494/792/401 1582/781/1489 1581/780/1488
f 494/792/401 493/793/400 1583/784/1490 1582/781/1489
f 493/793/400 254/794/161 571/795/478 1583/784/1490
f 1583/784/1490 571/795/478 572/796/479 1586/785/1493
f 1586/785/1493 572/796/479 573/797/480 1589/788/1496
f 1589/788/1496 573/797/480 271/374/178 586/610/493
f 1588/786/1495 1589/788/1496 586/610/493 587/609/494
f 1587/787/1494 1588/786/1495 587/609/494 588/608/495
f 570/798/477 1587/787/1494 588/608/495 270/577/177
f 569/799/476 1584/783/1491 1587/787/1494 570/798/477
f 568/791/475 1581/780/1488 1584/783/1491 569/799/476
f 1590/800/1497 1591/801/1498 1594/802/1501 1593/803/1500
f 1591/801/1498 1592/804/1499 1595/805/1502 1594/802/1501
f 1593/803/1500 1594/802/1501 1597/806/1504 1596/807/1503
f 1594/802/1501 1595/805/1502 1598/808/1505 1597/806/1504
f 275/809/182 621/810/528 1590/800/1497 643/811/550
f 621/810/528 620/812/527 1591/801/1498 1590/800/1497
f 620/812/527 619/813/526 1592/804/1499 1591/801/1498
f 619/813/526 255/789/162 568/791/475 1592/804/1499
f 1592/804/1499 568/791/475 569/799/476 1595/805/1502
f 1595/805/1502 569/799/476 570/798/477 1598/808/1505
f 1598/808/1505 570/798/477 270/577/177 634/814/541
f 1597/806/1504 1598/808/1505 634/814/541 635/815/542
f 1596/807/1503 1597/806/1504 635/815/542 636/816/543
f 645/817/552 1596/807/1503 636/816/543 280/818/187
f 644/819/551 1593/803/1500 1596/807/1503 645/817/552
f 643/811/550 1590/800/1497 1593/803/1500 644/819/551
f 1599/820/1506 1600/821/1507 1603/822/1510 1602/823/1509
f 1600/821/1507 1601/824/1508 1604/825/1511 1603/822/1510
f 1602/823/1509 1603/822/1510 1606/826/1513 1605/827/1512
f 1603/822/1510 1604/825/1511 1607/828/1514 1606/826/1513
f 247/829/154 414/830/321 1599/820/1506 562/831/469
f 414/830/321 413/832/320 1600/821/1507 1599/820/1506
f 413/832/320 412/833/319 1601/824/1508 1600/821/1507
f 412/833/319 246/834/153 565/835/472 1601/824/1508
f 1601/824/1508 565/835/472 566/836/473 1604/825/1511
f 1604/825/1511 566/836/473 567/837/474 1607/828/1514
f 1607/828/1514 567/837/474 269/296/176 592/518/499
f 1606/826/1513 1607/828/1514 592/518/499 593/517/500
f 1605/827/1512 1606/826/1513 593/517/500 594/516/501
f 564/838/471 1605/827/1512 594/516/501 268/251/175
f 563/839/470 1602/823/1509 1605/827/1512 564/838/471
f 562/831/469 1599/820/1506 1602/823/1509 563/839/470
f 1608/840/1515 1609/841/1516 1612/842/1519 1611/843/1518
f 1609/844/1516 1610/845/1517 1613/846/1520 1612/847/1519
f 1611/848/1518 1612/849/1519 1615/850/1522 1614/851/1521
f 1612/847/1519 1613/846/1520 1616/852/1523 1615/853/1522
f 240/280/147 403/334/310 1608/840/1515 559/854/466
f 403/334/310 404/333/311 1609/841/1516 1608/840/1515
f 404/333/311 405/332/312 1610/855/1517 1609/841/1516
f 405/331/312 235/330/142 550/382/457 1610/845/1517
f 1610/845/1517 550/382/457 551/381/458 1613/846/1520
f 1613/846/1520 551/381/458 552/380/459 1616/852/1523
f 1616/852/1523 552/380/459 264/379/171 595/498/502
f 1615/853/1522 1616/852/1523 595/498/502 596/497/503
f 1614/851/1521 1615/850/1522 596/496/503 597/495/504
f 561/856/468 1614/851/1521 597/495/504 267/431/174
f 560/857/467 1611/848/1518 1614/851/1521 561/856/468
f 559/858/466 1608/859/1515 1611/848/1518 560/857/467
f 1617/860/1524 1618/861/1525 1621/862/1528 1620/863/1527
f 1618/861/1525 1619/864/1526 1622/865/1529 1621/862/1528
f 1620/863/1527 1621/862/1528 1624/866/1531 1623/867/1530
f 1621/862/1528 1622/865/1529 1625/868/1532 1624/866/1531
f 234/636/141 445/869/352 1617/860/1524 402/635/309
f 445/869/352 446/870/353 1618/861/1525 1617/860/1524
f 446/403/353 447/402/354 1619/871/1526 1618/872/1525
f 447/402/354 241/285/148 556/873/463 1619/871/1526
f 1619/864/1526 556/874/463 557/875/464 1622/865/1529
f 1622/865/1529 557/875/464 558/876/465 1625/868/1532
f 1625/868/1532 558/876/465 266/426/173 598/470/505
f 1624/866/1531 1625/868/1532 598/470/505 599/468/506
f 1623/867/1530 1624/866/1531 599/468/506 600/466/507
f 400/624/307 1623/867/1530 600/466/507 262/465/169
f 401/637/308 1620/863/1527 1623/867/1530 400/624/307
f 402/635/309 1617/860/1524 1620/863/1527 401/637/308
f 1626/877/1533 1627/878/1534 1630/879/1537 1629/880/1536
f 1627/878/1534 1628/881/1535 1631/882/1538 1630/879/1537
f 1629/880/1536 1630/879/1537 1633/883/1540 1632/884/1539
f 1630/879/1537 1631/882/1538 1634/885/1541 1633/883/1540
f 241/285/148 436/283/343 1626/886/1533 556/873/463
f 436/283/343 437/282/344 1627/887/1534 1626/886/1533
f 437/282/344 438/281/345 1628/888/1535 1627/887/1534
f 438/281/345 240/280/147 559/854/466 1628/888/1535
f 1628/881/1535 559/858/466 560/857/467 1631/882/1538
f 1631/882/1538 560/857/467 561/856/468 1634/885/1541
f 1634/885/1541 561/856/468 267/431/174 601/433/508
f 1633/883/1540 1634/885/1541 601/433/508 602/429/509
f 1632/884/1539 1633/883/1540 602/429/509 603/427/510
f 558/876/465 1632/884/1539 603/427/510 266/426/173
f 557/875/464 1629/880/1536 1632/884/1539 558/876/465
f 556/874/463 1626/877/1533 1629/880/1536 557/875/464
f 1635/889/1542 1636/890/1543 1639/891/1546 1638/892/1545
f 1636/890/1543 1637/893/1544 1640/894/1547 1639/891/1546
f 1638/892/1545 1639/891/1546 1642/895/1549 1641/896/1548
f 1639/891/1546 1640/894/1547 1643/897/1550 1642/895/1549
f 254/794/161 492/898/399 1635/889/1542 571/795/478
f 492/898/399 491/899/398 1636/890/1543 1635/889/1542
f 491/899/398 490/900/397 1637/893/1544 1636/890/1543
f 490/900/397 243/502/150 441/501/348 1637/893/1544
f 1637/893/1544 441/501/348 440/500/347 1640/894/1547
f 1640/894/1547 440/500/347 439/499/346 1643/897/1550
f 1643/897/1550 439/499/346 264/379/171 604/378/511
f 1642/895/1549 1643/897/1550 604/378/511 605/377/512
f 1641/896/1548 1642/895/1549 605/377/512 606/375/513
f 573/797/480 1641/896/1548 606/375/513 271/374/178
f 572/796/479 1638/892/1545 1641/896/1548 573/797/480
f 571/795/478 1635/889/1542 1638/892/1545 572/796/479
f 1645/901/1552 1646/902/1553 1644/903/1551 1654/904/1561
f 1647/905/1554 1648/906/1555 1644/903/1551 1646/902/1553
f 1649/907/1556 1650/908/1557 1644/903/1551 1648/906/1555
f 1651/909/1558 1652/910/1559 1644/903/1551 1650/908/1557
f 1653/911/1560 1654/904/1561 1644/903/1551 1652/910/1559
f 277/912/184 627/913/534 1645/901/1552 640/914/547
f 627/913/534 626/915/533 1646/902/1553 1645/901/1552
f 640/914/547 1645/901/1552 1654/904/1561 641/916/548
f 244/917/151 444/918/351 1647/905/1554 625/919/532
f 444/918/351 443/920/350 1648/906/1555 1647/905/1554
f 625/919/532 1647/905/1554 1646/902/1553 626/915/533
f 265/921/172 697/922/604 1649/907/1556 442/923/349
f 697/922/604 698/924/605 1650/908/1557 1649/907/1556
f 442/923/349 1649/907/1556 1648/906/1555 443/920/350
f 288/925/195 637/926/544 1651/909/1558 699/927/606
f 637/926/544 638/928/545 1652/910/1559 1651/909/1558
f 699/927/606 1651/909/1558 1650/908/1557 698/924/605
f 281/929/188 642/930/549 1653/911/1560 639/931/546
f 642/930/549 641/916/548 1654/904/1561 1653/911/1560
f 639/931/546 1653/911/1560 1652/910/1559 638/928/545
f 1655/932/1562 1656/933/1563 1659/934/1566 1658/935/1565
f 1656/933/1563 1657/936/1564 1660/937/1567 1659/934/1566
f 1658/935/1565 1659/934/1566 1662/938/1569 1661/939/1568
f 1659/934/1566 1660/937/1567 1663/940/1570 1662/938/1569
f 246/834/153 417/941/324 1655/932/1562 565/835/472
f 417/941/324 416/942/323 1656/933/1563 1655/932/1562
f 416/942/323 415/943/322 1657/936/1564 1656/933/1563
f 415/943/322 245/944/152 547/945/454 1657/936/1564
f 1657/936/1564 547/945/454 548/946/455 1660/937/1567
f 1660/937/1567 548/946/455 549/947/456 1663/940/1570
f 1663/940/1570 549/947/456 263/301/170 610/300/517
f 1662/938/1569 1663/940/1570 610/300/517 611/299/518
f 1661/939/1568 1662/938/1569 611/299/518 612/297/519
f 567/837/474 1661/939/1568 612/297/519 269/296/176
f 566/836/473 1658/935/1565 1661/939/1568 567/837/474
f 565/835/472 1655/932/1562 1658/935/1565 566/836/473
f 1664/948/1571 1665/949/1572 1668/950/1575 1667/951/1574
f 1665/949/1572 1666/952/1573 1669/953/1576 1668/950/1575
f 1667/951/1574 1668/950/1575 1671/954/1578 1670/955/1577
f 1668/950/1575 1669/953/1576 1672/956/1579 1671/954/1578
f 244/957/151 456/958/363 1664/948/1571 444/959/351
f 456/958/363 455/960/362 1665/949/1572 1664/948/1571
f 455/960/362 454/961/361 1666/952/1573 1665/949/1572
f 454/961/361 247/829/154 562/831/469 1666/952/1573
f 1666/952/1573 562/831/469 563/839/470 1669/953/1576
f 1669/953/1576 563/839/470 564/838/471 1672/956/1579
f 1672/956/1579 564/838/471 268/251/175 613/250/520
f 1671/954/1578 1672/956/1579 613/250/520 614/249/521
f 1670/955/1577 1671/954/1578 614/249/521 615/247/522
f 442/962/349 1670/955/1577 615/247/522 265/246/172
f 443/963/350 1667/951/1574 1670/955/1577 442/962/349
f 444/959/351 1664/948/1571 1667/951/1574 443/963/350
f 1673/964/1580 1674/965/1581 1677/966/1584 1676/967/1583
f 1674/965/1581 1675/968/1582 1678/969/1585 1677/966/1584
f 1676/967/1583 1677/966/1584 1680/970/1587 1679/971/1586
f 1677/966/1584 1678/969/1585 1681/972/1588 1680/970/1587
f 256/973/163 498/974/405 1673/964/1580 577/975/484
f 498/974/405 497/976/404 1674/965/1581 1673/964/1580
f 497/976/404 496/977/403 1675/968/1582 1674/965/1581
f 496/977/403 277/912/184 640/914/547 1675/968/1582
f 1675/968/1582 640/914/547 641/916/548 1678/969/1585
f 1678/969/1585 641/916/548 642/930/549 1681/972/1588
f 1681/972/1588 642/930/549 281/929/188 607/978/514
f 1680/970/1587 1681/972/1588 607/978/514 608/979/515
f 1679/971/1586 1680/970/1587 608/979/515 609/980/516
f 579/981/486 1679/971/1586 609/980/516 273/982/180
f 578/983/485 1676/967/1583 1679/971/1586 579/981/486
f 577/975/484 1673/964/1580 1676/967/1583 578/983/485
f 1682/984/1589 1683/985/1590 1686/986/1593 1685/987/1592
f 1683/985/1590 1684/988/1591 1687/989/1594 1686/986/1593
f 1685/990/1592 1686/991/1593 1689/992/1596 1688/993/1595
f 1686/986/1593 1687/989/1594 1690/994/1597 1689/995/1596
f 245/944/152 450/996/357 1682/997/1589 547/945/454
f 450/998/357 449/999/356 1683/985/1590 1682/984/1589
f 449/999/356 448/1000/355 1684/988/1591 1683/985/1590
f 448/1000/355 275/809/182 643/811/550 1684/988/1591
f 1684/988/1591 643/811/550 644/819/551 1687/989/1594
f 1687/989/1594 644/819/551 645/817/552 1690/994/1597
f 1690/994/1597 645/817/552 280/818/187 589/1001/496
f 1689/995/1596 1690/994/1597 589/1001/496 590/1002/497
f 1688/993/1595 1689/992/1596 590/1003/497 591/1004/498
f 549/947/456 1688/993/1595 591/1004/498 263/301/170
f 548/946/455 1685/990/1592 1688/993/1595 549/947/456
f 547/945/454 1682/997/1589 1685/990/1592 548/946/455
f 1691/1005/1598 1692/1006/1599 1695/1007/1602 1694/1008/1601
f 1692/1006/1599 1693/1009/1600 1696/1010/1603 1695/1007/1602
f 1694/1008/1601 1695/1007/1602 1698/1011/1605 1697/1012/1604
f 1695/1007/1602 1696/1010/1603 1699/1013/1606 1698/1011/1605
f 236/255/143 420/521/327 1691/1014/1598 628/1015/535
f 420/521/327 419/520/326 1692/1016/1599 1691/1014/1598
f 419/520/326 418/519/325 1693/1017/1600 1692/1016/1599
f 418/519/325 237/310/144 631/1018/538 1693/1017/1600
f 1693/1009/1600 631/1019/538 632/1020/539 1696/1010/1603
f 1696/1010/1603 632/1020/539 633/1021/540 1699/1013/1606
f 1699/1013/1606 633/1021/540 279/681/186 646/723/553
f 1698/1011/1605 1699/1013/1606 646/723/553 647/722/554
f 1697/1012/1604 1698/1011/1605 647/722/554 648/721/555
f 630/1022/537 1697/1012/1604 648/721/555 278/536/185
f 629/1023/536 1694/1008/1601 1697/1012/1604 630/1022/537
f 628/1024/535 1691/1005/1598 1694/1008/1601 629/1023/536
f 1700/1025/1607 1701/1026/1608 1704/1027/1611 1703/1028/1610
f 1701/1026/1608 1702/1029/1609 1705/1030/1612 1704/1027/1611
f 1703/1028/1610 1704/1027/1611 1707/1031/1614 1706/1032/1613
f 1704/1027/1611 1705/1030/1612 1708/1033/1615 1707/1031/1614
f 237/310/144 423/308/330 1700/1034/1607 631/1018/538
f 423/308/330 422/307/329 1701/1035/1608 1700/1034/1607
f 422/307/329 421/306/328 1702/1036/1609 1701/1035/1608
f 421/306/328 239/305/146 622/1037/529 1702/1036/1609
f 1702/1036/1609 622/1037/529 623/1038/530 1705/1039/1612
f 1705/1039/1612 623/1038/530 624/1040/531 1708/1041/1615
f 1708/1041/1615 624/1040/531 276/1042/183 649/1043/556
f 1707/1031/1614 1708/1033/1615 649/685/556 650/684/557
f 1706/1032/1613 1707/1031/1614 650/684/557 651/682/558
f 633/1021/540 1706/1032/1613 651/682/558 279/681/186
f 632/1020/539 1703/1028/1610 1706/1032/1613 633/1021/540
f 631/1019/538 1700/1025/1607 1703/1028/1610 632/1020/539
f 1709/1044/1616 1710/1045/1617 1713/1046/1620 1712/1047/1619
f 1710/1045/1617 1711/1048/1618 1714/1049/1621 1713/1046/1620
f 1712/1047/1619 1713/1046/1620 1716/1050/1623 1715/1051/1622
f 1713/1046/1620 1714/1049/1621 1717/1052/1624 1716/1050/1623
f 263/301/170 591/1004/498 1709/1044/1616 424/302/331
f 591/1004/498 590/1003/497 1710/1045/1617 1709/1044/1616
f 590/1003/497 589/1053/496 1711/1048/1618 1710/1045/1617
f 589/1053/496 280/1054/187 652/1055/559 1711/1048/1618
f 1711/1048/1618 652/1055/559 653/1056/560 1714/1049/1621
f 1714/1049/1621 653/1056/560 654/1057/561 1717/1052/1624
f 1717/1052/1624 654/1057/561 276/1042/183 624/1040/531
f 1716/1050/1623 1717/1052/1624 624/1040/531 623/1038/530
f 1715/1051/1622 1716/1050/1623 623/1038/530 622/1037/529
f 426/304/333 1715/1051/1622 622/1037/529 239/305/146
f 425/303/332 1712/1047/1619 1715/1051/1622 426/304/333
f 424/302/331 1709/1044/1616 1712/1047/1619 425/303/332
f 1718/1058/1625 1719/1059/1626 1722/1060/1629 1721/1061/1628
f 1719/1059/1626 1720/1062/1627 1723/1063/1630 1722/1060/1629
f 1721/1061/1628 1722/1060/1629 1725/1064/1632 1724/1065/1631
f 1722/1060/1629 1723/1063/1630 1726/1066/1633 1725/1064/1632
f 238/1067/145 429/1068/336 1718/1058/1625 432/1069/339
f 429/1068/336 428/1070/335 1719/1059/1626 1718/1058/1625
f 428/1070/335 427/1071/334 1720/1062/1627 1719/1059/1626
f 427/256/334 236/255/143 628/1015/535 1720/1072/1627
f 1720/1062/1627 628/1024/535 629/1023/536 1723/1063/1630
f 1723/1063/1630 629/1023/536 630/1022/537 1726/1066/1633
f 1726/1066/1633 630/1022/537 278/536/185 655/535/562
f 1725/1064/1632 1726/1066/1633 655/535/562 656/534/563
f 1724/1065/1631 1725/1064/1632 656/534/563 657/532/564
f 430/1073/337 1724/1065/1631 657/532/564 274/531/181
f 431/1074/338 1721/1061/1628 1724/1065/1631 430/1073/337
f 432/1069/339 1718/1058/1625 1721/1061/1628 431/1074/338
f 1727/1075/1634 1728/1076/1635 1731/1077/1638 1730/1078/1637
f 1728/1076/1635 1729/1079/1636 1732/1080/1639 1731/1077/1638
f 1730/1078/1637 1731/1077/1638 1734/1081/1641 1733/1082/1640
f 1731/1077/1638 1732/1080/1639 1735/1083/1642 1734/1081/1641
f 273/1084/180 609/1085/516 1727/1075/1634 726/1086/633
f 609/1085/516 608/1087/515 1728/1076/1635 1727/1075/1634
f 608/1087/515 607/1088/514 1729/1079/1636 1728/1076/1635
f 607/1088/514 281/1089/188 685/1090/592 1729/1079/1636
f 1729/1079/1636 685/1090/592 686/1091/593 1732/1080/1639
f 1732/1080/1639 686/1091/593 687/1092/594 1735/1083/1642
f 1735/1083/1642 687/1092/594 289/1093/196 703/1094/610
f 1734/1081/1641 1735/1083/1642 703/1094/610 704/1095/611
f 1733/1082/1640 1734/1081/1641 704/1095/611 705/1096/612
f 724/1097/631 1733/1098/1640 705/1099/612 290/1100/197
f 725/1101/632 1730/1102/1637 1733/1098/1640 724/1097/631
f 726/1086/633 1727/1075/1634 1730/1078/1637 725/1103/632
f 1736/1104/1643 1737/1105/1644 1740/1106/1647 1739/1107/1646
f 1737/1108/1644 1738/1109/1645 1741/1110/1648 1740/1111/1647
f 1739/1107/1646 1740/1106/1647 1743/1112/1650 1742/1113/1649
f 1740/1111/1647 1741/1110/1648 1744/1114/1651 1743/1115/1650
f 285/1116/192 669/1117/576 1736/1104/1643 670/1118/577
f 669/1119/576 668/1120/575 1737/1108/1644 1736/1121/1643
f 668/1120/575 667/1122/574 1738/1109/1645 1737/1108/1644
f 667/1122/574 284/1123/191 664/1124/571 1738/1109/1645
f 1738/1109/1645 664/1124/571 665/1125/572 1741/1110/1648
f 1741/1110/1648 665/1125/572 666/1126/573 1744/1114/1651
f 1744/1114/1651 666/1126/573 283/1127/190 663/1128/570
f 1743/1129/1650 1744/1130/1651 663/1131/570 662/1132/569
f 1742/1133/1649 1743/1129/1650 662/1132/569 661/1134/568
f 672/1135/579 1742/1113/1649 661/1136/568 282/1137/189
f 671/1138/578 1739/1107/1646 1742/1113/1649 672/1135/579
f 670/1118/577 1736/1104/1643 1739/1107/1646 671/1138/578
f 1745/1139/1652 1746/1140/1653 1749/1141/1656 1748/1142/1655
f 1746/1140/1653 1747/1143/1654 1750/1144/1657 1749/1141/1656
f 1748/1142/1655 1749/1141/1656 1752/1145/1659 1751/1146/1658
f 1749/1141/1656 1750/1144/1657 1753/1147/1660 1752/1145/1659
f 276/1042/183 654/1057/561 1745/1139/1652 684/1148/591
f 654/1057/561 653/1056/560 1746/1140/1653 1745/1139/1652
f 653/1056/560 652/1055/559 1747/1143/1654 1746/1140/1653
f 652/1055/559 280/1054/187 679/1149/586 1747/1143/1654
f 1747/1143/1654 679/1149/586 680/1150/587 1750/1144/1657
f 1750/1144/1657 680/1150/587 681/1151/588 1753/1147/1660
f 1753/1147/1660 681/1151/588 285/1116/192 670/1118/577
f 1752/1145/1659 1753/1147/1660 670/1118/577 671/1138/578
f 1751/1146/1658 1752/1145/1659 671/1138/578 672/1135/579
f 682/1152/589 1751/1146/1658 672/1135/579 282/1137/189
f 683/1153/590 1748/1142/1655 1751/1146/1658 682/1152/589
f 684/1148/591 1745/1139/1652 1748/1142/1655 683/1153/590
f 1755/1154/1662 1756/1155/1663 1754/1156/1661 1764/1157/1671
f 1757/1158/1664 1758/1159/1665 1754/1160/1661 1756/1161/1663
f 1759/1162/1666 1760/1163/1667 1754/1160/1661 1758/1159/1665
f 1761/1164/1668 1762/1165/1669 1754/1160/1661 1760/1163/1667
f 1763/1166/1670 1764/1157/1671 1754/1156/1661 1762/1167/1669
f 280/1054/187 636/1168/543 1755/1169/1662 679/1149/586
f 636/816/543 635/815/542 1756/1161/1663 1755/1170/1662
f 679/1149/586 1755/1169/1662 1764/1171/1671 680/1150/587
f 270/577/177 678/579/585 1757/1158/1664 634/814/541
f 678/579/585 677/598/584 1758/1159/1665 1757/1158/1664
f 634/814/541 1757/1158/1664 1756/1161/1663 635/815/542
f 311/597/218 831/1172/738 1759/1162/1666 676/595/583
f 831/1172/738 830/1173/737 1760/1163/1667 1759/1162/1666
f 676/595/583 1759/1162/1666 1758/1159/1665 677/598/584
f 284/1123/191 667/1122/574 1761/1164/1668 829/1174/736
f 667/1122/574 668/1120/575 1762/1165/1669 1761/1164/1668
f 829/1174/736 1761/1164/1668 1760/1163/1667 830/1173/737
f 285/1116/192 681/1151/588 1763/1175/1670 669/1117/576
f 681/1151/588 680/1150/587 1764/1171/1671 1763/1175/1670
f 669/1119/576 1763/1176/1670 1762/1165/1669 668/1120/575
f 1766/1177/1673 1767/1178/1674 1765/1179/1672 1775/1180/1682
f 1768/1181/1675 1769/1182/1676 1765/1179/1672 1767/1178/1674
f 1770/1183/1677 1771/1184/1678 1765/1179/1672 1769/1182/1676
f 1772/1185/1679 1773/1186/1680 1765/1179/1672 1771/1184/1678
f 1774/1187/1681 1775/1180/1682 1765/1179/1672 1773/1186/1680
f 252/690/159 486/689/393 1766/1177/1673 832/1188/739
f 486/689/393 485/688/392 1767/1178/1674 1766/1177/1673
f 832/1188/739 1766/1177/1673 1775/1180/1682 833/1189/740
f 276/686/183 684/1190/591 1768/1181/1675 484/687/391
f 684/1190/591 683/1191/590 1769/1182/1676 1768/1181/1675
f 484/687/391 1768/1181/1675 1767/1178/1674 485/688/392
f 282/1137/189 661/1136/568 1770/1192/1677 682/1152/589
f 661/1134/568 662/1132/569 1771/1184/1678 1770/1183/1677
f 682/1193/589 1770/1183/1677 1769/1182/1676 683/1191/590
f 283/1194/190 675/1195/582 1772/1185/1679 663/1131/570
f 675/1195/582 674/1196/581 1773/1186/1680 1772/1185/1679
f 663/1131/570 1772/1185/1679 1771/1184/1678 662/1132/569
f 312/589/219 834/587/741 1774/1197/1681 673/1198/580
f 834/1199/741 833/1189/740 1775/1180/1682 1774/1187/1681
f 673/1200/580 1774/1187/1681 1773/1186/1680 674/1196/581
f 1777/1201/1684 1778/1202/1685 1776/1203/1683 1782/1204/1689
f 1779/1205/1686 1780/1206/1687 1776/1203/1683 1778/1202/1685
f 1781/1207/1688 1782/1204/1689 1776/1203/1683 1780/1206/1687
f 286/1208/193 693/1209/600 1777/1201/1684 658/1210/565
f 693/1209/600 692/1211/599 1778/1202/1685 1777/1201/1684
f 658/1210/565 1777/1201/1684 1782/1204/1689 659/1212/566
f 238/1067/145 432/1069/339 1779/1205/1686 691/1213/598
f 432/1069/339 431/1074/338 1780/1206/1687 1779/1205/1686
f 691/1213/598 1779/1205/1686 1778/1202/1685 692/1211/599
f 274/531/181 660/1214/567 1781/1207/1688 430/1073/337
f 660/1214/567 659/1212/566 1782/1204/1689 1781/1207/1688
f 430/1073/337 1781/1207/1688 1780/1206/1687 431/1074/338
f 1783/1215/1690 1784/1216/1691 1787/1217/1694 1786/1218/1693
f 1784/1216/1691 1785/1219/1692 1788/1220/1695 1787/1217/1694
f 1786/1218/1693 1787/1217/1694 1790/1221/1697 1789/1222/1696
f 1787/1217/1694 1788/1220/1695 1791/1223/1698 1790/1221/1697
f 287/1224/194 696/1225/603 1783/1215/1690 529/1226/436
f 696/1225/603 695/1227/602 1784/1216/1691 1783/1215/1690
f 695/1227/602 694/1228/601 1785/1219/1692 1784/1216/1691
f 694/1228/601 286/1208/193 658/1210/565 1785/1219/1692
f 1785/1219/1692 658/1210/565 659/1212/566 1788/1220/1695
f 1788/1220/1695 659/1212/566 660/1214/567 1791/1223/1698
f 1791/1223/1698 660/1214/567 274/531/181 618/533/525
f 1790/1221/1697 1791/1223/1698 618/533/525 617/546/524
f 1789/1222/1696 1790/1221/1697 617/546/524 616/544/523
f 531/1229/438 1789/1222/1696 616/544/523 251/545/158
f 530/1230/437 1786/1218/1693 1789/1222/1696 531/1229/438
f 529/1226/436 1783/1215/1690 1786/1218/1693 530/1230/437
f 1793/1231/1700 1794/1232/1701 1792/1233/1699 1798/1234/1705
f 1795/1235/1702 1796/1236/1703 1792/1233/1699 1794/1232/1701
f 1797/1237/1704 1798/1234/1705 1792/1233/1699 1796/1236/1703
f 238/260/145 700/352/607 1793/1231/1700 553/259/460
f 700/352/607 701/349/608 1794/1232/1701 1793/1231/1700
f 553/259/460 1793/1231/1700 1798/1234/1705 554/261/461
f 288/346/195 699/1238/606 1795/1235/1702 702/347/609
f 699/927/606 698/924/605 1796/1239/1703 1795/1240/1702
f 702/347/609 1795/1235/1702 1794/1232/1701 701/349/608
f 265/246/172 555/248/462 1797/1237/1704 697/1241/604
f 555/248/462 554/261/461 1798/1234/1705 1797/1237/1704
f 697/922/604 1797/1242/1704 1796/1239/1703 698/924/605
f 1799/1243/1706 1800/1244/1707 1803/1245/1710 1802/1246/1709
f 1800/1244/1707 1801/1247/1708 1804/1248/1711 1803/1245/1710
f 1802/1246/1709 1803/1245/1710 1806/1249/1713 1805/1250/1712
f 1803/1245/1710 1804/1248/1711 1807/1251/1714 1806/1249/1713
f 289/1252/196 708/1253/615 1799/1243/1706 709/1254/616
f 708/1253/615 707/1255/614 1800/1244/1707 1799/1243/1706
f 707/1255/614 706/1256/613 1801/1247/1708 1800/1244/1707
f 706/1257/613 291/362/198 723/364/630 1801/1258/1708
f 1801/1258/1708 723/364/630 722/361/629 1804/1259/1711
f 1804/1259/1711 722/361/629 721/359/628 1807/1260/1714
f 1807/1260/1714 721/359/628 294/358/201 715/1261/622
f 1806/1262/1713 1807/1263/1714 715/1264/622 716/1265/623
f 1805/1266/1712 1806/1262/1713 716/1265/623 717/1267/624
f 711/1268/618 1805/1266/1712 717/1267/624 292/1269/199
f 710/1270/617 1802/1246/1709 1805/1250/1712 711/1271/618
f 709/1254/616 1799/1243/1706 1802/1246/1709 710/1270/617
f 1808/1272/1715 1809/1273/1716 1812/1274/1719 1811/1275/1718
f 1809/1273/1716 1810/1276/1717 1813/1277/1720 1812/1274/1719
f 1811/1275/1718 1812/1274/1719 1815/1278/1722 1814/1279/1721
f 1812/1274/1719 1813/1277/1720 1816/1280/1723 1815/1278/1722
f 290/1100/197 705/1099/612 1808/1281/1715 712/1282/619
f 705/1283/612 704/1284/611 1809/1273/1716 1808/1272/1715
f 704/1284/611 703/1285/610 1810/1276/1717 1809/1273/1716
f 703/1285/610 289/1252/196 709/1254/616 1810/1276/1717
f 1810/1276/1717 709/1254/616 710/1270/617 1813/1277/1720
f 1813/1277/1720 710/1270/617 711/1271/618 1816/1280/1723
f 1816/1286/1723 711/1268/618 292/1269/199 718/1287/625
f 1815/1288/1722 1816/1286/1723 718/1287/625 719/1289/626
f 1814/1290/1721 1815/1288/1722 719/1289/626 720/1291/627
f 714/1292/621 1814/1293/1721 720/1294/627 293/1295/200
f 713/1296/620 1811/1297/1718 1814/1293/1721 714/1292/621
f 712/1282/619 1808/1281/1715 1811/1297/1718 713/1296/620
f 1817/1298/1724 1818/1299/1725 1821/1300/1728 1820/1301/1727
f 1818/1299/1725 1819/1302/1726 1822/1303/1729 1821/1300/1728
f 1820/1301/1727 1821/1300/1728 1824/1304/1731 1823/1305/1730
f 1821/1300/1728 1822/1303/1729 1825/1306/1732 1824/1304/1731
f 286/1208/193 694/1228/601 1817/1298/1724 738/1307/645
f 694/1228/601 695/1227/602 1818/1299/1725 1817/1298/1724
f 695/1227/602 696/1225/603 1819/1302/1726 1818/1299/1725
f 696/1225/603 287/1224/194 733/1308/640 1819/1302/1726
f 1819/1302/1726 733/1308/640 734/1309/641 1822/1303/1729
f 1822/1303/1729 734/1309/641 735/1310/642 1825/1306/1732
f 1825/1306/1732 735/1310/642 293/1311/200 720/1291/627
f 1824/1304/1731 1825/1306/1732 720/1291/627 719/1289/626
f 1823/1305/1730 1824/1304/1731 719/1289/626 718/1287/625
f 736/1312/643 1823/1305/1730 718/1287/625 292/1269/199
f 737/1313/644 1820/1301/1727 1823/1305/1730 736/1312/643
f 738/1307/645 1817/1298/1724 1820/1301/1727 737/1313/644
f 1826/1314/1733 1827/1315/1734 1830/1316/1737 1829/1317/1736
f 1827/1315/1734 1828/1318/1735 1831/1319/1738 1830/1316/1737
f 1829/1317/1736 1830/1316/1737 1833/1320/1740 1832/1321/1739
f 1830/1316/1737 1831/1319/1738 1834/1322/1741 1833/1320/1740
f 287/1323/194 690/1324/597 1826/1314/1733 733/1325/640
f 690/1324/597 689/1326/596 1827/1315/1734 1826/1314/1733
f 689/1326/596 688/1327/595 1828/1318/1735 1827/1315/1734
f 688/1327/595 273/1328/180 726/1329/633 1828/1318/1735
f 1828/1318/1735 726/1329/633 725/1101/632 1831/1319/1738
f 1831/1319/1738 725/1101/632 724/1097/631 1834/1322/1741
f 1834/1322/1741 724/1097/631 290/1100/197 712/1282/619
f 1833/1320/1740 1834/1322/1741 712/1282/619 713/1296/620
f 1832/1321/1739 1833/1320/1740 713/1296/620 714/1292/621
f 735/1330/642 1832/1321/1739 714/1292/621 293/1295/200
f 734/1331/641 1829/1317/1736 1832/1321/1739 735/1330/642
f 733/1325/640 1826/1314/1733 1829/1317/1736 734/1331/641
f 1835/1332/1742 1836/1333/1743 1839/1334/1746 1838/1335/1745
f 1836/1333/1743 1837/1336/1744 1840/1337/1747 1839/1334/1746
f 1838/1335/1745 1839/1334/1746 1842/1338/1749 1841/1339/1748
f 1839/1334/1746 1840/1337/1747 1843/1340/1750 1842/1338/1749
f 281/1089/188 639/1341/546 1835/1332/1742 685/1090/592
f 639/1341/546 638/1342/545 1836/1333/1743 1835/1332/1742
f 638/1342/545 637/1343/544 1837/1336/1744 1836/1333/1743
f 637/1344/544 288/346/195 732/348/639 1837/1345/1744
f 1837/1345/1744 732/348/639 731/350/638 1840/1346/1747
f 1840/1346/1747 731/350/638 730/363/637 1843/1347/1750
f 1843/1347/1750 730/363/637 291/362/198 706/1257/613
f 1842/1338/1749 1843/1340/1750 706/1348/613 707/1349/614
f 1841/1339/1748 1842/1338/1749 707/1349/614 708/1350/615
f 687/1092/594 1841/1339/1748 708/1350/615 289/1093/196
f 686/1091/593 1838/1335/1745 1841/1339/1748 687/1092/594
f 685/1090/592 1835/1332/1742 1838/1335/1745 686/1091/593
f 1845/1351/1752 1846/1352/1753 1844/1353/1751 1854/1354/1761
f 1847/1355/1754 1848/1356/1755 1844/1353/1751 1846/1352/1753
f 1849/1357/1756 1850/1358/1757 1844/1353/1751 1848/1356/1755
f 1851/1359/1758 1852/1360/1759 1844/1353/1751 1850/1358/1757
f 1853/1361/1760 1854/1354/1761 1844/1353/1751 1852/1360/1759
f 238/1067/145 691/1213/598 1845/1351/1752 739/1362/646
f 691/1213/598 692/1211/599 1846/1352/1753 1845/1351/1752
f 739/351/646 1845/1363/1752 1854/1364/1761 740/353/647
f 286/1208/193 738/1307/645 1847/1355/1754 693/1209/600
f 738/1307/645 737/1313/644 1848/1356/1755 1847/1355/1754
f 693/1209/600 1847/1355/1754 1846/1352/1753 692/1211/599
f 292/1269/199 717/1267/624 1849/1357/1756 736/1312/643
f 717/1267/624 716/1265/623 1850/1358/1757 1849/1357/1756
f 736/1312/643 1849/1357/1756 1848/1356/1755 737/1313/644
f 294/358/201 729/360/636 1851/1365/1758 715/1261/622
f 729/360/636 728/357/635 1852/1366/1759 1851/1365/1758
f 715/1264/622 1851/1359/1758 1850/1358/1757 716/1265/623
f 295/354/202 741/356/648 1853/1367/1760 727/355/634
f 741/356/648 740/353/647 1854/1364/1761 1853/1367/1760
f 727/355/634 1853/1367/1760 1852/1366/1759 728/357/635
f 1855/1368/1762 1856/1369/1763 1859/1370/1766 1858/1371/1765
f 1856/1369/1763 1857/1372/1764 1860/1373/1767 1859/1370/1766
f 1858/1371/1765 1859/1370/1766 1862/1374/1769 1861/1375/1768
f 1859/1370/1766 1860/1373/1767 1863/1376/1770 1862/1374/1769
f 297/1377/204 748/1378/655 1855/1368/1762 771/1379/678
f 748/1378/655 749/1380/656 1856/1369/1763 1855/1368/1762
f 749/1380/656 750/1381/657 1857/1372/1764 1856/1369/1763
f 750/1381/657 298/1382/205 766/1383/673 1857/1372/1764
f 1857/1372/1764 766/1383/673 767/1384/674 1860/1373/1767
f 1860/1373/1767 767/1384/674 768/1385/675 1863/1376/1770
f 1863/1376/1770 768/1385/675 302/1386/209 762/1387/669
f 1862/1374/1769 1863/1376/1770 762/1387/669 761/1388/668
f 1861/1375/1768 1862/1374/1769 761/1388/668 760/1389/667
f 769/1390/676 1861/1375/1768 760/1389/667 301/1391/208
f 770/1392/677 1858/1371/1765 1861/1375/1768 769/1390/676
f 771/1379/678 1855/1368/1762 1858/1371/1765 770/1392/677
f 1864/1393/1771 1865/1394/1772 1868/1395/1775 1867/1396/1774
f 1865/1394/1772 1866/1397/1773 1869/1398/1776 1868/1395/1775
f 1867/1396/1774 1868/1395/1775 1871/1399/1778 1870/1400/1777
f 1868/1395/1775 1869/1398/1776 1872/1401/1779 1871/1399/1778
f 301/1391/208 760/1389/667 1864/1402/1771 759/1403/666
f 760/1389/667 761/1388/668 1865/1404/1772 1864/1402/1771
f 761/1388/668 762/1387/669 1866/1405/1773 1865/1404/1772
f 762/1387/669 302/1386/209 784/1406/691 1866/1405/1773
f 1866/1407/1773 784/1408/691 785/1409/692 1869/1410/1776
f 1869/1410/1776 785/1409/692 786/1411/693 1872/1412/1779
f 1872/1412/1779 786/1411/693 304/1413/211 798/1414/705
f 1871/1399/1778 1872/1401/1779 798/1415/705 797/1416/704
f 1870/1400/1777 1871/1399/1778 797/1416/704 796/1417/703
f 757/1418/664 1870/1400/1777 796/1417/703 303/1419/210
f 758/1420/665 1867/1396/1774 1870/1400/1777 757/1418/664
f 759/1421/666 1864/1393/1771 1867/1396/1774 758/1420/665
f 1873/1422/1780 1874/1423/1781 1877/1424/1784 1876/1425/1783
f 1874/1423/1781 1875/1426/1782 1878/1427/1785 1877/1424/1784
f 1876/1425/1783 1877/1424/1784 1880/1428/1787 1879/1429/1786
f 1877/1424/1784 1878/1427/1785 1881/1430/1788 1880/1428/1787
f 296/1431/203 744/1432/651 1873/1422/1780 777/1433/684
f 744/1432/651 743/1434/650 1874/1423/1781 1873/1422/1780
f 743/1434/650 742/1435/649 1875/1426/1782 1874/1423/1781
f 742/1435/649 272/1436/179 772/1437/679 1875/1426/1782
f 1875/1426/1782 772/1437/679 773/1438/680 1878/1427/1785
f 1878/1427/1785 773/1438/680 774/1439/681 1881/1430/1788
f 1881/1430/1788 774/1439/681 299/1440/206 754/1441/661
f 1880/1428/1787 1881/1430/1788 754/1441/661 755/1442/662
f 1879/1429/1786 1880/1428/1787 755/1442/662 756/1443/663
f 775/1444/682 1879/1429/1786 756/1443/663 300/1445/207
f 776/1446/683 1876/1425/1783 1879/1429/1786 775/1444/682
f 777/1433/684 1873/1422/1780 1876/1425/1783 776/1446/683
f 1882/1447/1789 1883/1448/1790 1886/1449/1793 1885/1450/1792
f 1883/1448/1790 1884/1451/1791 1887/1452/1794 1886/1449/1793
f 1885/1450/1792 1886/1449/1793 1889/1453/1796 1888/1454/1795
f 1886/1449/1793 1887/1452/1794 1890/1455/1797 1889/1453/1796
f 298/1382/205 790/1456/697 1882/1457/1789 766/1383/673
f 790/1458/697 791/1459/698 1883/1448/1790 1882/1447/1789
f 791/1459/698 792/1460/699 1884/1451/1791 1883/1448/1790
f 792/1460/699 306/631/213 795/1461/702 1884/1451/1791
f 1884/1451/1791 795/1461/702 794/1462/701 1887/1452/1794
f 1887/1452/1794 794/1462/701 793/1463/700 1890/1455/1797
f 1890/1455/1797 793/1463/700 304/1413/211 786/1411/693
f 1889/1453/1796 1890/1455/1797 786/1411/693 785/1409/692
f 1888/1454/1795 1889/1453/1796 785/1409/692 784/1408/691
f 768/1385/675 1888/1464/1795 784/1406/691 302/1386/209
f 767/1384/674 1885/1465/1792 1888/1464/1795 768/1385/675
f 766/1383/673 1882/1457/1789 1885/1465/1792 767/1384/674
f 1891/1466/1798 1892/1467/1799 1895/1468/1802 1894/1469/1801
f 1892/1467/1799 1893/1470/1800 1896/1471/1803 1895/1468/1802
f 1894/1469/1801 1895/1468/1802 1898/1472/1805 1897/1473/1804
f 1895/1468/1802 1896/1471/1803 1899/1474/1806 1898/1472/1805
f 272/1436/179 787/1475/694 1891/1476/1798 772/1437/679
f 787/1477/694 788/1478/695 1892/1467/1799 1891/1466/1798
f 788/1478/695 789/667/696 1893/1470/1800 1892/1467/1799
f 789/667/696 305/666/212 799/1479/706 1893/1470/1800
f 1893/1470/1800 799/1479/706 800/1480/707 1896/1471/1803
f 1896/1471/1803 800/1480/707 801/1481/708 1899/1474/1806
f 1899/1474/1806 801/1481/708 303/1482/210 783/1483/690
f 1898/1472/1805 1899/1474/1806 783/1483/690 782/1484/689
f 1897/1473/1804 1898/1472/1805 782/1484/689 781/1485/688
f 774/1439/681 1897/1486/1804 781/1487/688 299/1440/206
f 773/1438/680 1894/1488/1801 1897/1486/1804 774/1439/681
f 772/1437/679 1891/1476/1798 1894/1488/1801 773/1438/680
f 1900/1489/1807 1901/1490/1808 1904/1491/1811 1903/1492/1810
f 1901/1490/1808 1902/1493/1809 1905/1494/1812 1904/1491/1811
f 1903/1492/1810 1904/1491/1811 1907/1495/1814 1906/1496/1813
f 1904/1491/1811 1905/1494/1812 1908/1497/1815 1907/1495/1814
f 234/406/141 780/1498/687 1900/1489/1807 478/405/385
f 780/1498/687 779/1499/686 1901/1490/1808 1900/1489/1807
f 779/1499/686 778/1500/685 1902/1493/1809 1901/1490/1808
f 778/1500/685 298/1382/205 750/1381/657 1902/1493/1809
f 1902/1493/1809 750/1381/657 749/1380/656 1905/1494/1812
f 1905/1494/1812 749/1380/656 748/1378/655 1908/1497/1815
f 1908/1497/1815 748/1378/655 297/1377/204 526/1501/433
f 1907/1495/1814 1908/1497/1815 526/1501/433 527/1502/434
f 1906/1496/1813 1907/1495/1814 527/1502/434 528/1503/435
f 480/399/387 1906/1496/1813 528/1503/435 250/397/157
f 479/407/386 1903/1492/1810 1906/1496/1813 480/399/387
f 478/405/385 1900/1489/1807 1903/1492/1810 479/407/386
f 1909/1504/1816 1910/1505/1817 1913/1506/1820 1912/1507/1819
f 1910/1505/1817 1911/1508/1818 1914/1509/1821 1913/1506/1820
f 1912/1507/1819 1913/1506/1820 1916/1510/1823 1915/1511/1822
f 1913/1506/1820 1914/1509/1821 1917/1512/1824 1916/1510/1823
f 304/1413/211 793/1463/700 1909/1504/1816 763/1513/670
f 793/1463/700 794/1462/701 1910/1505/1817 1909/1504/1816
f 794/1462/701 795/1461/702 1911/1508/1818 1910/1505/1817
f 795/1461/702 306/631/213 751/630/658 1911/1508/1818
f 1911/1508/1818 751/630/658 752/629/659 1914/1509/1821
f 1914/1509/1821 752/629/659 753/628/660 1917/1512/1824
f 1917/1512/1824 753/628/660 296/627/203 777/1514/684
f 1916/1515/1823 1917/1516/1824 777/1433/684 776/1446/683
f 1915/1517/1822 1916/1515/1823 776/1446/683 775/1444/682
f 765/1518/672 1915/1517/1822 775/1444/682 300/1445/207
f 764/1519/671 1912/1507/1819 1915/1511/1822 765/1520/672
f 763/1513/670 1909/1504/1816 1912/1507/1819 764/1519/671
f 1918/1521/1825 1919/1522/1826 1922/1523/1829 1921/1524/1828
f 1919/1522/1826 1920/1525/1827 1923/1526/1830 1922/1523/1829
f 1921/1524/1828 1922/1523/1829 1925/1527/1832 1924/1528/1831
f 1922/1523/1829 1923/1526/1830 1926/1529/1833 1925/1527/1832
f 303/1419/210 796/1417/703 1918/1521/1825 783/1530/690
f 796/1417/703 797/1416/704 1919/1522/1826 1918/1521/1825
f 797/1416/704 798/1415/705 1920/1525/1827 1919/1522/1826
f 798/1414/705 304/1413/211 763/1513/670 1920/1531/1827
f 1920/1531/1827 763/1513/670 764/1519/671 1923/1532/1830
f 1923/1532/1830 764/1519/671 765/1520/672 1926/1533/1833
f 1926/1534/1833 765/1518/672 300/1445/207 756/1443/663
f 1925/1535/1832 1926/1534/1833 756/1443/663 755/1442/662
f 1924/1536/1831 1925/1535/1832 755/1442/662 754/1441/661
f 781/1487/688 1924/1536/1831 754/1441/661 299/1440/206
f 782/1537/689 1921/1524/1828 1924/1528/1831 781/1538/688
f 783/1530/690 1918/1521/1825 1921/1524/1828 782/1537/689
f 1927/1539/1834 1928/1540/1835 1931/1541/1838 1930/1542/1837
f 1928/1540/1835 1929/1543/1836 1932/1544/1839 1931/1541/1838
f 1930/1542/1837 1931/1541/1838 1934/1545/1841 1933/1546/1840
f 1931/1541/1838 1932/1544/1839 1935/1547/1842 1934/1545/1841
f 303/1482/210 801/1481/708 1927/1539/1834 757/1548/664
f 801/1481/708 800/1480/707 1928/1540/1835 1927/1539/1834
f 800/1480/707 799/1479/706 1929/1543/1836 1928/1540/1835
f 799/1479/706 305/666/212 745/669/652 1929/1543/1836
f 1929/1543/1836 745/669/652 746/1549/653 1932/1544/1839
f 1932/1544/1839 746/1549/653 747/1550/654 1935/1547/1842
f 1935/1551/1842 747/1552/654 297/1377/204 771/1379/678
f 1934/1553/1841 1935/1551/1842 771/1379/678 770/1392/677
f 1933/1554/1840 1934/1553/1841 770/1392/677 769/1390/676
f 759/1403/666 1933/1554/1840 769/1390/676 301/1391/208
f 758/1555/665 1930/1542/1837 1933/1546/1840 759/1556/666
f 757/1548/664 1927/1539/1834 1930/1542/1837 758/1555/665
f 1937/1557/1844 1938/1558/1845 1936/1559/1843 1942/1560/1849
f 1939/1561/1846 1940/1562/1847 1936/1559/1843 1938/1558/1845
f 1941/1563/1848 1942/1560/1849 1936/1559/1843 1940/1562/1847
f 234/636/141 804/634/711 1937/1557/1844 780/1564/687
f 804/634/711 803/633/710 1938/1558/1845 1937/1557/1844
f 780/1498/687 1937/1565/1844 1942/1566/1849 779/1499/686
f 306/631/213 792/1460/699 1939/1561/1846 802/632/709
f 792/1460/699 791/1459/698 1940/1562/1847 1939/1561/1846
f 802/632/709 1939/1561/1846 1938/1558/1845 803/633/710
f 298/1382/205 778/1500/685 1941/1567/1848 790/1456/697
f 778/1500/685 779/1499/686 1942/1566/1849 1941/1567/1848
f 790/1458/697 1941/1563/1848 1940/1562/1847 791/1459/698
f 1943/1568/1850 1944/1569/1851 1947/1570/1854 1946/1571/1853
f 1944/1569/1851 1945/1572/1852 1948/1573/1855 1947/1570/1854
f 1946/1571/1853 1947/1570/1854 1950/1574/1857 1949/1575/1856
f 1947/1570/1854 1948/1573/1855 1951/1576/1858 1950/1574/1857
f 309/565/216 816/1577/723 1943/1578/1850 481/566/388
f 816/1579/723 815/1580/722 1944/1569/1851 1943/1568/1850
f 815/1580/722 814/1581/721 1945/1572/1852 1944/1569/1851
f 814/1581/721 310/658/217 828/1582/735 1945/1572/1852
f 1945/1572/1852 828/1582/735 827/1583/734 1948/1573/1855
f 1948/1573/1855 827/1583/734 826/1584/733 1951/1576/1858
f 1951/1576/1858 826/1584/733 287/1585/194 529/1586/436
f 1950/1574/1857 1951/1576/1858 529/1586/436 530/1587/437
f 1949/1588/1856 1950/1589/1857 530/1230/437 531/1229/438
f 483/558/390 1949/1588/1856 531/1229/438 251/545/158
f 482/559/389 1946/1590/1853 1949/1588/1856 483/558/390
f 481/566/388 1943/1578/1850 1946/1590/1853 482/559/389
f 1952/1591/1859 1953/1592/1860 1956/1593/1863 1955/1594/1862
f 1953/1592/1860 1954/1595/1861 1957/1596/1864 1956/1593/1863
f 1955/1594/1862 1956/1593/1863 1959/1597/1866 1958/1598/1865
f 1956/1593/1863 1957/1596/1864 1960/1599/1867 1959/1597/1866
f 307/654/214 819/753/726 1952/1591/1859 807/1600/714
f 819/753/726 818/752/725 1953/1592/1860 1952/1591/1859
f 818/752/725 817/751/724 1954/1595/1861 1953/1592/1860
f 817/751/724 308/750/215 810/1601/717 1954/1595/1861
f 1954/1595/1861 810/1601/717 809/1602/716 1957/1596/1864
f 1957/1596/1864 809/1602/716 808/1603/715 1960/1599/1867
f 1960/1599/1867 808/1603/715 256/973/163 577/975/484
f 1959/1597/1866 1960/1599/1867 577/975/484 578/983/485
f 1958/1598/1865 1959/1597/1866 578/983/485 579/981/486
f 805/1604/712 1958/1598/1865 579/981/486 273/982/180
f 806/1605/713 1955/1594/1862 1958/1598/1865 805/1604/712
f 807/1600/714 1952/1591/1859 1955/1594/1862 806/1605/713
f 1961/1606/1868 1962/1607/1869 1965/1608/1872 1964/1609/1871
f 1962/1607/1869 1963/1610/1870 1966/1611/1873 1965/1608/1872
f 1964/1612/1871 1965/1613/1872 1968/1614/1875 1967/1615/1874
f 1965/1608/1872 1966/1611/1873 1969/1616/1876 1968/1617/1875
f 297/1377/204 825/1618/732 1961/1619/1868 526/1501/433
f 825/664/732 824/661/731 1962/1607/1869 1961/1606/1868
f 824/661/731 823/659/730 1963/1610/1870 1962/1607/1869
f 823/659/730 310/658/217 814/1581/721 1963/1610/1870
f 1963/1610/1870 814/1581/721 815/1580/722 1966/1611/1873
f 1966/1611/1873 815/1580/722 816/1579/723 1969/1616/1876
f 1969/1620/1876 816/1577/723 309/565/216 813/567/720
f 1968/1614/1875 1969/1620/1876 813/567/720 812/564/719
f 1967/1615/1874 1968/1614/1875 812/564/719 811/563/718
f 528/1503/435 1967/1615/1874 811/563/718 250/397/157
f 527/1502/434 1964/1612/1871 1967/1615/1874 528/1503/435
f 526/1501/433 1961/1619/1868 1964/1612/1871 527/1502/434
f 1970/1621/1877 1971/1622/1878 1974/1623/1881 1973/1624/1880
f 1971/1622/1878 1972/1625/1879 1975/1626/1882 1974/1623/1881
f 1973/1624/1880 1974/1623/1881 1977/1627/1884 1976/1628/1883
f 1974/1623/1881 1975/1626/1882 1978/1629/1885 1977/1627/1884
f 287/1585/194 826/1584/733 1970/1621/1877 690/1630/597
f 826/1584/733 827/1583/734 1971/1622/1878 1970/1621/1877
f 827/1583/734 828/1582/735 1972/1625/1879 1971/1622/1878
f 828/1582/735 310/658/217 822/660/729 1972/1625/1879
f 1972/1625/1879 822/660/729 821/657/728 1975/1626/1882
f 1975/1626/1882 821/657/728 820/655/727 1978/1629/1885
f 1978/1629/1885 820/655/727 307/654/214 807/1600/714
f 1977/1627/1884 1978/1629/1885 807/1600/714 806/1605/713
f 1976/1628/1883 1977/1627/1884 806/1605/713 805/1604/712
f 688/1631/595 1976/1628/1883 805/1604/712 273/982/180
f 689/1632/596 1973/1624/1880 1976/1628/1883 688/1631/595
f 690/1630/597 1970/1621/1877 1973/1624/1880 689/1632/596
f 1979/1633/1886 1980/1634/1887 1983/1635/1890 1982/1636/1889
f 1980/1637/1887 1981/1638/1888 1984/1639/1891 1983/1640/1890
f 1982/1636/1889 1983/1635/1890 1986/1641/1893 1985/1642/1892
f 1983/1635/1890 1984/1643/1891 1987/1644/1894 1986/1641/1893
f 311/597/218 835/596/742 1979/1633/1886 831/1172/738
f 835/594/742 836/592/743 1980/1637/1887 1979/1645/1886
f 836/592/743 837/590/744 1981/1638/1888 1980/1637/1887
f 837/590/744 312/589/219 673/1198/580 1981/1638/1888
f 1981/1638/1888 673/1198/580 674/1646/581 1984/1639/1891
f 1984/1639/1891 674/1646/581 675/1647/582 1987/1648/1894
f 1987/1644/1894 675/1649/582 283/1127/190 666/1126/573
f 1986/1641/1893 1987/1644/1894 666/1126/573 665/1125/572
f 1985/1642/1892 1986/1641/1893 665/1125/572 664/1124/571
f 829/1174/736 1985/1642/1892 664/1124/571 284/1123/191
f 830/1173/737 1982/1636/1889 1985/1642/1892 829/1174/736
f 831/1172/738 1979/1633/1886 1982/1636/1889 830/1173/737
f 1988/1650/1895 1989/1651/1896 1992/1652/1899 1991/1653/1898
f 1989/1651/1896 1990/1654/1897 1993/1655/1900 1992/1652/1899
f 1991/1653/1898 1992/1652/1899 1995/1656/1902 1994/1657/1901
f 1992/1652/1899 1993/1655/1900 1996/1658/1903 1995/1656/1902
f 314/450/221 849/452/756 1988/1650/1895 867/1659/774
f 849/452/756 848/447/755 1989/1651/1896 1988/1650/1895
f 848/447/755 847/445/754 1990/1654/1897 1989/1651/1896
f 847/445/754 315/444/222 862/1660/769 1990/1654/1897
f 1990/1654/1897 862/1660/769 863/1661/770 1993/1655/1900
f 1993/1655/1900 863/1661/770 864/1662/771 1996/1658/1903
f 1996/1658/1903 864/1662/771 319/1663/226 859/1664/766
f 1995/1656/1902 1996/1658/1903 859/1664/766 860/1665/767
f 1994/1657/1901 1995/1656/1902 860/1665/767 861/1666/768
f 865/1667/772 1994/1657/1901 861/1666/768 318/1668/225
f 866/1669/773 1991/1653/1898 1994/1657/1901 865/1667/772
f 867/1659/774 1988/1650/1895 1991/1653/1898 866/1669/773
f 1997/1670/1904 1998/1671/1905 2001/1672/1908 2000/1673/1907
f 1998/1671/1905 1999/1674/1906 2002/1675/1909 2001/1672/1908
f 2000/1673/1907 2001/1672/1908 2004/1676/1911 2003/1677/1910
f 2001/1672/1908 2002/1675/1909 2005/1678/1912 2004/1676/1911
f 318/1668/225 861/1666/768 1997/1670/1904 885/1679/792
f 861/1666/768 860/1665/767 1998/1671/1905 1997/1670/1904
f 860/1665/767 859/1664/766 1999/1674/1906 1998/1671/1905
f 859/1664/766 319/1663/226 880/1680/787 1999/1674/1906
f 1999/1674/1906 880/1680/787 881/1681/788 2002/1675/1909
f 2002/1675/1909 881/1681/788 882/1682/789 2005/1678/1912
f 2005/1678/1912 882/1682/789 323/1683/230 877/1684/784
f 2004/1676/1911 2005/1678/1912 877/1684/784 878/1685/785
f 2003/1677/1910 2004/1676/1911 878/1685/785 879/1686/786
f 883/1687/790 2003/1677/1910 879/1686/786 322/1688/229
f 884/1689/791 2000/1673/1907 2003/1677/1910 883/1687/790
f 885/1679/792 1997/1670/1904 2000/1673/1907 884/1689/791
f 2006/1690/1913 2007/1691/1914 2010/1692/1917 2009/1693/1916
f 2007/1691/1914 2008/1694/1915 2011/1695/1918 2010/1692/1917
f 2009/1693/1916 2010/1692/1917 2013/1696/1920 2012/1697/1919
f 2010/1692/1917 2011/1695/1918 2014/1698/1921 2013/1696/1920
f 249/476/156 462/478/369 2006/1690/1913 408/1699/315
f 462/478/369 461/474/368 2007/1691/1914 2006/1690/1913
f 461/474/368 460/473/367 2008/1694/1915 2007/1691/1914
f 460/471/367 314/450/221 867/1659/774 2008/1700/1915
f 2008/1694/1915 867/1701/774 866/1702/773 2011/1695/1918
f 2011/1695/1918 866/1702/773 865/1703/772 2014/1698/1921
f 2014/1704/1921 865/1667/772 318/1668/225 853/1705/760
f 2013/1696/1920 2014/1698/1921 853/1706/760 854/1707/761
f 2012/1697/1919 2013/1696/1920 854/1707/761 855/1708/762
f 406/1709/313 2012/1697/1919 855/1708/762 317/1710/224
f 407/1711/314 2009/1693/1916 2012/1697/1919 406/1709/313
f 408/1699/315 2006/1690/1913 2009/1693/1916 407/1711/314
f 2015/1712/1922 2016/1713/1923 2019/1714/1926 2018/1715/1925
f 2016/1713/1923 2017/1716/1924 2020/1717/1927 2019/1714/1926
f 2018/1715/1925 2019/1714/1926 2022/1718/1929 2021/1719/1928
f 2019/1714/1926 2020/1717/1927 2023/1720/1930 2022/1718/1929
f 315/444/222 846/446/753 2015/1721/1922 862/1660/769
f 846/448/753 845/442/752 2016/1713/1923 2015/1712/1922
f 845/442/752 844/440/751 2017/1716/1924 2016/1713/1923
f 844/440/751 313/439/220 868/1722/775 2017/1716/1924
f 2017/1716/1924 868/1722/775 869/1723/776 2020/1717/1927
f 2020/1717/1927 869/1723/776 870/1724/777 2023/1720/1930
f 2023/1720/1930 870/1724/777 316/1725/223 856/1726/763
f 2022/1718/1929 2023/1720/1930 856/1726/763 857/1727/764
f 2021/1719/1928 2022/1718/1929 857/1727/764 858/1728/765
f 864/1662/771 2021/1729/1928 858/1730/765 319/1663/226
f 863/1661/770 2018/1731/1925 2021/1729/1928 864/1662/771
f 862/1660/769 2015/1721/1922 2018/1731/1925 863/1661/770
f 2024/1732/1931 2025/1733/1932 2028/1734/1935 2027/1735/1934
f 2025/1733/1932 2026/1736/1933 2029/1737/1936 2028/1734/1935
f 2027/1735/1934 2028/1734/1935 2031/1738/1938 2030/1739/1937
f 2028/1734/1935 2029/1737/1936 2032/1740/1939 2031/1738/1938
f 322/1688/229 879/1686/786 2024/1732/1931 906/1741/813
f 879/1686/786 878/1685/785 2025/1733/1932 2024/1732/1931
f 878/1685/785 877/1684/784 2026/1736/1933 2025/1733/1932
f 877/1684/784 323/1683/230 901/1742/808 2026/1736/1933
f 2026/1736/1933 901/1742/808 902/1743/809 2029/1737/1936
f 2029/1737/1936 902/1743/809 903/1744/810 2032/1740/1939
f 2032/1740/1939 903/1744/810 327/1745/234 898/1746/805
f 2031/1738/1938 2032/1740/1939 898/1746/805 899/1747/806
f 2030/1739/1937 2031/1738/1938 899/1747/806 900/1748/807
f 904/1749/811 2030/1739/1937 900/1748/807 326/1750/233
f 905/1751/812 2027/1735/1934 2030/1739/1937 904/1749/811
f 906/1741/813 2024/1732/1931 2027/1735/1934 905/1751/812
f 2033/1752/1940 2034/1753/1941 2037/1754/1944 2036/1755/1943
f 2034/1753/1941 2035/1756/1942 2038/1757/1945 2037/1754/1944
f 2036/1755/1943 2037/1754/1944 2040/1758/1947 2039/1759/1946
f 2037/1754/1944 2038/1757/1945 2041/1760/1948 2040/1758/1947
f 317/1710/224 855/1708/762 2033/1752/1940 888/1761/795
f 855/1708/762 854/1707/761 2034/1753/1941 2033/1752/1940
f 854/1707/761 853/1706/760 2035/1756/1942 2034/1753/1941
f 853/1705/760 318/1668/225 885/1679/792 2035/1762/1942
f 2035/1762/1942 885/1679/792 884/1689/791 2038/1763/1945
f 2038/1763/1945 884/1689/791 883/1687/790 2041/1764/1948
f 2041/1764/1948 883/1687/790 322/1688/229 871/1765/778
f 2040/1758/1947 2041/1760/1948 871/1766/778 872/1767/779
f 2039/1759/1946 2040/1758/1947 872/1767/779 873/1768/780
f 886/1769/793 2039/1759/1946 873/1768/780 321/1770/228
f 887/1771/794 2036/1755/1943 2039/1759/1946 886/1769/793
f 888/1761/795 2033/1752/1940 2036/1755/1943 887/1771/794
f 2042/1772/1949 2043/1773/1950 2046/1774/1953 2045/1775/1952
f 2043/1773/1950 2044/1776/1951 2047/1777/1954 2046/1774/1953
f 2045/1775/1952 2046/1774/1953 2049/1778/1956 2048/1779/1955
f 2046/1774/1953 2047/1777/1954 2050/1780/1957 2049/1778/1956
f 319/1663/226 858/1730/765 2042/1781/1949 880/1680/787
f 858/1782/765 857/1783/764 2043/1773/1950 2042/1772/1949
f 857/1783/764 856/1784/763 2044/1776/1951 2043/1773/1950
f 856/1784/763 316/1785/223 889/1786/796 2044/1776/1951
f 2044/1776/1951 889/1786/796 890/1787/797 2047/1777/1954
f 2047/1777/1954 890/1787/797 891/1788/798 2050/1780/1957
f 2050/1780/1957 891/1788/798 320/1789/227 874/1790/781
f 2049/1778/1956 2050/1780/1957 874/1790/781 875/1791/782
f 2048/1779/1955 2049/1778/1956 875/1791/782 876/1792/783
f 882/1793/789 2048/1779/1955 876/1792/783 323/1794/230
f 881/1795/788 2045/1775/1952 2048/1779/1955 882/1793/789
f 880/1680/787 2042/1781/1949 2045/1796/1952 881/1681/788
f 2051/1797/1958 2052/1798/1959 2055/1799/1962 2054/1800/1961
f 2052/1801/1959 2053/1802/1960 2056/1803/1963 2055/1804/1962
f 2054/1805/1961 2055/1804/1962 2058/1806/1965 2057/1807/1964
f 2055/1804/1962 2056/1803/1963 2059/1808/1966 2058/1806/1965
f 326/1750/233 900/1748/807 2051/1797/1958 892/1809/799
f 900/1748/807 899/1747/806 2052/1798/1959 2051/1797/1958
f 899/1747/806 898/1746/805 2053/1810/1960 2052/1798/1959
f 898/1746/805 327/1745/234 897/1811/804 2053/1810/1960
f 2053/1802/1960 897/1812/804 896/1813/803 2056/1803/1963
f 2056/1803/1963 896/1813/803 895/1814/802 2059/1808/1966
f 2059/1808/1966 895/1814/802 324/1815/231 850/1816/757
f 2058/1806/1965 2059/1808/1966 850/1816/757 851/1817/758
f 2057/1807/1964 2058/1806/1965 851/1817/758 852/1818/759
f 894/1819/801 2057/1820/1964 852/1821/759 325/1822/232
f 893/1823/800 2054/1824/1961 2057/1820/1964 894/1819/801
f 892/1825/799 2051/1826/1958 2054/1824/1961 893/1823/800
f 2060/1827/1967 2061/1828/1968 2064/1829/1971 2063/1830/1970
f 2061/1828/1968 2062/1831/1969 2065/1832/1972 2064/1829/1971
f 2063/1830/1970 2064/1829/1971 2067/1833/1974 2066/1834/1973
f 2064/1829/1971 2065/1832/1972 2068/1835/1975 2067/1833/1974
f 321/1770/228 873/1768/780 2060/1827/1967 909/1836/816
f 873/1768/780 872/1767/779 2061/1828/1968 2060/1827/1967
f 872/1767/779 871/1766/778 2062/1831/1969 2061/1828/1968
f 871/1765/778 322/1688/229 906/1741/813 2062/1837/1969
f 2062/1831/1969 906/1838/813 905/1839/812 2065/1832/1972
f 2065/1832/1972 905/1839/812 904/1840/811 2068/1835/1975
f 2068/1841/1975 904/1749/811 326/1750/233 892/1809/799
f 2067/1833/1974 2068/1835/1975 892/1825/799 893/1823/800
f 2066/1834/1973 2067/1833/1974 893/1823/800 894/1819/801
f 907/1842/814 2066/1834/1973 894/1819/801 325/1822/232
f 908/1843/815 2063/1830/1970 2066/1834/1973 907/1842/814
f 909/1836/816 2060/1827/1967 2063/1830/1970 908/1843/815
f 2069/1844/1976 2070/1845/1977 2073/1846/1980 2072/1847/1979
f 2070/1845/1977 2071/1848/1978 2074/1849/1981 2073/1846/1980
f 2072/1847/1979 2073/1846/1980 2076/1850/1983 2075/1851/1982
f 2073/1846/1980 2074/1849/1981 2077/1852/1984 2076/1850/1983
f 323/1794/230 876/1792/783 2069/1844/1976 901/1853/808
f 876/1792/783 875/1791/782 2070/1845/1977 2069/1844/1976
f 875/1791/782 874/1790/781 2071/1848/1978 2070/1845/1977
f 874/1790/781 320/1789/227 910/1854/817 2071/1848/1978
f 2071/1848/1978 910/1854/817 911/1855/818 2074/1849/1981
f 2074/1849/1981 911/1855/818 912/1856/819 2077/1852/1984
f 2077/1852/1984 912/1856/819 324/1857/231 895/1858/802
f 2076/1850/1983 2077/1852/1984 895/1858/802 896/1859/803
f 2075/1851/1982 2076/1850/1983 896/1859/803 897/1860/804
f 903/1861/810 2075/1851/1982 897/1860/804 327/1862/234
f 902/1863/809 2072/1847/1979 2075/1851/1982 903/1861/810
f 901/1853/808 2069/1844/1976 2072/1847/1979 902/1863/809
f 2078/1864/1985 2079/1865/1986 2082/1866/1989 2081/1867/1988
f 2079/1865/1986 2080/1868/1987 2083/1869/1990 2082/1866/1989
f 2081/1867/1988 2082/1866/1989 2085/1870/1992 2084/1871/1991
f 2082/1866/1989 2083/1869/1990 2086/1872/1993 2085/1870/1992
f 347/1873/254 1032/1874/939 2078/1864/1985 1092/1875/999
f 1032/1874/939 1031/1876/938 2079/1865/1986 2078/1864/1985
f 1031/1876/938 1030/1877/937 2080/1868/1987 2079/1865/1986
f 1030/1877/937 332/1878/239 930/1879/837 2080/1868/1987
f 2080/1868/1987 930/1879/837 929/1880/836 2083/1869/1990
f 2083/1869/1990 929/1880/836 928/1881/835 2086/1872/1993
f 2086/1872/1993 928/1881/835 330/1882/237 963/1883/870
f 2085/1870/1992 2086/1872/1993 963/1883/870 962/1884/869
f 2084/1871/1991 2085/1870/1992 962/1884/869 961/1885/868
f 1090/1886/997 2084/1871/1991 961/1885/868 350/1887/257
f 1091/1888/998 2081/1867/1988 2084/1871/1991 1090/1886/997
f 1092/1875/999 2078/1864/1985 2081/1867/1988 1091/1888/998
f 2087/1889/1994 2088/1890/1995 2091/1891/1998 2090/1892/1997
f 2088/1890/1995 2089/1893/1996 2092/1894/1999 2091/1891/1998
f 2090/1892/1997 2091/1891/1998 2094/1895/2001 2093/1896/2000
f 2091/1891/1998 2092/1894/1999 2095/1897/2002 2094/1895/2001
f 341/1898/248 955/1899/862 2087/1889/1994 1020/1900/927
f 955/1899/862 956/1901/863 2088/1890/1995 2087/1889/1994
f 956/1901/863 957/1902/864 2089/1893/1996 2088/1890/1995
f 957/1902/864 335/1903/242 937/1904/844 2089/1893/1996
f 2089/1893/1996 937/1904/844 938/1905/845 2092/1894/1999
f 2092/1894/1999 938/1905/845 939/1906/846 2095/1897/2002
f 2095/1897/2002 939/1906/846 334/1907/241 960/1908/867
f 2094/1895/2001 2095/1897/2002 960/1908/867 959/1909/866
f 2093/1896/2000 2094/1895/2001 959/1909/866 958/1910/865
f 1018/1911/925 2093/1896/2000 958/1910/865 343/1912/250
f 1019/1913/926 2090/1892/1997 2093/1896/2000 1018/1911/925
f 1020/1900/927 2087/1889/1994 2090/1892/1997 1019/1913/926
f 2096/1914/2003 2097/1915/2004 2100/1916/2007 2099/1917/2006
f 2097/1915/2004 2098/1918/2005 2101/1919/2008 2100/1916/2007
f 2099/1917/2006 2100/1916/2007 2103/1920/2010 2102/1921/2009
f 2100/1916/2007 2101/1919/2008 2104/1922/2011 2103/1920/2010
f 351/1923/258 964/1924/871 2096/1914/2003 1089/1925/996
f 964/1924/871 965/1926/872 2097/1915/2004 2096/1914/2003
f 965/1926/872 966/1927/873 2098/1918/2005 2097/1915/2004
f 966/1927/873 331/1928/238 924/1929/831 2098/1918/2005
f 2098/1918/2005 924/1929/831 923/1930/830 2101/1919/2008
f 2101/1919/2008 923/1930/830 922/1931/829 2104/1922/2011
f 2104/1922/2011 922/1931/829 333/1932/240 927/1933/834
f 2103/1920/2010 2104/1922/2011 927/1933/834 926/1934/833
f 2102/1921/2009 2103/1920/2010 926/1934/833 925/1935/832
f 1087/1936/994 2102/1921/2009 925/1935/832 345/1937/252
f 1088/1938/995 2099/1917/2006 2102/1921/2009 1087/1936/994
f 1089/1925/996 2096/1914/2003 2099/1917/2006 1088/1938/995
f 2105/1939/2012 2106/1940/2013 2109/1941/2016 2108/1942/2015
f 2106/1940/2013 2107/1943/2014 2110/1944/2017 2109/1941/2016
f 2108/1942/2015 2109/1941/2016 2112/1945/2019 2111/1946/2018
f 2109/1941/2016 2110/1944/2017 2113/1947/2020 2112/1945/2019
f 343/1912/250 958/1910/865 2105/1939/2012 1014/1948/921
f 958/1910/865 959/1909/866 2106/1940/2013 2105/1939/2012
f 959/1909/866 960/1908/867 2107/1943/2014 2106/1940/2013
f 960/1908/867 334/1907/241 916/1949/823 2107/1943/2014
f 2107/1943/2014 916/1949/823 917/1950/824 2110/1944/2017
f 2110/1944/2017 917/1950/824 918/1951/825 2113/1947/2020
f 2113/1947/2020 918/1951/825 329/1952/236 936/1953/843
f 2112/1945/2019 2113/1947/2020 936/1953/843 935/1954/842
f 2111/1946/2018 2112/1945/2019 935/1954/842 934/1955/841
f 1012/1956/919 2111/1946/2018 934/1955/841 339/1957/246
f 1013/1958/920 2108/1942/2015 2111/1946/2018 1012/1956/919
f 1014/1948/921 2105/1939/2012 2108/1942/2015 1013/1958/920
f 2115/1959/2022 2116/1960/2023 2114/1961/2021 2124/1962/2031
f 2117/1963/2024 2118/1964/2025 2114/1961/2021 2116/1960/2023
f 2119/1965/2026 2120/1966/2027 2114/1961/2021 2118/1964/2025
f 2121/1967/2028 2122/1968/2029 2114/1961/2021 2120/1966/2027
f 2123/1969/2030 2124/1962/2031 2114/1961/2021 2122/1968/2029
f 368/1970/275 1203/1971/1110 2115/1959/2022 1173/1972/1080
f 1203/1971/1110 1202/1973/1109 2116/1960/2023 2115/1959/2022
f 1173/1972/1080 2115/1959/2022 2124/1962/2031 1172/1974/1079
f 371/1975/278 1194/1976/1101 2117/1963/2024 1201/1977/1108
f 1194/1976/1101 1193/1978/1100 2118/1964/2025 2117/1963/2024
f 1201/1977/1108 2117/1963/2024 2116/1960/2023 1202/1973/1109
f 374/1979/281 1200/1980/1107 2119/1965/2026 1192/1981/1099
f 1200/1980/1107 1199/1982/1106 2120/1966/2027 2119/1965/2026
f 1192/1981/1099 2119/1965/2026 2118/1964/2025 1193/1978/1100
f 375/1983/282 1212/1984/1119 2121/1967/2028 1198/1985/1105
f 1212/1984/1119 1211/1986/1118 2122/1968/2029 2121/1967/2028
f 1198/1985/1105 2121/1967/2028 2120/1966/2027 1199/1982/1106
f 332/1878/239 1171/1987/1078 2123/1969/2030 1210/1988/1117
f 1171/1987/1078 1172/1974/1079 2124/1962/2031 2123/1969/2030
f 1210/1988/1117 2123/1969/2030 2122/1968/2029 1211/1986/1118
f 2125/1989/2032 2126/1990/2033 2129/1991/2036 2128/1992/2035
f 2126/1990/2033 2127/1993/2034 2130/1994/2037 2129/1991/2036
f 2128/1992/2035 2129/1991/2036 2132/1995/2039 2131/1996/2038
f 2129/1991/2036 2130/1994/2037 2133/1997/2040 2132/1995/2039
f 353/1998/260 1000/1999/907 2125/1989/2032 1083/2000/990
f 1000/1999/907 1001/2001/908 2126/1990/2033 2125/1989/2032
f 1001/2001/908 1002/2002/909 2127/1993/2034 2126/1990/2033
f 1002/2002/909 339/2003/246 934/2004/841 2127/1993/2034
f 2127/1993/2034 934/2004/841 935/2005/842 2130/1994/2037
f 2130/1994/2037 935/2005/842 936/2006/843 2133/1997/2040
f 2133/1997/2040 936/2006/843 329/2007/236 1027/2008/934
f 2132/1995/2039 2133/1997/2040 1027/2008/934 1028/2009/935
f 2131/1996/2038 2132/1995/2039 1028/2009/935 1029/2010/936
f 1081/2011/988 2131/1996/2038 1029/2010/936 346/2012/253
f 1082/2013/989 2128/1992/2035 2131/1996/2038 1081/2011/988
f 1083/2000/990 2125/1989/2032 2128/1992/2035 1082/2013/989
f 2134/2014/2041 2135/2015/2042 2138/2016/2045 2137/2017/2044
f 2135/2015/2042 2136/2018/2043 2139/2019/2046 2138/2016/2045
f 2137/2017/2044 2138/2016/2045 2141/2020/2048 2140/2021/2047
f 2138/2016/2045 2139/2019/2046 2142/2022/2049 2141/2020/2048
f 336/2023/243 969/2024/876 2134/2014/2041 996/2025/903
f 969/2024/876 968/2026/875 2135/2015/2042 2134/2014/2041
f 968/2026/875 967/2027/874 2136/2018/2043 2135/2015/2042
f 967/2027/874 328/2028/235 946/2029/853 2136/2018/2043
f 2136/2018/2043 946/2029/853 947/2030/854 2139/2019/2046
f 2139/2019/2046 947/2030/854 948/2031/855 2142/2022/2049
f 2142/2022/2049 948/2031/855 335/1903/242 957/1902/864
f 2141/2020/2048 2142/2022/2049 957/1902/864 956/1901/863
f 2140/2021/2047 2141/2020/2048 956/1901/863 955/1899/862
f 994/2032/901 2140/2021/2047 955/1899/862 341/1898/248
f 995/2033/902 2137/2017/2044 2140/2021/2047 994/2032/901
f 996/2025/903 2134/2014/2041 2137/2017/2044 995/2033/902
f 2144/2034/2051 2145/2035/2052 2143/2036/2050 2155/2037/2062
f 2146/2038/2053 2147/2039/2054 2143/2040/2050 2145/2041/2052
f 2148/2042/2055 2149/2043/2056 2143/2040/2050 2147/2039/2054
f 2150/2044/2057 2151/2045/2058 2143/2046/2050 2149/2047/2056
f 2152/2048/2059 2153/2049/2060 2143/2036/2050 2151/2050/2058
f 2154/2051/2061 2155/2037/2062 2143/2036/2050 2153/2049/2060
f 348/2052/255 1306/2053/1213 2144/2034/2051 1080/2054/987
f 1306/2053/1213 1307/2055/1214 2145/2035/2052 2144/2034/2051
f 1080/2054/987 2144/2034/2051 2155/2037/2062 1079/2056/986
f 392/2057/299 1314/2058/1221 2146/2038/2053 1308/2059/1215
f 1314/2058/1221 1313/2060/1220 2147/2039/2054 2146/2038/2053
f 1308/2059/1215 2146/2038/2053 2145/2041/2052 1307/2061/1214
f 393/2062/300 1311/2063/1218 2148/2042/2055 1312/2064/1219
f 1311/2063/1218 1310/2065/1217 2149/2043/2056 2148/2042/2055
f 1312/2064/1219 2148/2042/2055 2147/2039/2054 1313/2060/1220
f 313/439/220 840/441/747 2150/2044/2057 1309/2066/1216
f 840/441/747 839/443/746 2151/2045/2058 2150/2044/2057
f 1309/2066/1216 2150/2044/2057 2149/2047/2056 1310/2067/1217
f 248/435/155 954/2068/861 2152/2048/2059 838/436/745
f 954/2068/861 953/2069/860 2153/2049/2060 2152/2048/2059
f 838/436/745 2152/2048/2059 2151/2050/2058 839/438/746
f 349/2070/256 1078/2071/985 2154/2051/2061 952/2072/859
f 1078/2071/985 1079/2056/986 2155/2037/2062 2154/2051/2061
f 952/2072/859 2154/2051/2061 2153/2049/2060 953/2069/860
f 2157/2073/2064 2158/2074/2065 2156/2075/2063 2166/2076/2073
f 2159/2077/2066 2160/2078/2067 2156/2075/2063 2158/2074/2065
f 2161/2079/2068 2162/2080/2069 2156/2075/2063 2160/2078/2067
f 2163/2081/2070 2164/2082/2071 2156/2075/2063 2162/2080/2069
f 2165/2083/2072 2166/2076/2073 2156/2075/2063 2164/2082/2071
f 344/2084/251 1023/2085/930 2157/2073/2064 1077/2086/984
f 1023/2085/930 1022/2087/929 2158/2074/2065 2157/2073/2064
f 1077/2086/984 2157/2073/2064 2166/2076/2073 1076/2088/983
f 242/480/149 459/482/366 2159/2077/2066 1021/2089/928
f 459/482/366 458/479/365 2160/2078/2067 2159/2077/2066
f 1021/2089/928 2159/2077/2066 2158/2074/2065 1022/2087/929
f 249/476/156 951/2090/858 2161/2079/2068 457/477/364
f 951/2090/858 950/2091/857 2162/2080/2069 2161/2079/2068
f 457/477/364 2161/2079/2068 2160/2078/2067 458/479/365
f 392/2092/299 1308/2093/1215 2163/2081/2070 949/2094/856
f 1308/2093/1215 1307/2055/1214 2164/2082/2071 2163/2081/2070
f 949/2094/856 2163/2081/2070 2162/2080/2069 950/2091/857
f 348/2052/255 1075/2095/982 2165/2083/2072 1306/2053/1213
f 1075/2095/982 1076/2088/983 2166/2076/2073 2165/2083/2072
f 1306/2053/1213 2165/2083/2072 2164/2082/2071 1307/2055/1214
f 2167/2096/2074 2168/2097/2075 2171/2098/2078 2170/2099/2077
f 2168/2097/2075 2169/2100/2076 2172/2101/2079 2171/2098/2078
f 2170/2102/2077 2171/2103/2078 2174/2104/2081 2173/2105/2080
f 2171/2103/2078 2172/2106/2079 2175/2107/2082 2174/2104/2081
f 349/2070/256 952/2072/859 2167/2096/2074 1074/2108/981
f 952/2072/859 953/2069/860 2168/2097/2075 2167/2096/2074
f 953/2069/860 954/2068/861 2169/2100/2076 2168/2097/2075
f 954/2068/861 248/435/155 411/506/318 2169/2100/2076
f 2169/2100/2076 411/506/318 410/505/317 2172/2101/2079
f 2172/2106/2079 410/504/317 409/503/316 2175/2107/2082
f 2175/2107/2082 409/503/316 243/502/150 942/2109/849
f 2174/2104/2081 2175/2107/2082 942/2109/849 941/2110/848
f 2173/2105/2080 2174/2104/2081 941/2110/848 940/2111/847
f 1072/2112/979 2173/2105/2080 940/2111/847 346/2012/253
f 1073/2113/980 2170/2102/2077 2173/2105/2080 1072/2112/979
f 1074/2108/981 2167/2096/2074 2170/2099/2077 1073/2114/980
f 2176/2115/2083 2177/2116/2084 2180/2117/2087 2179/2118/2086
f 2177/2116/2084 2178/2119/2085 2181/2120/2088 2180/2117/2087
f 2179/2118/2086 2180/2117/2087 2183/2121/2090 2182/2122/2089
f 2180/2117/2087 2181/2120/2088 2184/2123/2091 2183/2121/2090
f 350/1887/257 961/1885/868 2176/2115/2083 1071/2124/978
f 961/1885/868 962/1884/869 2177/2116/2084 2176/2115/2083
f 962/1884/869 963/1883/870 2178/2119/2085 2177/2116/2084
f 963/1883/870 330/1882/237 921/2125/828 2178/2119/2085
f 2178/2119/2085 921/2125/828 920/2126/827 2181/2120/2088
f 2181/2120/2088 920/2126/827 919/2127/826 2184/2123/2091
f 2184/2123/2091 919/2127/826 331/1928/238 966/1927/873
f 2183/2121/2090 2184/2123/2091 966/1927/873 965/1926/872
f 2182/2122/2089 2183/2121/2090 965/1926/872 964/1924/871
f 1069/2128/976 2182/2122/2089 964/1924/871 351/1923/258
f 1070/2129/977 2179/2118/2086 2182/2122/2089 1069/2128/976
f 1071/2124/978 2176/2115/2083 2179/2118/2086 1070/2129/977
f 2185/2130/2092 2186/2131/2093 2189/2132/2096 2188/2133/2095
f 2186/2131/2093 2187/2134/2094 2190/2135/2097 2189/2132/2096
f 2188/2133/2095 2189/2132/2096 2192/2136/2099 2191/2137/2098
f 2189/2132/2096 2190/2135/2097 2193/2138/2100 2192/2136/2099
f 356/2139/263 1095/2140/1002 2185/2130/2092 1128/2141/1035
f 1095/2140/1002 1094/2142/1001 2186/2131/2093 2185/2130/2092
f 1094/2142/1001 1093/2143/1000 2187/2134/2094 2186/2131/2093
f 1093/2143/1000 337/2144/244 993/2145/900 2187/2134/2094
f 2187/2134/2094 993/2145/900 992/2146/899 2190/2135/2097
f 2190/2135/2097 992/2146/899 991/2147/898 2193/2138/2100
f 2193/2138/2100 991/2147/898 340/2148/247 981/2149/888
f 2192/2136/2099 2193/2138/2100 981/2149/888 980/2150/887
f 2191/2137/2098 2192/2136/2099 980/2150/887 979/2151/886
f 1126/2152/1033 2191/2137/2098 979/2151/886 358/2153/265
f 1127/2154/1034 2188/2133/2095 2191/2137/2098 1126/2152/1033
f 1128/2141/1035 2185/2130/2092 2188/2133/2095 1127/2154/1034
f 2195/2155/2102 2196/2156/2103 2194/2157/2101 2204/2158/2111
f 2197/2159/2104 2198/2160/2105 2194/2157/2101 2196/2156/2103
f 2199/2161/2106 2200/2162/2107 2194/2157/2101 2198/2160/2105
f 2201/2163/2108 2202/2164/2109 2194/2157/2101 2200/2162/2107
f 2203/2165/2110 2204/2158/2111 2194/2157/2101 2202/2164/2109
f 337/2144/244 972/2166/879 2195/2155/2102 993/2145/900
f 972/2166/879 971/2167/878 2196/2156/2103 2195/2155/2102
f 993/2145/900 2195/2155/2102 2204/2158/2111 992/2146/899
f 388/2168/295 1281/2169/1188 2197/2159/2104 970/2170/877
f 1281/2169/1188 1280/2171/1187 2198/2160/2105 2197/2159/2104
f 970/2170/877 2197/2159/2104 2196/2156/2103 971/2167/878
f 336/2023/243 996/2025/903 2199/2161/2106 1279/2172/1186
f 996/2025/903 995/2033/902 2200/2162/2107 2199/2161/2106
f 1279/2172/1186 2199/2161/2106 2198/2160/2105 1280/2171/1187
f 341/1898/248 984/2173/891 2201/2163/2108 994/2032/901
f 984/2173/891 983/2174/890 2202/2164/2109 2201/2163/2108
f 994/2032/901 2201/2163/2108 2200/2162/2107 995/2033/902
f 340/2148/247 991/2147/898 2203/2165/2110 982/2175/889
f 991/2147/898 992/2146/899 2204/2158/2111 2203/2165/2110
f 982/2175/889 2203/2165/2110 2202/2164/2109 983/2174/890
f 2205/2176/2112 2206/2177/2113 2209/2178/2116 2208/2179/2115
f 2206/2177/2113 2207/2180/2114 2210/2181/2117 2209/2178/2116
f 2208/2179/2115 2209/2178/2116 2212/2182/2119 2211/2183/2118
f 2209/2178/2116 2210/2181/2117 2213/2184/2120 2212/2182/2119
f 352/2185/259 1149/2186/1056 2205/2176/2112 997/2187/904
f 1149/2186/1056 1148/2188/1055 2206/2177/2113 2205/2176/2112
f 1148/2188/1055 1147/2189/1054 2207/2180/2114 2206/2177/2113
f 1147/2189/1054 390/2190/297 1303/2191/1210 2207/2180/2114
f 2207/2192/2114 1303/2193/1210 1304/2194/1211 2210/2195/2117
f 2210/2195/2117 1304/2194/1211 1305/2196/1212 2213/2197/2120
f 2213/2197/2120 1305/2196/1212 391/2198/298 1302/2199/1209
f 2212/2200/2119 2213/2197/2120 1302/2199/1209 1301/2201/1208
f 2211/2183/2118 2212/2182/2119 1301/2202/1208 1300/2203/1207
f 999/2204/906 2211/2183/2118 1300/2203/1207 338/2205/245
f 998/2206/905 2208/2179/2115 2211/2183/2118 999/2204/906
f 997/2187/904 2205/2176/2112 2208/2179/2115 998/2206/905
f 2214/2207/2121 2215/2208/2122 2218/2209/2125 2217/2210/2124
f 2215/2208/2122 2216/2211/2123 2219/2212/2126 2218/2209/2125
f 2217/2210/2124 2218/2209/2125 2221/2213/2128 2220/2214/2127
f 2218/2209/2125 2219/2212/2126 2222/2215/2129 2221/2213/2128
f 352/2185/259 997/2187/904 2214/2207/2121 1065/2216/972
f 997/2187/904 998/2206/905 2215/2208/2122 2214/2207/2121
f 998/2206/905 999/2204/906 2216/2211/2123 2215/2208/2122
f 999/2204/906 338/2205/245 976/2217/883 2216/2211/2123
f 2216/2211/2123 976/2217/883 977/2218/884 2219/2212/2126
f 2219/2212/2126 977/2218/884 978/2219/885 2222/2215/2129
f 2222/2215/2129 978/2219/885 339/2003/246 1002/2002/909
f 2221/2213/2128 2222/2215/2129 1002/2002/909 1001/2001/908
f 2220/2214/2127 2221/2213/2128 1001/2001/908 1000/1999/907
f 1063/2220/970 2220/2214/2127 1000/1999/907 353/1998/260
f 1064/2221/971 2217/2210/2124 2220/2214/2127 1063/2220/970
f 1065/2216/972 2214/2207/2121 2217/2210/2124 1064/2221/971
f 2223/2222/2130 2224/2223/2131 2227/2224/2134 2226/2225/2133
f 2224/2223/2131 2225/2226/2132 2228/2227/2135 2227/2224/2134
f 2226/2225/2133 2227/2224/2134 2230/2228/2137 2229/2229/2136
f 2227/2224/2134 2228/2227/2135 2231/2230/2138 2230/2228/2137
f 344/2084/251 913/2231/820 2223/2222/2130 1062/2232/969
f 913/2231/820 914/2233/821 2224/2223/2131 2223/2222/2130
f 914/2233/821 915/2234/822 2225/2226/2132 2224/2223/2131
f 915/2234/822 328/2235/235 1275/2236/1182 2225/2226/2132
f 2225/2226/2132 1275/2236/1182 1274/2237/1181 2228/2227/2135
f 2228/2227/2135 1274/2237/1181 1273/2238/1180 2231/2230/2138
f 2231/2230/2138 1273/2238/1180 386/2239/293 1222/2240/1129
f 2230/2228/2137 2231/2230/2138 1222/2240/1129 1223/2241/1130
f 2229/2229/2136 2230/2228/2137 1223/2241/1130 1224/2242/1131
f 1060/2243/967 2229/2229/2136 1224/2242/1131 376/2244/283
f 1061/2245/968 2226/2225/2133 2229/2229/2136 1060/2243/967
f 1062/2232/969 2223/2222/2130 2226/2225/2133 1061/2245/968
f 2233/2246/2140 2234/2247/2141 2232/2248/2139 2242/2249/2149
f 2235/2250/2142 2236/2251/2143 2232/2248/2139 2234/2247/2141
f 2237/2252/2144 2238/2253/2145 2232/2248/2139 2236/2251/2143
f 2239/2254/2146 2240/2255/2147 2232/2248/2139 2238/2253/2145
f 2241/2256/2148 2242/2249/2149 2232/2248/2139 2240/2255/2147
f 354/2257/261 1258/2258/1165 2233/2246/2140 1059/2259/966
f 1258/2258/1165 1259/2260/1166 2234/2247/2141 2233/2246/2140
f 1059/2259/966 2233/2246/2140 2242/2249/2149 1058/2261/965
f 385/2262/292 1216/2263/1123 2235/2264/2142 1260/2265/1167
f 1216/2266/1123 1217/2267/1124 2236/2251/2143 2235/2250/2142
f 1260/2268/1167 2235/2250/2142 2234/2247/2141 1259/2260/1166
f 377/2269/284 1293/2270/1200 2237/2252/2144 1218/2271/1125
f 1293/2270/1200 1292/2272/1199 2238/2253/2145 2237/2252/2144
f 1218/2271/1125 2237/2252/2144 2236/2251/2143 1217/2267/1124
f 389/2273/296 1290/2274/1197 2239/2254/2146 1291/2275/1198
f 1290/2274/1197 1289/2276/1196 2240/2255/2147 2239/2254/2146
f 1291/2275/1198 2239/2254/2146 2238/2253/2145 1292/2272/1199
f 387/2277/294 1057/2278/964 2241/2256/2148 1288/2279/1195
f 1057/2278/964 1058/2261/965 2242/2249/2149 2241/2256/2148
f 1288/2279/1195 2241/2256/2148 2240/2255/2147 1289/2276/1196
f 2243/2280/2150 2244/2281/2151 2247/2282/2154 2246/2283/2153
f 2244/2281/2151 2245/2284/2152 2248/2285/2155 2247/2282/2154
f 2246/2283/2153 2247/2282/2154 2250/2286/2157 2249/2287/2156
f 2247/2282/2154 2248/2285/2155 2251/2288/2158 2250/2286/2157
f 359/2289/266 985/2290/892 2243/2280/2150 1122/2291/1029
f 985/2290/892 986/2292/893 2244/2281/2151 2243/2280/2150
f 986/2292/893 987/2293/894 2245/2284/2152 2244/2281/2151
f 987/2293/894 342/2294/249 1011/2295/918 2245/2284/2152
f 2245/2284/2152 1011/2295/918 1010/2296/917 2248/2285/2155
f 2248/2285/2155 1010/2296/917 1009/2297/916 2251/2288/2158
f 2251/2288/2158 1009/2297/916 338/2298/245 975/2299/882
f 2250/2286/2157 2251/2288/2158 975/2299/882 974/2300/881
f 2249/2287/2156 2250/2286/2157 974/2300/881 973/2301/880
f 1120/2302/1027 2249/2287/2156 973/2301/880 357/2303/264
f 1121/2304/1028 2246/2283/2153 2249/2287/2156 1120/2302/1027
f 1122/2291/1029 2243/2280/2150 2246/2283/2153 1121/2304/1028
f 2252/2305/2159 2253/2306/2160 2256/2307/2163 2255/2308/2162
f 2253/2306/2160 2254/2309/2161 2257/2310/2164 2256/2307/2163
f 2255/2308/2162 2256/2307/2163 2259/2311/2166 2258/2312/2165
f 2256/2307/2163 2257/2310/2164 2260/2313/2167 2259/2311/2166
f 342/2294/249 988/2314/895 2252/2305/2159 1011/2295/918
f 988/2314/895 989/2315/896 2253/2306/2160 2252/2305/2159
f 989/2315/896 990/2316/897 2254/2309/2161 2253/2306/2160
f 990/2316/897 343/1912/250 1014/1948/921 2254/2309/2161
f 2254/2309/2161 1014/1948/921 1013/1958/920 2257/2310/2164
f 2257/2310/2164 1013/1958/920 1012/1956/919 2260/2313/2167
f 2260/2313/2167 1012/1956/919 339/1957/246 978/2317/885
f 2259/2311/2166 2260/2313/2167 978/2317/885 977/2318/884
f 2258/2312/2165 2259/2311/2166 977/2318/884 976/2319/883
f 1009/2297/916 2258/2312/2165 976/2319/883 338/2298/245
f 1010/2296/917 2255/2308/2162 2258/2312/2165 1009/2297/916
f 1011/2295/918 2252/2305/2159 2255/2308/2162 1010/2296/917
f 2261/2320/2168 2262/2321/2169 2265/2322/2172 2264/2323/2171
f 2262/2321/2169 2263/2324/2170 2266/2325/2173 2265/2322/2172
f 2264/2323/2171 2265/2322/2172 2268/2326/2175 2267/2327/2174
f 2265/2322/2172 2266/2325/2173 2269/2328/2176 2268/2326/2175
f 358/2153/265 979/2151/886 2261/2320/2168 1119/2329/1026
f 979/2151/886 980/2150/887 2262/2321/2169 2261/2320/2168
f 980/2150/887 981/2149/888 2263/2324/2170 2262/2321/2169
f 981/2149/888 340/2148/247 1017/2330/924 2263/2324/2170
f 2263/2324/2170 1017/2330/924 1016/2331/923 2266/2325/2173
f 2266/2325/2173 1016/2331/923 1015/2332/922 2269/2328/2176
f 2269/2328/2176 1015/2332/922 342/2294/249 987/2293/894
f 2268/2326/2175 2269/2328/2176 987/2293/894 986/2292/893
f 2267/2327/2174 2268/2326/2175 986/2292/893 985/2290/892
f 1117/2333/1024 2267/2327/2174 985/2290/892 359/2289/266
f 1118/2334/1025 2264/2323/2171 2267/2327/2174 1117/2333/1024
f 1119/2329/1026 2261/2320/2168 2264/2323/2171 1118/2334/1025
f 2270/2335/2177 2271/2336/2178 2274/2337/2181 2273/2338/2180
f 2271/2336/2178 2272/2339/2179 2275/2340/2182 2274/2337/2181
f 2273/2338/2180 2274/2337/2181 2277/2341/2184 2276/2342/2183
f 2274/2337/2181 2275/2340/2182 2278/2343/2185 2277/2341/2184
f 340/2148/247 982/2175/889 2270/2335/2177 1017/2330/924
f 982/2175/889 983/2174/890 2271/2336/2178 2270/2335/2177
f 983/2174/890 984/2173/891 2272/2339/2179 2271/2336/2178
f 984/2173/891 341/1898/248 1020/1900/927 2272/2339/2179
f 2272/2339/2179 1020/1900/927 1019/1913/926 2275/2340/2182
f 2275/2340/2182 1019/1913/926 1018/1911/925 2278/2343/2185
f 2278/2343/2185 1018/1911/925 343/1912/250 990/2316/897
f 2277/2341/2184 2278/2343/2185 990/2316/897 989/2315/896
f 2276/2342/2183 2277/2341/2184 989/2315/896 988/2314/895
f 1015/2332/922 2276/2342/2183 988/2314/895 342/2294/249
f 1016/2331/923 2273/2338/2180 2276/2342/2183 1015/2332/922
f 1017/2330/924 2270/2335/2177 2273/2338/2180 1016/2331/923
f 2279/2344/2186 2280/2345/2187 2283/2346/2189 2282/2347/1469
f 2280/2345/2187 2281/2348/2188 2284/2349/2190 2283/2346/2189
f 2282/2347/1469 2283/2346/2189 2286/2350/2192 2285/2351/2191
f 2283/2346/2189 2284/2349/2190 2287/2352/2193 2286/2350/2192
f 257/745/164 1051/2353/958 2279/2344/2186 501/746/408
f 1051/2353/958 1052/2354/959 2280/2345/2187 2279/2344/2186
f 1052/2354/959 1053/2355/960 2281/2348/2188 2280/2345/2187
f 1053/2355/960 354/2257/261 1059/2259/966 2281/2348/2188
f 2281/2348/2188 1059/2259/966 1058/2261/965 2284/2349/2190
f 2284/2349/2190 1058/2261/965 1057/2278/964 2287/2352/2193
f 2287/2352/2193 1057/2278/964 387/2277/294 1287/2356/1194
f 2286/2350/2192 2287/2352/2193 1287/2356/1194 1286/2357/1193
f 2285/2351/2191 2286/2350/2192 1286/2357/1193 1285/2358/1192
f 499/749/406 2285/2351/2191 1285/2358/1192 308/750/215
f 500/748/407 2282/2347/1469 2285/2351/2191 499/749/406
f 501/746/408 2279/2344/2186 2282/2347/1469 500/748/407
f 2289/2359/2195 2290/2360/2196 2288/2361/2194 2298/2362/2204
f 2291/2363/2197 2292/2364/2198 2288/2365/2194 2290/2366/2196
f 2293/2367/2199 2294/2368/2200 2288/2361/2194 2292/2369/2198
f 2295/2370/2201 2296/2371/2202 2288/2361/2194 2294/2368/2200
f 2297/2372/2203 2298/2362/2204 2288/2361/2194 2296/2371/2202
f 242/480/149 1021/2089/928 2289/2373/2195 453/770/360
f 1021/2089/928 1022/2087/929 2290/2366/2196 2289/2373/2195
f 453/772/360 2289/2359/2195 2298/2362/2204 452/773/359
f 344/2084/251 1062/2232/969 2291/2363/2197 1023/2085/930
f 1062/2232/969 1061/2245/968 2292/2364/2198 2291/2363/2197
f 1023/2085/930 2291/2363/2197 2290/2366/2196 1022/2087/929
f 376/2244/283 1215/2374/1122 2293/2375/2199 1060/2243/967
f 1215/2376/1122 1214/2377/1121 2294/2378/2200 2293/2379/2199
f 1060/2243/967 2293/2375/2199 2292/2364/2198 1061/2245/968
f 354/2257/261 1053/2355/960 2295/2370/2201 1213/2380/1120
f 1053/2355/960 1052/2354/959 2296/2371/2202 2295/2370/2201
f 1213/2380/1120 2295/2370/2201 2294/2368/2200 1214/2381/1121
f 257/745/164 451/774/358 2297/2372/2203 1051/2353/958
f 451/774/358 452/773/359 2298/2362/2204 2297/2372/2203
f 1051/2353/958 2297/2372/2203 2296/2371/2202 1052/2354/959
f 2299/2382/2205 2300/2383/2206 2303/2384/2209 2302/2385/2208
f 2300/2383/2206 2301/2386/2207 2304/2387/2210 2303/2384/2209
f 2302/2385/2208 2303/2384/2209 2306/2388/2212 2305/2389/2211
f 2303/2384/2209 2304/2387/2210 2307/2390/2213 2306/2388/2212
f 255/789/162 1045/2391/952 2299/2382/2205 495/790/402
f 1045/2391/952 1046/2392/953 2300/2383/2206 2299/2382/2205
f 1046/2392/953 1047/2393/954 2301/2386/2207 2300/2383/2206
f 1047/2393/954 352/2185/259 1065/2216/972 2301/2386/2207
f 2301/2386/2207 1065/2216/972 1064/2221/971 2304/2387/2210
f 2304/2387/2210 1064/2221/971 1063/2220/970 2307/2390/2213
f 2307/2390/2213 1063/2220/970 353/1998/260 1050/2394/957
f 2306/2388/2212 2307/2390/2213 1050/2394/957 1049/2395/956
f 2305/2389/2211 2306/2388/2212 1049/2395/956 1048/2396/955
f 493/793/400 2305/2389/2211 1048/2396/955 254/794/161
f 494/792/401 2302/2385/2208 2305/2389/2211 493/793/400
f 495/790/402 2299/2382/2205 2302/2385/2208 494/792/401
f 2308/2397/2214 2309/2398/2215 2312/2399/2218 2311/2400/2217
f 2309/2398/2215 2310/2401/2216 2313/2402/2219 2312/2399/2218
f 2311/2400/2217 2312/2399/2218 2315/2403/2221 2314/2404/2220
f 2312/2399/2218 2313/2402/2219 2316/2405/2222 2315/2403/2221
f 275/809/182 1114/2406/1021 2308/2397/2214 621/810/528
f 1114/2406/1021 1115/2407/1022 2309/2398/2215 2308/2397/2214
f 1115/2407/1022 1116/2408/1023 2310/2401/2216 2309/2398/2215
f 1116/2408/1023 360/2409/267 1107/2410/1014 2310/2401/2216
f 2310/2401/2216 1107/2410/1014 1106/2411/1013 2313/2402/2219
f 2313/2402/2219 1106/2411/1013 1105/2412/1012 2316/2405/2222
f 2316/2405/2222 1105/2412/1012 352/2185/259 1047/2393/954
f 2315/2403/2221 2316/2405/2222 1047/2393/954 1046/2392/953
f 2314/2404/2220 2315/2403/2221 1046/2392/953 1045/2391/952
f 619/813/526 2314/2404/2220 1045/2391/952 255/789/162
f 620/812/527 2311/2400/2217 2314/2404/2220 619/813/526
f 621/810/528 2308/2397/2214 2311/2400/2217 620/812/527
f 2317/2413/2223 2318/2414/2224 2321/2415/2227 2320/2416/2226
f 2318/2414/2224 2319/2417/2225 2322/2418/2228 2321/2415/2227
f 2320/2416/2226 2321/2415/2227 2324/2419/2230 2323/2420/2229
f 2321/2415/2227 2322/2418/2228 2325/2421/2231 2324/2419/2230
f 247/829/154 1039/2422/946 2317/2413/2223 414/830/321
f 1039/2422/946 1040/2423/947 2318/2414/2224 2317/2413/2223
f 1040/2423/947 1041/2424/948 2319/2417/2225 2318/2414/2224
f 1041/2424/948 350/1887/257 1071/2124/978 2319/2417/2225
f 2319/2417/2225 1071/2124/978 1070/2129/977 2322/2418/2228
f 2322/2418/2228 1070/2129/977 1069/2128/976 2325/2421/2231
f 2325/2421/2231 1069/2128/976 351/1923/258 1044/2425/951
f 2324/2419/2230 2325/2421/2231 1044/2425/951 1043/2426/950
f 2323/2420/2229 2324/2419/2230 1043/2426/950 1042/2427/949
f 412/833/319 2323/2420/2229 1042/2427/949 246/834/153
f 413/832/320 2320/2416/2226 2323/2420/2229 412/833/319
f 414/830/321 2317/2413/2223 2320/2416/2226 413/832/320
f 2326/2428/2232 2327/2429/2233 2330/2430/2236 2329/2431/2235
f 2327/2429/2233 2328/2432/2234 2331/2433/2237 2330/2430/2236
f 2329/2434/2235 2330/2435/2236 2333/2436/2239 2332/2437/2238
f 2330/2435/2236 2331/2438/2237 2334/2439/2240 2333/2436/2239
f 334/1907/241 1036/2440/943 2326/2441/2232 916/1949/823
f 1036/2442/943 1037/2443/944 2327/2429/2233 2326/2428/2232
f 1037/2443/944 1038/2444/945 2328/2432/2234 2327/2429/2233
f 1038/2444/945 349/2070/256 1074/2108/981 2328/2432/2234
f 2328/2432/2234 1074/2108/981 1073/2114/980 2331/2433/2237
f 2331/2438/2237 1073/2113/980 1072/2112/979 2334/2439/2240
f 2334/2439/2240 1072/2112/979 346/2012/253 1029/2010/936
f 2333/2436/2239 2334/2439/2240 1029/2010/936 1028/2009/935
f 2332/2437/2238 2333/2436/2239 1028/2009/935 1027/2008/934
f 918/2445/825 2332/2437/2238 1027/2008/934 329/2007/236
f 917/1950/824 2329/2446/2235 2332/2447/2238 918/1951/825
f 916/1949/823 2326/2441/2232 2329/2446/2235 917/1950/824
f 2335/2448/2241 2336/2449/2242 2339/2450/2245 2338/2451/2244
f 2336/2449/2242 2337/2452/2243 2340/2453/2246 2339/2450/2245
f 2338/2451/2244 2339/2450/2245 2342/2454/2248 2341/2455/2247
f 2339/2450/2245 2340/2453/2246 2343/2456/2249 2342/2454/2248
f 328/2235/235 915/2234/822 2335/2448/2241 946/2457/853
f 915/2234/822 914/2233/821 2336/2449/2242 2335/2448/2241
f 914/2233/821 913/2231/820 2337/2452/2243 2336/2449/2242
f 913/2231/820 344/2084/251 1077/2086/984 2337/2452/2243
f 2337/2452/2243 1077/2086/984 1076/2088/983 2340/2453/2246
f 2340/2453/2246 1076/2088/983 1075/2095/982 2343/2456/2249
f 2343/2456/2249 1075/2095/982 348/2052/255 1035/2458/942
f 2342/2454/2248 2343/2456/2249 1035/2458/942 1034/2459/941
f 2341/2455/2247 2342/2454/2248 1034/2459/941 1033/2460/940
f 948/2461/855 2341/2455/2247 1033/2460/940 335/2462/242
f 947/2463/854 2338/2451/2244 2341/2455/2247 948/2461/855
f 946/2457/853 2335/2448/2241 2338/2451/2244 947/2463/854
f 2344/2464/2250 2345/2465/2251 2348/2466/2254 2347/2467/2253
f 2345/2465/2251 2346/2468/2252 2349/2469/2255 2348/2466/2254
f 2347/2467/2253 2348/2466/2254 2351/2470/2257 2350/2471/2256
f 2348/2466/2254 2349/2469/2255 2352/2472/2258 2351/2470/2257
f 335/1903/242 1033/2473/940 2344/2474/2250 937/1904/844
f 1033/2460/940 1034/2459/941 2345/2465/2251 2344/2464/2250
f 1034/2459/941 1035/2458/942 2346/2468/2252 2345/2465/2251
f 1035/2458/942 348/2052/255 1080/2054/987 2346/2468/2252
f 2346/2468/2252 1080/2054/987 1079/2056/986 2349/2469/2255
f 2349/2469/2255 1079/2056/986 1078/2071/985 2352/2472/2258
f 2352/2472/2258 1078/2071/985 349/2070/256 1038/2444/945
f 2351/2470/2257 2352/2472/2258 1038/2444/945 1037/2443/944
f 2350/2471/2256 2351/2470/2257 1037/2443/944 1036/2442/943
f 939/1906/846 2350/2475/2256 1036/2440/943 334/1907/241
f 938/1905/845 2347/2476/2253 2350/2475/2256 939/1906/846
f 937/1904/844 2344/2474/2250 2347/2476/2253 938/1905/845
f 2353/2477/2259 2354/2478/2260 2357/2479/2263 2356/2480/2262
f 2354/2478/2260 2355/2481/2261 2358/2482/2264 2357/2479/2263
f 2356/2480/2262 2357/2479/2263 2360/2483/2266 2359/2484/2265
f 2357/2479/2263 2358/2482/2264 2361/2485/2267 2360/2483/2266
f 254/794/161 1048/2396/955 2353/2477/2259 492/898/399
f 1048/2396/955 1049/2395/956 2354/2478/2260 2353/2477/2259
f 1049/2395/956 1050/2394/957 2355/2481/2261 2354/2478/2260
f 1050/2394/957 353/1998/260 1083/2000/990 2355/2481/2261
f 2355/2481/2261 1083/2000/990 1082/2013/989 2358/2482/2264
f 2358/2482/2264 1082/2013/989 1081/2011/988 2361/2485/2267
f 2361/2485/2267 1081/2011/988 346/2012/253 940/2111/847
f 2360/2483/2266 2361/2485/2267 940/2111/847 941/2110/848
f 2359/2484/2265 2360/2483/2266 941/2110/848 942/2109/849
f 490/900/397 2359/2484/2265 942/2109/849 243/502/150
f 491/899/398 2356/2480/2262 2359/2484/2265 490/900/397
f 492/898/399 2353/2477/2259 2356/2480/2262 491/899/398
f 2363/2486/2269 2364/2487/2270 2362/2488/2268 2372/2489/2278
f 2365/2490/2271 2366/2491/2272 2362/2488/2268 2364/2487/2270
f 2367/2492/2273 2368/2493/2274 2362/2488/2268 2366/2491/2272
f 2369/2494/2275 2370/2495/2276 2362/2488/2268 2368/2493/2274
f 2371/2496/2277 2372/2489/2278 2362/2488/2268 2370/2495/2276
f 277/912/184 1111/2497/1018 2363/2486/2269 627/913/534
f 1111/2497/1018 1112/2498/1019 2364/2487/2270 2363/2486/2269
f 627/913/534 2363/2486/2269 2372/2489/2278 626/915/533
f 361/2499/268 1110/2500/1017 2365/2490/2271 1113/2501/1020
f 1110/2500/1017 1109/2502/1016 2366/2491/2272 2365/2490/2271
f 1113/2501/1020 2365/2490/2271 2364/2487/2270 1112/2498/1019
f 368/2503/275 1170/2504/1077 2367/2492/2273 1108/2505/1015
f 1170/2504/1077 1169/2506/1076 2368/2493/2274 2367/2492/2273
f 1108/2505/1015 2367/2492/2273 2366/2491/2272 1109/2502/1016
f 347/2507/254 943/2508/850 2369/2494/2275 1168/2509/1075
f 943/2508/850 944/2510/851 2370/2495/2276 2369/2494/2275
f 1168/2509/1075 2369/2494/2275 2368/2493/2274 1169/2506/1076
f 244/917/151 625/919/532 2371/2496/2277 945/2511/852
f 625/919/532 626/915/533 2372/2489/2278 2371/2496/2277
f 945/2511/852 2371/2496/2277 2370/2495/2276 944/2510/851
f 2373/2512/2279 2374/2513/2280 2377/2514/2283 2376/2515/2282
f 2374/2513/2280 2375/2516/2281 2378/2517/2284 2377/2514/2283
f 2376/2515/2282 2377/2514/2283 2380/2518/2286 2379/2519/2285
f 2377/2514/2283 2378/2517/2284 2381/2520/2287 2380/2518/2286
f 246/834/153 1042/2427/949 2373/2512/2279 417/941/324
f 1042/2427/949 1043/2426/950 2374/2513/2280 2373/2512/2279
f 1043/2426/950 1044/2425/951 2375/2516/2281 2374/2513/2280
f 1044/2425/951 351/1923/258 1089/1925/996 2375/2516/2281
f 2375/2516/2281 1089/1925/996 1088/1938/995 2378/2517/2284
f 2378/2517/2284 1088/1938/995 1087/1936/994 2381/2520/2287
f 2381/2520/2287 1087/1936/994 345/1937/252 1026/2521/933
f 2380/2518/2286 2381/2520/2287 1026/2521/933 1025/2522/932
f 2379/2519/2285 2380/2518/2286 1025/2522/932 1024/2523/931
f 415/943/322 2379/2519/2285 1024/2523/931 245/944/152
f 416/942/323 2376/2515/2282 2379/2519/2285 415/943/322
f 417/941/324 2373/2512/2279 2376/2515/2282 416/942/323
f 2382/2524/2288 2383/2525/2289 2386/2526/2292 2385/2527/2291
f 2383/2525/2289 2384/2528/2290 2387/2529/2293 2386/2526/2292
f 2385/2527/2291 2386/2526/2292 2389/2530/2295 2388/2531/2294
f 2386/2526/2292 2387/2529/2293 2390/2532/2296 2389/2530/2295
f 244/957/151 945/2533/852 2382/2524/2288 456/958/363
f 945/2533/852 944/2534/851 2383/2525/2289 2382/2524/2288
f 944/2534/851 943/2535/850 2384/2528/2290 2383/2525/2289
f 943/2535/850 347/1873/254 1092/1875/999 2384/2528/2290
f 2384/2528/2290 1092/1875/999 1091/1888/998 2387/2529/2293
f 2387/2529/2293 1091/1888/998 1090/1886/997 2390/2532/2296
f 2390/2532/2296 1090/1886/997 350/1887/257 1041/2424/948
f 2389/2530/2295 2390/2532/2296 1041/2424/948 1040/2423/947
f 2388/2531/2294 2389/2530/2295 1040/2423/947 1039/2422/946
f 454/961/361 2388/2531/2294 1039/2422/946 247/829/154
f 455/960/362 2385/2527/2291 2388/2531/2294 454/961/361
f 456/958/363 2382/2524/2288 2385/2527/2291 455/960/362
f 2391/2536/2297 2392/2537/2298 2395/2538/2301 2394/2539/2300
f 2392/2537/2298 2393/2540/2299 2396/2541/2302 2395/2538/2301
f 2394/2539/2300 2395/2538/2301 2398/2542/2304 2397/2543/2303
f 2395/2538/2301 2396/2541/2302 2399/2544/2305 2398/2542/2304
f 256/973/163 1054/2545/961 2391/2536/2297 498/974/405
f 1054/2545/961 1055/2546/962 2392/2537/2298 2391/2536/2297
f 1055/2546/962 1056/2547/963 2393/2540/2299 2392/2537/2298
f 1056/2547/963 355/2548/262 1086/2549/993 2393/2540/2299
f 2393/2540/2299 1086/2549/993 1085/2550/992 2396/2541/2302
f 2396/2541/2302 1085/2550/992 1084/2551/991 2399/2544/2305
f 2399/2544/2305 1084/2551/991 361/2499/268 1113/2501/1020
f 2398/2542/2304 2399/2544/2305 1113/2501/1020 1112/2498/1019
f 2397/2543/2303 2398/2542/2304 1112/2498/1019 1111/2497/1018
f 496/977/403 2397/2543/2303 1111/2497/1018 277/912/184
f 497/976/404 2394/2539/2300 2397/2543/2303 496/977/403
f 498/974/405 2391/2536/2297 2394/2539/2300 497/976/404
f 2400/2552/2306 2401/2553/2307 2404/2554/2310 2403/2555/2309
f 2401/2556/2307 2402/2557/2308 2405/2558/2311 2404/2559/2310
f 2403/2555/2309 2404/2554/2310 2407/2560/2313 2406/2561/2312
f 2404/2554/2310 2405/2562/2311 2408/2563/2314 2407/2560/2313
f 245/944/152 1024/2523/931 2400/2564/2306 450/996/357
f 1024/2523/931 1025/2522/932 2401/2556/2307 2400/2564/2306
f 1025/2522/932 1026/2521/933 2402/2557/2308 2401/2556/2307
f 1026/2521/933 345/1937/252 1068/2565/975 2402/2557/2308
f 2402/2557/2308 1068/2565/975 1067/2566/974 2405/2558/2311
f 2405/2562/2311 1067/2567/974 1066/2568/973 2408/2563/2314
f 2408/2563/2314 1066/2568/973 360/2409/267 1116/2408/1023
f 2407/2560/2313 2408/2563/2314 1116/2408/1023 1115/2407/1022
f 2406/2561/2312 2407/2560/2313 1115/2407/1022 1114/2406/1021
f 448/1000/355 2406/2561/2312 1114/2406/1021 275/809/182
f 449/999/356 2403/2555/2309 2406/2561/2312 448/1000/355
f 450/998/357 2400/2552/2306 2403/2555/2309 449/999/356
f 2409/2569/2315 2410/2570/2316 2413/2571/2319 2412/2572/2318
f 2410/2570/2316 2411/2573/2317 2414/2574/2320 2413/2571/2319
f 2412/2572/2318 2413/2571/2319 2416/2575/2322 2415/2576/2321
f 2413/2571/2319 2414/2574/2320 2417/2577/2323 2416/2575/2322
f 330/2578/237 1099/2579/1006 2409/2569/2315 921/2580/828
f 1099/2579/1006 1100/2581/1007 2410/2570/2316 2409/2569/2315
f 1100/2581/1007 1101/2582/1008 2411/2573/2317 2410/2570/2316
f 1101/2582/1008 358/2153/265 1119/2329/1026 2411/2573/2317
f 2411/2573/2317 1119/2329/1026 1118/2334/1025 2414/2574/2320
f 2414/2574/2320 1118/2334/1025 1117/2333/1024 2417/2577/2323
f 2417/2577/2323 1117/2333/1024 359/2289/266 1104/2583/1011
f 2416/2575/2322 2417/2577/2323 1104/2583/1011 1103/2584/1010
f 2415/2576/2321 2416/2575/2322 1103/2584/1010 1102/2585/1009
f 919/2127/826 2415/2586/2321 1102/2587/1009 331/1928/238
f 920/2588/827 2412/2572/2318 2415/2576/2321 919/2589/826
f 921/2580/828 2409/2569/2315 2412/2572/2318 920/2588/827
f 2418/2590/2324 2419/2591/2325 2422/2592/2328 2421/2593/2327
f 2419/2591/2325 2420/2594/2326 2423/2595/2329 2422/2592/2328
f 2421/2593/2327 2422/2592/2328 2425/2596/2331 2424/2597/2330
f 2422/2592/2328 2423/2595/2329 2426/2598/2332 2425/2596/2331
f 331/1928/238 1102/2587/1009 2418/2599/2324 924/1929/831
f 1102/2585/1009 1103/2584/1010 2419/2591/2325 2418/2590/2324
f 1103/2584/1010 1104/2583/1011 2420/2594/2326 2419/2591/2325
f 1104/2583/1011 359/2289/266 1122/2291/1029 2420/2594/2326
f 2420/2594/2326 1122/2291/1029 1121/2304/1028 2423/2595/2329
f 2423/2595/2329 1121/2304/1028 1120/2302/1027 2426/2598/2332
f 2426/2598/2332 1120/2302/1027 357/2303/264 1098/2600/1005
f 2425/2596/2331 2426/2598/2332 1098/2600/1005 1097/2601/1004
f 2424/2597/2330 2425/2596/2331 1097/2601/1004 1096/2602/1003
f 922/1931/829 2424/2603/2330 1096/2604/1003 333/1932/240
f 923/1930/830 2421/2605/2327 2424/2603/2330 922/1931/829
f 924/1929/831 2418/2599/2324 2421/2605/2327 923/1930/830
f 2427/2606/2333 2428/2607/2334 2431/2608/2337 2430/2609/2336
f 2428/2607/2334 2429/2610/2335 2432/2611/2338 2431/2608/2337
f 2430/2609/2336 2431/2608/2337 2434/2612/2340 2433/2613/2339
f 2431/2608/2337 2432/2611/2338 2435/2614/2341 2434/2612/2340
f 345/1937/252 925/1935/832 2427/2606/2333 1068/2565/975
f 925/1935/832 926/1934/833 2428/2607/2334 2427/2606/2333
f 926/1934/833 927/1933/834 2429/2610/2335 2428/2607/2334
f 927/1933/834 333/1932/240 1096/2604/1003 2429/2610/2335
f 2429/2610/2335 1096/2604/1003 1097/2615/1004 2432/2611/2338
f 2432/2611/2338 1097/2615/1004 1098/2616/1005 2435/2614/2341
f 2435/2614/2341 1098/2616/1005 357/2617/264 1125/2618/1032
f 2434/2612/2340 2435/2614/2341 1125/2618/1032 1124/2619/1031
f 2433/2613/2339 2434/2612/2340 1124/2619/1031 1123/2620/1030
f 1066/2621/973 2433/2613/2339 1123/2620/1030 360/2622/267
f 1067/2566/974 2430/2609/2336 2433/2613/2339 1066/2621/973
f 1068/2565/975 2427/2606/2333 2430/2609/2336 1067/2566/974
f 2436/2623/2342 2437/2624/2343 2440/2625/2346 2439/2626/2345
f 2437/2624/2343 2438/2627/2344 2441/2628/2347 2440/2625/2346
f 2439/2626/2345 2440/2625/2346 2443/2629/2349 2442/2630/2348
f 2440/2625/2346 2441/2628/2347 2444/2631/2350 2443/2629/2349
f 332/2632/239 933/2633/840 2436/2623/2342 930/2634/837
f 933/2633/840 932/2635/839 2437/2624/2343 2436/2623/2342
f 932/2635/839 931/2636/838 2438/2627/2344 2437/2624/2343
f 931/2636/838 356/2139/263 1128/2141/1035 2438/2627/2344
f 2438/2627/2344 1128/2141/1035 1127/2154/1034 2441/2628/2347
f 2441/2628/2347 1127/2154/1034 1126/2152/1033 2444/2631/2350
f 2444/2631/2350 1126/2152/1033 358/2153/265 1101/2582/1008
f 2443/2629/2349 2444/2631/2350 1101/2582/1008 1100/2581/1007
f 2442/2630/2348 2443/2629/2349 1100/2581/1007 1099/2579/1006
f 928/2637/835 2442/2630/2348 1099/2579/1006 330/2578/237
f 929/2638/836 2439/2626/2345 2442/2630/2348 928/2637/835
f 930/2634/837 2436/2623/2342 2439/2626/2345 929/2638/836
f 2445/2639/2351 2446/2640/2352 2449/2641/2355 2448/2642/2354
f 2446/2640/2352 2447/2643/2353 2450/2644/2356 2449/2641/2355
f 2448/2642/2354 2449/2641/2355 2452/2645/2358 2451/2646/2357
f 2449/2641/2355 2450/2644/2356 2453/2647/2359 2452/2645/2358
f 355/2648/262 1197/2649/1104 2445/2639/2351 1086/2650/993
f 1197/2649/1104 1196/2651/1103 2446/2640/2352 2445/2639/2351
f 1196/2651/1103 1195/2652/1102 2447/2643/2353 2446/2640/2352
f 1195/2652/1102 370/2653/277 1176/2654/1083 2447/2643/2353
f 2447/2643/2353 1176/2654/1083 1175/2655/1082 2450/2644/2356
f 2450/2644/2356 1175/2655/1082 1174/2656/1081 2453/2647/2359
f 2453/2647/2359 1174/2656/1081 369/2657/276 1158/2658/1065
f 2452/2645/2358 2453/2647/2359 1158/2658/1065 1157/2659/1064
f 2451/2646/2357 2452/2645/2358 1157/2659/1064 1156/2660/1063
f 1084/2661/991 2451/2646/2357 1156/2660/1063 361/2662/268
f 1085/2663/992 2448/2642/2354 2451/2646/2357 1084/2661/991
f 1086/2650/993 2445/2639/2351 2448/2642/2354 1085/2663/992
f 2454/2664/2360 2455/2665/2361 2458/2666/2364 2457/2667/2363
f 2455/2665/2361 2456/2668/2362 2459/2669/2365 2458/2666/2364
f 2457/2670/2363 2458/2671/2364 2461/2672/2367 2460/2673/2366
f 2458/2671/2364 2459/2674/2365 2462/2675/2368 2461/2672/2367
f 365/2676/272 1141/2677/1048 2454/2664/2360 1140/2678/1047
f 1141/2677/1048 1142/2679/1049 2455/2665/2361 2454/2664/2360
f 1142/2679/1049 1143/2680/1050 2456/2668/2362 2455/2665/2361
f 1143/2680/1050 362/2681/269 1132/2682/1039 2456/2668/2362
f 2456/2683/2362 1132/2684/1039 1133/2685/1040 2459/2686/2365
f 2459/2686/2365 1133/2685/1040 1134/2687/1041 2462/2688/2368
f 2462/2688/2368 1134/2687/1041 363/2689/270 1137/2690/1044
f 2461/2672/2367 2462/2675/2368 1137/2691/1044 1136/2692/1043
f 2460/2673/2366 2461/2672/2367 1136/2692/1043 1135/2693/1042
f 1138/2694/1045 2460/2673/2366 1135/2693/1042 364/2695/271
f 1139/2696/1046 2457/2670/2363 2460/2673/2366 1138/2694/1045
f 1140/2678/1047 2454/2664/2360 2457/2667/2363 1139/2697/1046
f 2463/2698/2369 2464/2699/2370 2467/2700/2373 2466/2701/2372
f 2464/2699/2370 2465/2702/2371 2468/2703/2374 2467/2700/2373
f 2466/2701/2372 2467/2700/2373 2470/2704/2376 2469/2705/2375
f 2467/2700/2373 2468/2703/2374 2471/2706/2377 2470/2704/2376
f 357/2617/264 1155/2707/1062 2463/2698/2369 1125/2618/1032
f 1155/2707/1062 1154/2708/1061 2464/2699/2370 2463/2698/2369
f 1154/2708/1061 1153/2709/1060 2465/2702/2371 2464/2699/2370
f 1153/2709/1060 362/2681/269 1143/2680/1050 2465/2702/2371
f 2465/2702/2371 1143/2680/1050 1142/2679/1049 2468/2703/2374
f 2468/2703/2374 1142/2679/1049 1141/2677/1048 2471/2706/2377
f 2471/2706/2377 1141/2677/1048 365/2676/272 1152/2710/1059
f 2470/2704/2376 2471/2706/2377 1152/2710/1059 1151/2711/1058
f 2469/2705/2375 2470/2704/2376 1151/2711/1058 1150/2712/1057
f 1123/2620/1030 2469/2705/2375 1150/2712/1057 360/2622/267
f 1124/2619/1031 2466/2701/2372 2469/2705/2375 1123/2620/1030
f 1125/2618/1032 2463/2698/2369 2466/2701/2372 1124/2619/1031
f 2473/2713/2379 2474/2714/2380 2472/2715/2378 2482/2716/2388
f 2475/2717/2381 2476/2718/2382 2472/2715/2378 2474/2714/2380
f 2477/2719/2383 2478/2720/2384 2472/2721/2378 2476/2722/2382
f 2479/2723/2385 2480/2724/2386 2472/2721/2378 2478/2720/2384
f 2481/2725/2387 2482/2726/2388 2472/2721/2378 2480/2724/2386
f 360/2622/267 1150/2712/1057 2473/2727/2379 1107/2728/1014
f 1150/2712/1057 1151/2711/1058 2474/2729/2380 2473/2727/2379
f 1107/2410/1014 2473/2730/2379 2482/2726/2388 1106/2411/1013
f 365/2676/272 1140/2678/1047 2475/2731/2381 1152/2710/1059
f 1140/2732/1047 1139/2696/1046 2476/2722/2382 2475/2733/2381
f 1152/2710/1059 2475/2731/2381 2474/2729/2380 1151/2711/1058
f 364/2695/271 1297/2734/1204 2477/2719/2383 1138/2694/1045
f 1297/2734/1204 1298/2735/1205 2478/2720/2384 2477/2719/2383
f 1138/2694/1045 2477/2719/2383 2476/2722/2382 1139/2696/1046
f 390/2190/297 1147/2189/1054 2479/2723/2385 1299/2736/1206
f 1147/2189/1054 1148/2188/1055 2480/2724/2386 2479/2723/2385
f 1299/2736/1206 2479/2723/2385 2478/2720/2384 1298/2735/1205
f 352/2185/259 1105/2412/1012 2481/2725/2387 1149/2186/1056
f 1105/2412/1012 1106/2411/1013 2482/2726/2388 2481/2725/2387
f 1149/2186/1056 2481/2725/2387 2480/2724/2386 1148/2188/1055
f 2484/2737/2390 2485/2738/2391 2483/2739/2389 2493/2740/2399
f 2486/2741/2392 2487/2742/2393 2483/2739/2389 2485/2738/2391
f 2488/2743/2394 2489/2744/2395 2483/2739/2389 2487/2742/2393
f 2490/2745/2396 2491/2746/2397 2483/2739/2389 2489/2744/2395
f 2492/2747/2398 2493/2740/2399 2483/2739/2389 2491/2746/2397
f 338/2298/245 1300/2748/1207 2484/2737/2390 975/2299/882
f 1300/2748/1207 1301/2749/1208 2485/2738/2391 2484/2737/2390
f 975/2299/882 2484/2737/2390 2493/2740/2399 974/2300/881
f 391/2198/298 1144/2750/1051 2486/2751/2392 1302/2199/1209
f 1144/2752/1051 1145/2753/1052 2487/2742/2393 2486/2741/2392
f 1302/2754/1209 2486/2741/2392 2485/2738/2391 1301/2749/1208
f 363/2689/270 1134/2687/1041 2488/2743/2394 1146/2755/1053
f 1134/2687/1041 1133/2685/1040 2489/2744/2395 2488/2743/2394
f 1146/2755/1053 2488/2743/2394 2487/2742/2393 1145/2753/1052
f 362/2756/269 1153/2757/1060 2490/2745/2396 1132/2684/1039
f 1153/2757/1060 1154/2758/1061 2491/2746/2397 2490/2745/2396
f 1132/2684/1039 2490/2745/2396 2489/2744/2395 1133/2685/1040
f 357/2303/264 973/2301/880 2492/2747/2398 1155/2759/1062
f 973/2301/880 974/2300/881 2493/2740/2399 2492/2747/2398
f 1155/2759/1062 2492/2747/2398 2491/2746/2397 1154/2758/1061
f 2495/2760/2401 2496/2761/2402 2494/2762/2400 2500/2763/2406
f 2497/2764/2403 2498/2765/2404 2494/2762/2400 2496/2761/2402
f 2499/2766/2405 2500/2763/2406 2494/2762/2400 2498/2765/2404
f 366/2767/273 1129/2768/1036 2495/2760/2401 1164/2769/1071
f 1129/2768/1036 1130/2770/1037 2496/2761/2402 2495/2760/2401
f 1164/2769/1071 2495/2760/2401 2500/2763/2406 1163/2771/1070
f 356/2139/263 931/2636/838 2497/2764/2403 1131/2772/1038
f 931/2636/838 932/2635/839 2498/2765/2404 2497/2764/2403
f 1131/2772/1038 2497/2764/2403 2496/2761/2402 1130/2770/1037
f 332/2632/239 1162/2773/1069 2499/2766/2405 933/2633/840
f 1162/2773/1069 1163/2771/1070 2500/2763/2406 2499/2766/2405
f 933/2633/840 2499/2766/2405 2498/2765/2404 932/2635/839
f 2501/2774/2407 2502/2775/2408 2505/2776/2411 2504/2777/2410
f 2502/2775/2408 2503/2778/2409 2506/2779/2412 2505/2776/2411
f 2504/2777/2410 2505/2776/2411 2508/2780/2414 2507/2781/2413
f 2505/2776/2411 2506/2779/2412 2509/2782/2415 2508/2780/2414
f 367/2783/274 1006/2784/913 2501/2774/2407 1167/2785/1074
f 1006/2786/913 1007/2787/914 2502/2788/2408 2501/2789/2407
f 1007/2787/914 1008/2790/915 2503/2791/2409 2502/2788/2408
f 1008/2792/915 337/2144/244 1093/2143/1000 2503/2778/2409
f 2503/2778/2409 1093/2143/1000 1094/2142/1001 2506/2779/2412
f 2506/2779/2412 1094/2142/1001 1095/2140/1002 2509/2782/2415
f 2509/2782/2415 1095/2140/1002 356/2139/263 1131/2772/1038
f 2508/2780/2414 2509/2782/2415 1131/2772/1038 1130/2770/1037
f 2507/2781/2413 2508/2780/2414 1130/2770/1037 1129/2768/1036
f 1165/2793/1072 2507/2781/2413 1129/2768/1036 366/2767/273
f 1166/2794/1073 2504/2777/2410 2507/2781/2413 1165/2793/1072
f 1167/2785/1074 2501/2774/2407 2504/2777/2410 1166/2794/1073
f 2511/2795/2417 2512/2796/2418 2510/2797/2416 2516/2798/2422
f 2513/2799/2419 2514/2800/2420 2510/2801/2416 2512/2802/2418
f 2515/2803/2421 2516/2804/2422 2510/2801/2416 2514/2800/2420
f 332/1878/239 1030/1877/937 2511/2795/2417 1171/1987/1078
f 1030/1877/937 1031/1876/938 2512/2796/2418 2511/2795/2417
f 1171/1987/1078 2511/2795/2417 2516/2798/2422 1172/1974/1079
f 347/1873/254 1168/2805/1075 2513/2806/2419 1032/1874/939
f 1168/2509/1075 1169/2506/1076 2514/2800/2420 2513/2799/2419
f 1032/1874/939 2513/2806/2419 2512/2796/2418 1031/1876/938
f 368/1970/275 1173/1972/1080 2515/2807/2421 1170/2808/1077
f 1173/1972/1080 1172/1974/1079 2516/2798/2422 2515/2807/2421
f 1170/2504/1077 2515/2803/2421 2514/2800/2420 1169/2506/1076
f 2517/2809/2423 2518/2810/2424 2521/2811/2427 2520/2812/2426
f 2518/2810/2424 2519/2813/2425 2522/2814/2428 2521/2811/2427
f 2520/2812/2426 2521/2811/2427 2524/2815/2430 2523/2816/2429
f 2521/2811/2427 2522/2814/2428 2525/2817/2431 2524/2815/2430
f 369/2818/276 1180/2819/1087 2517/2809/2423 1179/2820/1086
f 1180/2819/1087 1181/2821/1088 2518/2810/2424 2517/2809/2423
f 1181/2821/1088 1182/2822/1089 2519/2813/2425 2518/2810/2424
f 1182/2823/1089 372/2824/279 1188/2825/1095 2519/2826/2425
f 2519/2826/2425 1188/2825/1095 1187/2827/1094 2522/2828/2428
f 2522/2828/2428 1187/2827/1094 1186/2829/1093 2525/2830/2431
f 2525/2831/2431 1186/2832/1093 374/1979/281 1192/1981/1099
f 2524/2833/2430 2525/2831/2431 1192/1981/1099 1193/1978/1100
f 2523/2834/2429 2524/2833/2430 1193/1978/1100 1194/1976/1101
f 1177/2835/1084 2523/2834/2429 1194/1976/1101 371/1975/278
f 1178/2836/1085 2520/2812/2426 2523/2816/2429 1177/2837/1084
f 1179/2820/1086 2517/2809/2423 2520/2812/2426 1178/2836/1085
f 2526/2838/2432 2527/2839/2433 2530/2840/2436 2529/2841/2435
f 2527/2839/2433 2528/2842/2434 2531/2843/2437 2530/2840/2436
f 2529/2841/2435 2530/2840/2436 2533/2844/2439 2532/2845/2438
f 2530/2840/2436 2531/2843/2437 2534/2846/2440 2533/2844/2439
f 370/2847/277 1183/2848/1090 2526/2849/2432 1176/2850/1083
f 1183/2848/1090 1184/2851/1091 2527/2852/2433 2526/2849/2432
f 1184/2851/1091 1185/2853/1092 2528/2854/2434 2527/2852/2433
f 1185/2853/1092 373/2855/280 1191/2856/1098 2528/2854/2434
f 2528/2857/2434 1191/2858/1098 1190/2859/1097 2531/2860/2437
f 2531/2860/2437 1190/2859/1097 1189/2861/1096 2534/2862/2440
f 2534/2862/2440 1189/2861/1096 372/2824/279 1182/2823/1089
f 2533/2844/2439 2534/2846/2440 1182/2822/1089 1181/2821/1088
f 2532/2845/2438 2533/2844/2439 1181/2821/1088 1180/2819/1087
f 1174/2863/1081 2532/2845/2438 1180/2819/1087 369/2818/276
f 1175/2864/1082 2529/2841/2435 2532/2845/2438 1174/2863/1081
f 1176/2865/1083 2526/2838/2432 2529/2841/2435 1175/2864/1082
f 2535/2866/2441 2536/2867/2442 2539/2868/2445 2538/2869/2444
f 2536/2867/2442 2537/2870/2443 2540/2871/2446 2539/2868/2445
f 2538/2869/2444 2539/2868/2445 2542/2872/2448 2541/2873/2447
f 2539/2868/2445 2540/2871/2446 2543/2874/2449 2542/2872/2448
f 366/2767/273 1209/2875/1116 2535/2866/2441 1165/2793/1072
f 1209/2875/1116 1208/2876/1115 2536/2867/2442 2535/2866/2441
f 1208/2876/1115 1207/2877/1114 2537/2870/2443 2536/2867/2442
f 1207/2877/1114 372/2824/279 1189/2861/1096 2537/2870/2443
f 2537/2870/2443 1189/2861/1096 1190/2859/1097 2540/2871/2446
f 2540/2871/2446 1190/2859/1097 1191/2858/1098 2543/2874/2449
f 2543/2874/2449 1191/2858/1098 373/2878/280 1206/2879/1113
f 2542/2872/2448 2543/2874/2449 1206/2879/1113 1205/2880/1112
f 2541/2873/2447 2542/2872/2448 1205/2880/1112 1204/2881/1111
f 1167/2785/1074 2541/2873/2447 1204/2881/1111 367/2783/274
f 1166/2794/1073 2538/2869/2444 2541/2873/2447 1167/2785/1074
f 1165/2793/1072 2535/2866/2441 2538/2869/2444 1166/2794/1073
f 2544/2882/2450 2545/2883/2451 2548/2884/2454 2547/2885/2453
f 2545/2883/2451 2546/2886/2452 2549/2887/2455 2548/2884/2454
f 2547/2885/2453 2548/2884/2454 2551/2888/2457 2550/2889/2456
f 2548/2884/2454 2549/2887/2455 2552/2890/2458 2551/2888/2457
f 367/2891/274 1204/2892/1111 2544/2882/2450 1161/2893/1068
f 1204/2892/1111 1205/2894/1112 2545/2883/2451 2544/2882/2450
f 1205/2894/1112 1206/2895/1113 2546/2886/2452 2545/2883/2451
f 1206/2895/1113 373/2855/280 1185/2853/1092 2546/2886/2452
f 2546/2886/2452 1185/2853/1092 1184/2851/1091 2549/2887/2455
f 2549/2887/2455 1184/2851/1091 1183/2848/1090 2552/2890/2458
f 2552/2890/2458 1183/2848/1090 370/2847/277 1195/2896/1102
f 2551/2888/2457 2552/2890/2458 1195/2896/1102 1196/2897/1103
f 2550/2889/2456 2551/2888/2457 1196/2897/1103 1197/2898/1104
f 1159/2899/1066 2550/2889/2456 1197/2898/1104 355/2900/262
f 1160/2901/1067 2547/2885/2453 2550/2889/2456 1159/2899/1066
f 1161/2893/1068 2544/2882/2450 2547/2885/2453 1160/2901/1067
f 2553/2902/2459 2554/2903/2460 2557/2904/2463 2556/2905/2462
f 2554/2903/2460 2555/2906/2461 2558/2907/2464 2557/2904/2463
f 2556/2905/2462 2557/2904/2463 2560/2908/2466 2559/2909/2465
f 2557/2904/2463 2558/2907/2464 2561/2910/2467 2560/2908/2466
f 361/2662/268 1156/2660/1063 2553/2902/2459 1110/2911/1017
f 1156/2660/1063 1157/2659/1064 2554/2903/2460 2553/2902/2459
f 1157/2659/1064 1158/2658/1065 2555/2906/2461 2554/2903/2460
f 1158/2658/1065 369/2657/276 1179/2912/1086 2555/2906/2461
f 2555/2906/2461 1179/2912/1086 1178/2913/1085 2558/2907/2464
f 2558/2907/2464 1178/2913/1085 1177/2914/1084 2561/2910/2467
f 2561/2915/2467 1177/2835/1084 371/1975/278 1201/1977/1108
f 2560/2916/2466 2561/2915/2467 1201/1977/1108 1202/1973/1109
f 2559/2917/2465 2560/2916/2466 1202/1973/1109 1203/1971/1110
f 1108/2918/1015 2559/2917/2465 1203/1971/1110 368/1970/275
f 1109/2919/1016 2556/2905/2462 2559/2909/2465 1108/2920/1015
f 1110/2911/1017 2553/2902/2459 2556/2905/2462 1109/2919/1016
f 2563/2921/2469 2564/2922/2470 2562/2923/2468 2572/2924/2478
f 2565/2925/2471 2566/2926/2472 2562/2923/2468 2564/2922/2470
f 2567/2927/2473 2568/2928/2474 2562/2923/2468 2566/2926/2472
f 2569/2929/2475 2570/2930/2476 2562/2923/2468 2568/2928/2474
f 2571/2931/2477 2572/2924/2478 2562/2923/2468 2570/2930/2476
f 332/2632/239 1210/2932/1117 2563/2921/2469 1162/2773/1069
f 1210/1988/1117 1211/1986/1118 2564/2933/2470 2563/2934/2469
f 1162/2773/1069 2563/2921/2469 2572/2924/2478 1163/2771/1070
f 375/1983/282 1198/1985/1105 2565/2935/2471 1212/1984/1119
f 1198/1985/1105 1199/1982/1106 2566/2936/2472 2565/2935/2471
f 1212/1984/1119 2565/2935/2471 2564/2933/2470 1211/1986/1118
f 374/1979/281 1186/2832/1093 2567/2937/2473 1200/1980/1107
f 1186/2829/1093 1187/2827/1094 2568/2928/2474 2567/2927/2473
f 1200/1980/1107 2567/2937/2473 2566/2936/2472 1199/1982/1106
f 372/2824/279 1207/2877/1114 2569/2929/2475 1188/2825/1095
f 1207/2877/1114 1208/2876/1115 2570/2930/2476 2569/2929/2475
f 1188/2825/1095 2569/2929/2475 2568/2928/2474 1187/2827/1094
f 366/2767/273 1164/2769/1071 2571/2931/2477 1209/2875/1116
f 1164/2769/1071 1163/2771/1070 2572/2924/2478 2571/2931/2477
f 1209/2875/1116 2571/2931/2477 2570/2930/2476 1208/2876/1115
f 2573/2938/2479 2574/2939/2480 2577/2940/2483 2576/2941/2482
f 2574/2939/2480 2575/2942/2481 2578/2943/2484 2577/2940/2483
f 2576/2941/2482 2577/2940/2483 2580/2944/2486 2579/2945/2485
f 2577/2940/2483 2578/2943/2484 2581/2946/2487 2580/2944/2486
f 377/2947/284 1242/2948/1149 2573/2938/2479 1219/2949/1126
f 1242/2948/1149 1241/2950/1148 2574/2939/2480 2573/2938/2479
f 1241/2950/1148 1240/2951/1147 2575/2942/2481 2574/2939/2480
f 1240/2951/1147 381/2952/288 1231/2953/1138 2575/2942/2481
f 2575/2942/2481 1231/2953/1138 1232/2954/1139 2578/2943/2484
f 2578/2943/2484 1232/2954/1139 1233/2955/1140 2581/2946/2487
f 2581/2946/2487 1233/2955/1140 382/2956/289 1239/2957/1146
f 2580/2944/2486 2581/2946/2487 1239/2957/1146 1238/2958/1145
f 2579/2945/2485 2580/2944/2486 1238/2958/1145 1237/2959/1144
f 1221/2960/1128 2579/2945/2485 1237/2959/1144 378/2961/285
f 1220/2962/1127 2576/2941/2482 2579/2945/2485 1221/2960/1128
f 1219/2949/1126 2573/2938/2479 2576/2941/2482 1220/2962/1127
f 2582/2963/2488 2583/2964/2489 2586/2965/2492 2585/2966/2491
f 2583/2964/2489 2584/2967/2490 2587/2968/2493 2586/2965/2492
f 2585/2966/2491 2586/2965/2492 2589/2969/2495 2588/2970/2494
f 2586/2965/2492 2587/2968/2493 2590/2971/2496 2589/2969/2495
f 381/2952/288 1230/2972/1137 2582/2973/2488 1231/2953/1138
f 1230/2974/1137 1229/2975/1136 2583/2964/2489 2582/2963/2488
f 1229/2975/1136 1228/2976/1135 2584/2967/2490 2583/2964/2489
f 1228/2976/1135 383/2977/290 1267/2978/1174 2584/2967/2490
f 2584/2967/2490 1267/2978/1174 1268/2979/1175 2587/2968/2493
f 2587/2968/2493 1268/2979/1175 1269/2980/1176 2590/2971/2496
f 2590/2981/2496 1269/2982/1176 384/2983/291 1257/2984/1164
f 2589/2985/2495 2590/2981/2496 1257/2984/1164 1256/2986/1163
f 2588/2987/2494 2589/2985/2495 1256/2986/1163 1255/2988/1162
f 1233/2955/1140 2588/2989/2494 1255/2990/1162 382/2956/289
f 1232/2954/1139 2585/2991/2491 2588/2989/2494 1233/2955/1140
f 1231/2953/1138 2582/2973/2488 2585/2991/2491 1232/2954/1139
f 2591/2992/2497 2592/2993/2498 2595/2994/2501 2594/2995/2500
f 2592/2993/2498 2593/2996/2499 2596/2997/2502 2595/2994/2501
f 2594/2995/2500 2595/2994/2501 2598/2998/2504 2597/2999/2503
f 2595/2994/2501 2596/2997/2502 2599/3000/2505 2598/2998/2504
f 376/3001/283 1248/3002/1155 2591/2992/2497 1215/2376/1122
f 1248/3002/1155 1247/3003/1154 2592/2993/2498 2591/2992/2497
f 1247/3003/1154 1246/3004/1153 2593/2996/2499 2592/2993/2498
f 1246/3004/1153 380/3005/287 1227/3006/1134 2593/2996/2499
f 2593/2996/2499 1227/3006/1134 1226/3007/1133 2596/2997/2502
f 2596/2997/2502 1226/3007/1133 1225/3008/1132 2599/3000/2505
f 2599/3000/2505 1225/3008/1132 379/3009/286 1245/3010/1152
f 2598/2998/2504 2599/3000/2505 1245/3010/1152 1244/3011/1151
f 2597/2999/2503 2598/2998/2504 1244/3011/1151 1243/3012/1150
f 1213/3013/1120 2597/2999/2503 1243/3012/1150 354/3014/261
f 1214/2377/1121 2594/2995/2500 2597/2999/2503 1213/3013/1120
f 1215/2376/1122 2591/2992/2497 2594/2995/2500 1214/2377/1121
f 2600/3015/2506 2601/3016/2507 2604/3017/2510 2603/3018/2509
f 2601/3016/2507 2602/3019/2508 2605/3020/2511 2604/3017/2510
f 2603/3018/2509 2604/3017/2510 2607/3021/2513 2606/3022/2512
f 2604/3017/2510 2605/3020/2511 2608/3023/2514 2607/3021/2513
f 378/2961/285 1237/2959/1144 2600/3024/2506 1261/3025/1168
f 1237/2959/1144 1238/2958/1145 2601/3026/2507 2600/3024/2506
f 1238/2958/1145 1239/2957/1146 2602/3027/2508 2601/3026/2507
f 1239/2957/1146 382/2956/289 1255/2990/1162 2602/3027/2508
f 2602/3019/2508 1255/2988/1162 1256/2986/1163 2605/3020/2511
f 2605/3020/2511 1256/2986/1163 1257/2984/1164 2608/3023/2514
f 2608/3023/2514 1257/2984/1164 384/2983/291 1264/3028/1171
f 2607/3021/2513 2608/3023/2514 1264/3028/1171 1265/3029/1172
f 2606/3022/2512 2607/3021/2513 1265/3029/1172 1266/3030/1173
f 1263/3031/1170 2606/3022/2512 1266/3030/1173 386/2239/293
f 1262/3032/1169 2603/3018/2509 2606/3022/2512 1263/3031/1170
f 1261/3033/1168 2600/3015/2506 2603/3018/2509 1262/3032/1169
f 2609/3034/2515 2610/3035/2516 2613/3036/2519 2612/3037/2518
f 2610/3035/2516 2611/3038/2517 2614/3039/2520 2613/3036/2519
f 2612/3037/2518 2613/3036/2519 2616/3040/2522 2615/3041/2521
f 2613/3036/2519 2614/3039/2520 2617/3042/2523 2616/3040/2522
f 354/3014/261 1243/3012/1150 2609/3043/2515 1258/3044/1165
f 1243/3012/1150 1244/3011/1151 2610/3045/2516 2609/3043/2515
f 1244/3011/1151 1245/3010/1152 2611/3046/2517 2610/3045/2516
f 1245/3010/1152 379/3009/286 1252/3047/1159 2611/3046/2517
f 2611/3038/2517 1252/3048/1159 1253/3049/1160 2614/3039/2520
f 2614/3039/2520 1253/3049/1160 1254/3050/1161 2617/3042/2523
f 2617/3042/2523 1254/3050/1161 383/3051/290 1272/3052/1179
f 2616/3040/2522 2617/3042/2523 1272/3052/1179 1271/3053/1178
f 2615/3041/2521 2616/3040/2522 1271/3053/1178 1270/3054/1177
f 1260/2265/1167 2615/3041/2521 1270/3054/1177 385/2262/292
f 1259/3055/1166 2612/3037/2518 2615/3041/2521 1260/2265/1167
f 1258/3056/1165 2609/3034/2515 2612/3037/2518 1259/3055/1166
f 2618/3057/2524 2619/3058/2525 2622/3059/2528 2621/3060/2527
f 2619/3058/2525 2620/3061/2526 2623/3062/2529 2622/3059/2528
f 2621/3060/2527 2622/3059/2528 2625/3063/2531 2624/3064/2530
f 2622/3059/2528 2623/3062/2529 2626/3065/2532 2625/3063/2531
f 328/2028/235 967/2027/874 2618/3057/2524 1251/3066/1158
f 967/2027/874 968/2026/875 2619/3058/2525 2618/3057/2524
f 968/2026/875 969/2024/876 2620/3061/2526 2619/3058/2525
f 969/2024/876 336/2023/243 1005/3067/912 2620/3061/2526
f 2620/3061/2526 1005/3067/912 1004/3068/911 2623/3062/2529
f 2623/3062/2529 1004/3068/911 1003/3069/910 2626/3065/2532
f 2626/3065/2532 1003/3069/910 377/2947/284 1219/2949/1126
f 2625/3063/2531 2626/3065/2532 1219/2949/1126 1220/2962/1127
f 2624/3064/2530 2625/3063/2531 1220/2962/1127 1221/2960/1128
f 1249/3070/1156 2624/3064/2530 1221/2960/1128 378/2961/285
f 1250/3071/1157 2621/3060/2527 2624/3064/2530 1249/3070/1156
f 1251/3066/1158 2618/3057/2524 2621/3060/2527 1250/3071/1157
f 2627/3072/2533 2628/3073/2534 2631/3074/2537 2630/3075/2536
f 2628/3073/2534 2629/3076/2535 2632/3077/2538 2631/3074/2537
f 2630/3075/2536 2631/3074/2537 2634/3078/2540 2633/3079/2539
f 2631/3074/2537 2632/3077/2538 2635/3080/2541 2634/3078/2540
f 384/2983/291 1234/3081/1141 2627/3072/2533 1264/3028/1171
f 1234/3081/1141 1235/3082/1142 2628/3073/2534 2627/3072/2533
f 1235/3082/1142 1236/3083/1143 2629/3076/2535 2628/3073/2534
f 1236/3084/1143 380/3005/287 1246/3004/1153 2629/3085/2535
f 2629/3085/2535 1246/3004/1153 1247/3003/1154 2632/3086/2538
f 2632/3086/2538 1247/3003/1154 1248/3002/1155 2635/3087/2541
f 2635/3080/2541 1248/3088/1155 376/2244/283 1224/2242/1131
f 2634/3078/2540 2635/3080/2541 1224/2242/1131 1223/2241/1130
f 2633/3079/2539 2634/3078/2540 1223/2241/1130 1222/2240/1129
f 1266/3030/1173 2633/3079/2539 1222/2240/1129 386/2239/293
f 1265/3029/1172 2630/3075/2536 2633/3079/2539 1266/3030/1173
f 1264/3028/1171 2627/3072/2533 2630/3075/2536 1265/3029/1172
f 2636/3089/2542 2637/3090/2543 2640/3091/2546 2639/3092/2545
f 2637/3090/2543 2638/3093/2544 2641/3094/2547 2640/3091/2546
f 2639/3092/2545 2640/3091/2546 2643/3095/2549 2642/3096/2548
f 2640/3091/2546 2641/3094/2547 2644/3097/2550 2643/3095/2549
f 383/2977/290 1254/3098/1161 2636/3089/2542 1267/2978/1174
f 1254/3098/1161 1253/3099/1160 2637/3090/2543 2636/3089/2542
f 1253/3099/1160 1252/3100/1159 2638/3093/2544 2637/3090/2543
f 1252/3047/1159 379/3009/286 1225/3008/1132 2638/3101/2544
f 2638/3101/2544 1225/3008/1132 1226/3007/1133 2641/3102/2547
f 2641/3102/2547 1226/3007/1133 1227/3006/1134 2644/3103/2550
f 2644/3103/2550 1227/3006/1134 380/3005/287 1236/3084/1143
f 2643/3104/2549 2644/3105/2550 1236/3083/1143 1235/3082/1142
f 2642/3106/2548 2643/3104/2549 1235/3082/1142 1234/3081/1141
f 1269/2982/1176 2642/3106/2548 1234/3081/1141 384/2983/291
f 1268/2979/1175 2639/3092/2545 2642/3096/2548 1269/2980/1176
f 1267/2978/1174 2636/3089/2542 2639/3092/2545 1268/2979/1175
f 2645/3107/2551 2646/3108/2552 2649/3109/2555 2648/3110/2554
f 2646/3108/2552 2647/3111/2553 2650/3112/2556 2649/3109/2555
f 2648/3110/2554 2649/3109/2555 2652/3113/2558 2651/3114/2557
f 2649/3109/2555 2650/3112/2556 2653/3115/2559 2652/3113/2558
f 383/3051/290 1228/3116/1135 2645/3107/2551 1272/3052/1179
f 1228/3116/1135 1229/3117/1136 2646/3108/2552 2645/3107/2551
f 1229/3117/1136 1230/3118/1137 2647/3111/2553 2646/3108/2552
f 1230/2972/1137 381/2952/288 1240/2951/1147 2647/3119/2553
f 2647/3119/2553 1240/2951/1147 1241/2950/1148 2650/3120/2556
f 2650/3120/2556 1241/2950/1148 1242/2948/1149 2653/3121/2559
f 2653/3121/2559 1242/2948/1149 377/2947/284 1218/3122/1125
f 2652/3113/2558 2653/3115/2559 1218/3123/1125 1217/3124/1124
f 2651/3114/2557 2652/3113/2558 1217/3124/1124 1216/2263/1123
f 1270/3054/1177 2651/3114/2557 1216/2263/1123 385/2262/292
f 1271/3053/1178 2648/3110/2554 2651/3114/2557 1270/3054/1177
f 1272/3052/1179 2645/3107/2551 2648/3110/2554 1271/3053/1178
f 2655/3125/2561 2656/3126/2562 2654/3127/2560 2660/3128/2566
f 2657/3129/2563 2658/3130/2564 2654/3127/2560 2656/3126/2562
f 2659/3131/2565 2660/3128/2566 2654/3127/2560 2658/3130/2564
f 328/2235/235 1251/3132/1158 2655/3125/2561 1275/2236/1182
f 1251/3132/1158 1250/3133/1157 2656/3126/2562 2655/3125/2561
f 1275/2236/1182 2655/3125/2561 2660/3128/2566 1274/2237/1181
f 378/2961/285 1261/3025/1168 2657/3134/2563 1249/3070/1156
f 1261/3033/1168 1262/3032/1169 2658/3130/2564 2657/3129/2563
f 1249/3070/1156 2657/3134/2563 2656/3135/2562 1250/3071/1157
f 386/2239/293 1273/2238/1180 2659/3131/2565 1263/3031/1170
f 1273/2238/1180 1274/2237/1181 2660/3128/2566 2659/3131/2565
f 1263/3031/1170 2659/3131/2565 2658/3130/2564 1262/3032/1169
f 2661/3136/2567 2662/3137/2568 2665/3138/2571 2664/3139/2570
f 2662/3137/2568 2663/3140/2569 2666/3141/2572 2665/3138/2571
f 2664/3139/2570 2665/3138/2571 2668/3142/2574 2667/3143/2573
f 2665/3138/2571 2666/3141/2572 2669/3144/2575 2668/3142/2574
f 388/2168/295 970/2170/877 2661/3145/2567 1284/3146/1191
f 970/2170/877 971/2167/878 2662/3147/2568 2661/3145/2567
f 971/2167/878 972/2166/879 2663/3148/2569 2662/3147/2568
f 972/2166/879 337/2144/244 1008/2792/915 2663/3148/2569
f 2663/3140/2569 1008/2790/915 1007/2787/914 2666/3141/2572
f 2666/3141/2572 1007/2787/914 1006/2786/913 2669/3144/2575
f 2669/3144/2575 1006/2786/913 367/3149/274 1294/3150/1201
f 2668/3142/2574 2669/3144/2575 1294/3150/1201 1295/3151/1202
f 2667/3143/2573 2668/3142/2574 1295/3151/1202 1296/3152/1203
f 1282/3153/1189 2667/3143/2573 1296/3152/1203 389/2273/296
f 1283/3154/1190 2664/3139/2570 2667/3143/2573 1282/3153/1189
f 1284/3155/1191 2661/3136/2567 2664/3139/2570 1283/3154/1190
f 2670/3156/2576 2671/3157/2577 2674/3158/2580 2673/3159/2579
f 2671/3157/2577 2672/3160/2578 2675/3161/2581 2674/3158/2580
f 2673/3159/2579 2674/3158/2580 2677/3162/2583 2676/3163/2582
f 2674/3158/2580 2675/3161/2581 2678/3164/2584 2677/3162/2583
f 387/2277/294 1278/3165/1185 2670/3156/2576 1287/2356/1194
f 1278/3165/1185 1277/3166/1184 2671/3157/2577 2670/3156/2576
f 1277/3166/1184 1276/3167/1183 2672/3160/2578 2671/3157/2577
f 1276/3167/1183 355/2548/262 1056/2547/963 2672/3160/2578
f 2672/3160/2578 1056/2547/963 1055/2546/962 2675/3161/2581
f 2675/3161/2581 1055/2546/962 1054/2545/961 2678/3164/2584
f 2678/3164/2584 1054/2545/961 256/973/163 808/1603/715
f 2677/3162/2583 2678/3164/2584 808/1603/715 809/1602/716
f 2676/3163/2582 2677/3162/2583 809/1602/716 810/1601/717
f 1285/2358/1192 2676/3163/2582 810/1601/717 308/750/215
f 1286/2357/1193 2673/3159/2579 2676/3163/2582 1285/2358/1192
f 1287/2356/1194 2670/3156/2576 2673/3159/2579 1286/2357/1193
f 2679/3168/2585 2680/3169/2586 2683/3170/2589 2682/3171/2588
f 2680/3169/2586 2681/3172/2587 2684/3173/2590 2683/3170/2589
f 2682/3171/2588 2683/3170/2589 2686/3174/2592 2685/3175/2591
f 2683/3170/2589 2684/3173/2590 2687/3176/2593 2686/3174/2592
f 377/2269/284 1003/3177/910 2679/3168/2585 1293/2270/1200
f 1003/3177/910 1004/3178/911 2680/3169/2586 2679/3168/2585
f 1004/3068/911 1005/3067/912 2681/3179/2587 2680/3180/2586
f 1005/3067/912 336/2023/243 1279/2172/1186 2681/3179/2587
f 2681/3179/2587 1279/2172/1186 1280/2171/1187 2684/3181/2590
f 2684/3181/2590 1280/2171/1187 1281/2169/1188 2687/3182/2593
f 2687/3182/2593 1281/2169/1188 388/2168/295 1284/3146/1191
f 2686/3174/2592 2687/3176/2593 1284/3155/1191 1283/3154/1190
f 2685/3175/2591 2686/3174/2592 1283/3154/1190 1282/3153/1189
f 1291/2275/1198 2685/3175/2591 1282/3153/1189 389/2273/296
f 1292/2272/1199 2682/3171/2588 2685/3175/2591 1291/2275/1198
f 1293/2270/1200 2679/3168/2585 2682/3171/2588 1292/2272/1199
f 2688/3183/2594 2689/3184/2595 2692/3185/2598 2691/3186/2597
f 2689/3184/2595 2690/3187/2596 2693/3188/2599 2692/3185/2598
f 2691/3186/2597 2692/3185/2598 2695/3189/2601 2694/3190/2600
f 2692/3185/2598 2693/3188/2599 2696/3191/2602 2695/3189/2601
f 367/3149/274 1161/3192/1068 2688/3183/2594 1294/3150/1201
f 1161/3192/1068 1160/3193/1067 2689/3184/2595 2688/3183/2594
f 1160/3193/1067 1159/3194/1066 2690/3187/2596 2689/3184/2595
f 1159/3194/1066 355/2548/262 1276/3167/1183 2690/3187/2596
f 2690/3187/2596 1276/3167/1183 1277/3166/1184 2693/3188/2599
f 2693/3188/2599 1277/3166/1184 1278/3165/1185 2696/3191/2602
f 2696/3191/2602 1278/3165/1185 387/2277/294 1288/2279/1195
f 2695/3189/2601 2696/3191/2602 1288/2279/1195 1289/2276/1196
f 2694/3190/2600 2695/3189/2601 1289/2276/1196 1290/2274/1197
f 1296/3152/1203 2694/3190/2600 1290/2274/1197 389/2273/296
f 1295/3151/1202 2691/3186/2597 2694/3190/2600 1296/3152/1203
f 1294/3150/1201 2688/3183/2594 2691/3186/2597 1295/3151/1202
f 2697/3195/2603 2698/3196/2604 2701/3197/2607 2700/3198/2606
f 2698/3196/2604 2699/3199/2605 2702/3200/2608 2701/3197/2607
f 2700/3201/2606 2701/3202/2607 2704/3203/2610 2703/3204/2609
f 2701/3197/2607 2702/3200/2608 2705/3205/2611 2704/3206/2610
f 390/2190/297 1299/2736/1206 2697/3195/2603 1303/2191/1210
f 1299/2736/1206 1298/2735/1205 2698/3196/2604 2697/3195/2603
f 1298/2735/1205 1297/2734/1204 2699/3199/2605 2698/3196/2604
f 1297/2734/1204 364/2695/271 1135/2693/1042 2699/3199/2605
f 2699/3199/2605 1135/2693/1042 1136/2692/1043 2702/3200/2608
f 2702/3200/2608 1136/2692/1043 1137/2691/1044 2705/3205/2611
f 2705/3205/2611 1137/2691/1044 363/3207/270 1146/3208/1053
f 2704/3203/2610 2705/3209/2611 1146/3210/1053 1145/3211/1052
f 2703/3204/2609 2704/3203/2610 1145/3211/1052 1144/2750/1051
f 1305/2196/1212 2703/3204/2609 1144/2750/1051 391/2198/298
f 1304/2194/1211 2700/3201/2606 2703/3204/2609 1305/2196/1212
f 1303/2193/1210 2697/3212/2603 2700/3201/2606 1304/2194/1211
f 2706/3213/2612 2707/3214/2613 2710/3215/2616 2709/3216/2615
f 2707/3214/2613 2708/3217/2614 2711/3218/2617 2710/3215/2616
f 2709/3216/2615 2710/3215/2616 2713/3219/2619 2712/3220/2618
f 2710/3215/2616 2711/3218/2617 2714/3221/2620 2713/3219/2619
f 392/2057/299 1329/3222/1236 2706/3213/2612 1314/2058/1221
f 1329/3222/1236 1328/3223/1235 2707/3214/2613 2706/3213/2612
f 1328/3223/1235 1327/3224/1234 2708/3217/2614 2707/3214/2613
f 1327/3224/1234 394/3225/301 1323/3226/1230 2708/3217/2614
f 2708/3217/2614 1323/3226/1230 1322/3227/1229 2711/3218/2617
f 2711/3218/2617 1322/3227/1229 1321/3228/1228 2714/3221/2620
f 2714/3221/2620 1321/3228/1228 395/3229/302 1326/3230/1233
f 2713/3219/2619 2714/3221/2620 1326/3230/1233 1325/3231/1232
f 2712/3220/2618 2713/3219/2619 1325/3231/1232 1324/3232/1231
f 1312/2064/1219 2712/3220/2618 1324/3232/1231 393/2062/300
f 1313/2060/1220 2709/3216/2615 2712/3220/2618 1312/2064/1219
f 1314/2058/1221 2706/3213/2612 2709/3216/2615 1313/2060/1220
f 2715/3233/2621 2716/3234/2622 2719/3235/2625 2718/3236/2624
f 2716/3234/2622 2717/3237/2623 2720/3238/2626 2719/3235/2625
f 2718/3236/2624 2719/3235/2625 2722/3239/2628 2721/3240/2627
f 2719/3235/2625 2720/3238/2626 2723/3241/2629 2722/3239/2628
f 394/3225/301 1344/3242/1251 2715/3233/2621 1323/3226/1230
f 1344/3242/1251 1343/3243/1250 2716/3234/2622 2715/3233/2621
f 1343/3243/1250 1342/3244/1249 2717/3237/2623 2716/3234/2622
f 1342/3244/1249 396/3245/303 1338/3246/1245 2717/3237/2623
f 2717/3237/2623 1338/3246/1245 1337/3247/1244 2720/3238/2626
f 2720/3238/2626 1337/3247/1244 1336/3248/1243 2723/3241/2629
f 2723/3241/2629 1336/3248/1243 397/3249/304 1341/3250/1248
f 2722/3239/2628 2723/3241/2629 1341/3250/1248 1340/3251/1247
f 2721/3240/2627 2722/3239/2628 1340/3251/1247 1339/3252/1246
f 1321/3228/1228 2721/3240/2627 1339/3252/1246 395/3229/302
f 1322/3227/1229 2718/3236/2624 2721/3240/2627 1321/3228/1228
f 1323/3226/1230 2715/3233/2621 2718/3236/2624 1322/3227/1229
f 2724/3253/2630 2725/3254/2631 2728/3255/2634 2727/3256/2633
f 2725/3254/2631 2726/3257/2632 2729/3258/2635 2728/3255/2634
f 2727/3256/2633 2728/3255/2634 2731/3259/2637 2730/3260/2636
f 2728/3255/2634 2729/3258/2635 2732/3261/2638 2731/3259/2637
f 249/476/156 408/1699/315 2724/3253/2630 951/2090/858
f 408/1699/315 407/1711/314 2725/3254/2631 2724/3253/2630
f 407/1711/314 406/1709/313 2726/3257/2632 2725/3254/2631
f 406/1709/313 317/1710/224 1317/3262/1224 2726/3257/2632
f 2726/3257/2632 1317/3262/1224 1316/3263/1223 2729/3258/2635
f 2729/3258/2635 1316/3263/1223 1315/3264/1222 2732/3261/2638
f 2732/3261/2638 1315/3264/1222 394/3265/301 1327/3266/1234
f 2731/3259/2637 2732/3261/2638 1327/3266/1234 1328/3267/1235
f 2730/3260/2636 2731/3259/2637 1328/3267/1235 1329/3268/1236
f 949/2094/856 2730/3260/2636 1329/3268/1236 392/2092/299
f 950/2091/857 2727/3256/2633 2730/3260/2636 949/2094/856
f 951/2090/858 2724/3253/2630 2727/3256/2633 950/2091/857
f 2733/3269/2639 2734/3270/2640 2737/3271/2643 2736/3272/2642
f 2734/3270/2640 2735/3273/2641 2738/3274/2644 2737/3271/2643
f 2736/3272/2642 2737/3271/2643 2740/3275/2646 2739/3276/2645
f 2737/3271/2643 2738/3274/2644 2741/3277/2647 2740/3275/2646
f 393/2062/300 1324/3232/1231 2733/3278/2639 1311/2063/1218
f 1324/3232/1231 1325/3231/1232 2734/3279/2640 2733/3278/2639
f 1325/3231/1232 1326/3230/1233 2735/3280/2641 2734/3279/2640
f 1326/3230/1233 395/3229/302 1320/3281/1227 2735/3280/2641
f 2735/3273/2641 1320/3282/1227 1319/3283/1226 2738/3274/2644
f 2738/3274/2644 1319/3283/1226 1318/3284/1225 2741/3277/2647
f 2741/3277/2647 1318/3284/1225 316/1725/223 870/1724/777
f 2740/3275/2646 2741/3277/2647 870/1724/777 869/1723/776
f 2739/3276/2645 2740/3275/2646 869/1723/776 868/1722/775
f 1309/2066/1216 2739/3276/2645 868/1722/775 313/439/220
f 1310/2067/1217 2736/3272/2642 2739/3276/2645 1309/2066/1216
f 1311/3285/1218 2733/3269/2639 2736/3272/2642 1310/2067/1217
f 2742/3286/2648 2743/3287/2649 2746/3288/2652 2745/3289/2651
f 2743/3287/2649 2744/3290/2650 2747/3291/2653 2746/3288/2652
f 2745/3289/2651 2746/3288/2652 2749/3292/2655 2748/3293/2654
f 2746/3288/2652 2747/3291/2653 2750/3294/2656 2749/3292/2655
f 396/3245/303 1359/3295/1266 2742/3286/2648 1338/3246/1245
f 1359/3295/1266 1358/3296/1265 2743/3287/2649 2742/3286/2648
f 1358/3296/1265 1357/3297/1264 2744/3290/2650 2743/3287/2649
f 1357/3297/1264 398/3298/305 1353/3299/1260 2744/3290/2650
f 2744/3290/2650 1353/3299/1260 1352/3300/1259 2747/3291/2653
f 2747/3291/2653 1352/3300/1259 1351/3301/1258 2750/3294/2656
f 2750/3294/2656 1351/3301/1258 399/3302/306 1356/3303/1263
f 2749/3292/2655 2750/3294/2656 1356/3303/1263 1355/3304/1262
f 2748/3293/2654 2749/3292/2655 1355/3304/1262 1354/3305/1261
f 1336/3248/1243 2748/3293/2654 1354/3305/1261 397/3249/304
f 1337/3247/1244 2745/3289/2651 2748/3293/2654 1336/3248/1243
f 1338/3246/1245 2742/3286/2648 2745/3289/2651 1337/3247/1244
f 2751/3306/2657 2752/3307/2658 2755/3308/2661 2754/3309/2660
f 2752/3307/2658 2753/3310/2659 2756/3311/2662 2755/3308/2661
f 2754/3309/2660 2755/3308/2661 2758/3312/2664 2757/3313/2663
f 2755/3308/2661 2756/3311/2662 2759/3314/2665 2758/3312/2664
f 317/1710/224 888/1761/795 2751/3306/2657 1317/3262/1224
f 888/1761/795 887/1771/794 2752/3307/2658 2751/3306/2657
f 887/1771/794 886/1769/793 2753/3310/2659 2752/3307/2658
f 886/1769/793 321/1770/228 1332/3315/1239 2753/3310/2659
f 2753/3310/2659 1332/3315/1239 1331/3316/1238 2756/3311/2662
f 2756/3311/2662 1331/3316/1238 1330/3317/1237 2759/3314/2665
f 2759/3314/2665 1330/3317/1237 396/3318/303 1342/3319/1249
f 2758/3312/2664 2759/3314/2665 1342/3319/1249 1343/3320/1250
f 2757/3313/2663 2758/3312/2664 1343/3320/1250 1344/3321/1251
f 1315/3264/1222 2757/3313/2663 1344/3321/1251 394/3265/301
f 1316/3263/1223 2754/3309/2660 2757/3313/2663 1315/3264/1222
f 1317/3262/1224 2751/3306/2657 2754/3309/2660 1316/3263/1223
f 2760/3322/2666 2761/3323/2667 2764/3324/2670 2763/3325/2669
f 2761/3323/2667 2762/3326/2668 2765/3327/2671 2764/3324/2670
f 2763/3325/2669 2764/3324/2670 2767/3328/2673 2766/3329/2672
f 2764/3324/2670 2765/3327/2671 2768/3330/2674 2767/3328/2673
f 395/3229/302 1339/3252/1246 2760/3331/2666 1320/3281/1227
f 1339/3252/1246 1340/3251/1247 2761/3332/2667 2760/3331/2666
f 1340/3251/1247 1341/3250/1248 2762/3333/2668 2761/3332/2667
f 1341/3250/1248 397/3249/304 1335/3334/1242 2762/3333/2668
f 2762/3326/2668 1335/3335/1242 1334/3336/1241 2765/3327/2671
f 2765/3327/2671 1334/3336/1241 1333/3337/1240 2768/3330/2674
f 2768/3330/2674 1333/3337/1240 320/1789/227 891/1788/798
f 2767/3328/2673 2768/3330/2674 891/1788/798 890/1787/797
f 2766/3329/2672 2767/3328/2673 890/1787/797 889/1786/796
f 1318/3338/1225 2766/3329/2672 889/1786/796 316/1785/223
f 1319/3339/1226 2763/3325/2669 2766/3329/2672 1318/3338/1225
f 1320/3281/1227 2760/3331/2666 2763/3340/2669 1319/3341/1226
f 2769/3342/2675 2770/3343/2676 2773/3344/2679 2772/3345/2678
f 2770/3346/2676 2771/3347/2677 2774/3348/2680 2773/3349/2679
f 2772/3350/2678 2773/3349/2679 2776/3351/2682 2775/3352/2681
f 2773/3349/2679 2774/3348/2680 2777/3353/2683 2776/3351/2682
f 398/3298/305 1345/3354/1252 2769/3342/2675 1353/3299/1260
f 1345/3355/1252 1346/3356/1253 2770/3357/2676 2769/3358/2675
f 1346/3356/1253 1347/3359/1254 2771/3360/2677 2770/3357/2676
f 1347/3359/1254 325/1822/232 852/1821/759 2771/3360/2677
f 2771/3347/2677 852/1818/759 851/1817/758 2774/3348/2680
f 2774/3348/2680 851/1817/758 850/1816/757 2777/3353/2683
f 2777/3353/2683 850/1816/757 324/1815/231 1348/3361/1255
f 2776/3351/2682 2777/3353/2683 1348/3361/1255 1349/3362/1256
f 2775/3352/2681 2776/3351/2682 1349/3362/1256 1350/3363/1257
f 1351/3301/1258 2775/3364/2681 1350/3365/1257 399/3302/306
f 1352/3300/1259 2772/3345/2678 2775/3364/2681 1351/3301/1258
f 1353/3299/1260 2769/3342/2675 2772/3345/2678 1352/3300/1259
f 2778/3366/2684 2779/3367/2685 2782/3368/2688 2781/3369/2687
f 2779/3367/2685 2780/3370/2686 2783/3371/2689 2782/3368/2688
f 2781/3369/2687 2782/3368/2688 2785/3372/2691 2784/3373/2690
f 2782/3368/2688 2783/3371/2689 2786/3374/2692 2785/3372/2691
f 321/1770/228 909/1836/816 2778/3366/2684 1332/3315/1239
f 909/1836/816 908/1843/815 2779/3367/2685 2778/3366/2684
f 908/1843/815 907/1842/814 2780/3370/2686 2779/3367/2685
f 907/1842/814 325/1822/232 1347/3359/1254 2780/3370/2686
f 2780/3370/2686 1347/3359/1254 1346/3356/1253 2783/3371/2689
f 2783/3371/2689 1346/3356/1253 1345/3355/1252 2786/3374/2692
f 2786/3374/2692 1345/3355/1252 398/3375/305 1357/3376/1264
f 2785/3372/2691 2786/3374/2692 1357/3376/1264 1358/3377/1265
f 2784/3373/2690 2785/3372/2691 1358/3377/1265 1359/3378/1266
f 1330/3317/1237 2784/3373/2690 1359/3378/1266 396/3318/303
f 1331/3316/1238 2781/3369/2687 2784/3373/2690 1330/3317/1237
f 1332/3315/1239 2778/3366/2684 2781/3369/2687 1331/3316/1238
f 2787/3379/2693 2788/3380/2694 2791/3381/2697 2790/3382/2696
f 2788/3380/2694 2789/3383/2695 2792/3384/2698 2791/3381/2697
f 2790/3382/2696 2791/3381/2697 2794/3385/2700 2793/3386/2699
f 2791/3381/2697 2792/3384/2698 2795/3387/2701 2794/3385/2700
f 397/3388/304 1354/3389/1261 2787/3379/2693 1335/3335/1242
f 1354/3389/1261 1355/3390/1262 2788/3380/2694 2787/3379/2693
f 1355/3304/1262 1356/3303/1263 2789/3391/2695 2788/3392/2694
f 1356/3303/1263 399/3302/306 1350/3365/1257 2789/3391/2695
f 2789/3383/2695 1350/3393/1257 1349/3394/1256 2792/3384/2698
f 2792/3384/2698 1349/3394/1256 1348/3395/1255 2795/3387/2701
f 2795/3387/2701 1348/3395/1255 324/1857/231 912/1856/819
f 2794/3385/2700 2795/3387/2701 912/1856/819 911/1855/818
f 2793/3386/2699 2794/3385/2700 911/1855/818 910/1854/817
f 1333/3337/1240 2793/3386/2699 910/1854/817 320/1789/227
f 1334/3336/1241 2790/3382/2696 2793/3386/2699 1333/3337/1240
f 1335/3335/1242 2787/3379/2693 2790/3382/2696 1334/3336/1241
